type,latitude,longitude,altitude (m),vmg (km/h),course,slope (%),distance (km),distance_interval (m),eos,name,desc
T,37.089823000,-88.596642000,101.7,,,,0.000,,,1AL: Paducah Loop,
T,37.089758000,-88.596802000,101.9,,243.0,1.3,0.016,15.95,,,
T,37.089251000,-88.598064000,103.2,,243.3,1.0,0.141,125.52,,,
T,37.088717000,-88.599375000,103.4,,243.0,0.2,0.272,130.76,1,,
T,37.088717000,-88.599375000,103.4,,243.0,,0.272,0.00,,,
T,37.087784000,-88.598784000,103.6,,153.2,0.2,0.388,116.11,,,
T,37.087713000,-88.598739000,103.6,,153.2,0.0,0.397,8.84,,,
T,37.087645000,-88.598696000,103.6,,153.2,0.0,0.406,8.46,,,
T,37.087438000,-88.598564000,103.6,,153.0,0.0,0.431,25.80,,,
T,37.086693000,-88.598092000,103.6,,153.2,0.0,0.524,92.72,,,
T,37.086216000,-88.597791000,103.5,,153.3,-0.2,0.583,59.32,,,
T,37.085685000,-88.597455000,103.3,,153.2,-0.2,0.650,66.07,,,
T,37.084680000,-88.596791000,103.5,,152.2,0.1,0.776,126.20,,,
T,37.083699000,-88.596157000,103.5,,152.7,0.0,0.898,122.60,,,
T,37.083485000,-88.596021000,103.6,,153.1,0.5,0.925,26.65,,,
T,37.082458000,-88.595372000,103.6,,153.2,0.0,1.053,127.75,,,
T,37.082341000,-88.595241000,103.6,,138.2,0.0,1.070,17.44,,,
T,37.082158000,-88.594993000,103.6,,132.8,0.0,1.100,29.98,,,
T,37.082000000,-88.594693000,103.6,,123.4,0.0,1.132,31.92,,,
T,37.081643000,-88.593929000,103.5,,120.4,-0.1,1.211,78.64,,,
T,37.081404000,-88.593432000,103.6,,121.1,0.1,1.262,51.54,,,
T,37.081213000,-88.593165000,103.6,,131.9,-0.0,1.294,31.83,,,
T,37.080985000,-88.592936000,103.3,,141.3,-0.8,1.327,32.48,,,
T,37.080818000,-88.592809000,103.2,,148.8,-0.3,1.348,21.70,,,
T,37.080623000,-88.592607000,103.3,,140.4,0.2,1.376,28.12,,,
T,37.079797000,-88.592136000,102.7,,155.5,-0.6,1.477,100.78,,,
T,37.077761000,-88.590859000,103.5,,153.4,0.3,1.730,252.88,,,
T,37.077092000,-88.590439000,103.7,,153.4,0.3,1.813,83.11,1,,
T,37.077092000,-88.590439000,103.7,,153.4,,1.813,0.00,,,
T,37.075368000,-88.589356000,103.5,,153.4,-0.1,2.027,214.20,,,
T,37.072578000,-88.587604000,103.6,,153.4,0.0,2.374,346.62,,,
T,37.071679000,-88.587033000,105.4,,153.1,1.6,2.486,111.95,,,
T,37.071162000,-88.586703000,106.0,,153.0,1.0,2.550,64.45,,,
T,37.070532000,-88.586284000,103.7,,152.0,-3.0,2.630,79.23,,,
T,37.070216000,-88.586026000,93.4,,146.9,-24.5,2.672,41.91,,,
T,37.069940000,-88.585716000,101.9,,138.1,20.5,2.713,41.21,,,
T,37.069658000,-88.585318000,102.3,,131.6,0.9,2.760,47.25,,,
T,37.069078000,-88.584250000,104.7,,124.2,2.1,2.875,114.73,,,
T,37.068395000,-88.583001000,103.7,,124.4,-0.8,3.009,134.47,,,
T,37.068173000,-88.582717000,103.7,,134.4,0.0,3.044,35.28,,,
T,37.068050000,-88.582560000,103.7,,134.5,0.2,3.064,19.53,,,
T,37.067596000,-88.582205000,102.6,,148.0,-1.9,3.123,59.46,,,
T,37.067548000,-88.582178000,102.2,,155.8,-7.5,3.129,5.84,,,
T,37.067354000,-88.582076000,100.3,,157.2,-8.1,3.153,23.36,,,
T,37.065914000,-88.581373000,100.7,,158.7,0.3,3.324,171.60,,,
T,37.065600000,-88.581210000,98.7,,157.5,-5.5,3.362,37.74,,,
T,37.064596000,-88.580736000,98.6,,159.4,-0.1,3.481,119.13,,,
T,37.064353000,-88.580600000,100.5,,155.9,6.4,3.511,29.56,,,
T,37.064205000,-88.580501000,100.9,,151.9,2.2,3.529,18.64,,,
T,37.064061000,-88.580389000,101.2,,148.2,1.4,3.548,18.83,,,
T,37.063859000,-88.580200000,101.2,,143.3,0.1,3.576,28.02,,,
T,37.063734000,-88.580063000,101.1,,138.8,-0.5,3.595,18.46,,,
T,37.063619000,-88.579919000,101.0,,135.0,-0.4,3.613,18.08,,,
T,37.063509000,-88.579764000,101.1,,131.6,0.7,3.631,18.41,,,
T,37.063408000,-88.579601000,101.3,,127.8,1.0,3.649,18.32,,,
T,37.063179000,-88.579171000,102.2,,123.7,1.9,3.695,45.92,,,
T,37.063115000,-88.579043000,102.5,,122.1,2.4,3.709,13.42,,,
T,37.061693000,-88.576229000,103.0,,122.3,0.2,4.005,295.87,,,
T,37.061213000,-88.575279000,101.6,,122.3,-1.4,4.105,99.88,,,
T,37.060686000,-88.574230000,103.6,,122.2,1.8,4.215,110.11,,,
T,37.059517000,-88.571921000,104.6,,122.4,0.4,4.458,242.91,,,
T,37.059032000,-88.570963000,105.5,,122.4,0.9,4.558,100.78,,,
T,37.058649000,-88.570212000,105.7,,122.6,0.3,4.638,79.17,,,
T,37.058441000,-88.569850000,105.8,,125.8,0.1,4.677,39.62,,,
T,37.058215000,-88.569503000,105.8,,129.2,0.1,4.717,39.77,,,
T,37.058096000,-88.569338000,105.8,,132.1,-0.1,4.737,19.74,,,
T,37.057909000,-88.569103000,105.8,,134.9,0.0,4.766,29.45,,,
T,37.056988000,-88.568053000,105.9,,137.7,0.1,4.905,138.45,,,
T,37.055440000,-88.566289000,105.2,,137.7,-0.3,5.137,232.66,,,
T,37.054886000,-88.565670000,104.6,,138.3,-0.8,5.220,82.53,,,
T,37.054694000,-88.565484000,104.1,,142.3,-1.7,5.247,26.98,,,
T,37.054621000,-88.565420000,104.0,,145.0,-1.1,5.257,9.90,,,
T,37.054563000,-88.565370000,103.9,,145.5,-2.3,5.264,7.82,,,
T,37.054238000,-88.565126000,100.9,,149.1,-7.0,5.307,42.09,,,
T,37.054085000,-88.565029000,101.6,,153.2,3.7,5.326,19.05,,,
T,37.053874000,-88.564912000,103.6,,156.1,7.8,5.351,25.62,,,
T,37.053593000,-88.564782000,104.1,,159.7,1.5,5.384,33.26,,,
T,37.053463000,-88.564734000,104.2,,163.6,0.6,5.400,15.05,,,
T,37.053382000,-88.564704000,104.2,,163.5,0.2,5.409,9.38,,,
T,37.053173000,-88.564643000,104.3,,166.9,0.2,5.433,23.82,,,
T,37.052959000,-88.564596000,104.2,,170.1,-0.2,5.457,24.11,,,
T,37.052669000,-88.564555000,104.2,,173.6,-0.1,5.489,32.39,,,
T,37.052521000,-88.564545000,104.2,,176.9,-0.0,5.506,16.45,,,
T,37.052221000,-88.564548000,104.2,,180.5,0.0,5.539,33.29,,,
T,37.051781000,-88.564602000,104.2,,185.6,0.1,5.588,49.07,,,
T,37.051177000,-88.564700000,104.7,,187.4,0.7,5.656,67.60,,,
T,37.050223000,-88.564855000,104.7,,187.4,0.0,5.762,106.77,,,
T,37.049998000,-88.564909000,104.8,,190.8,0.2,5.788,25.43,,,
T,37.049839000,-88.564967000,104.7,,196.2,-0.2,5.806,18.38,,,
T,37.049414000,-88.565193000,104.4,,203.0,-0.7,5.857,51.27,,,
T,37.049283000,-88.565263000,104.2,,203.1,-1.2,5.873,15.82,,,
T,37.049174000,-88.565410000,104.0,,227.1,-0.7,5.891,17.81,,,
T,37.049093000,-88.565261000,104.2,,124.3,0.9,5.907,16.02,,,
T,37.049045000,-88.565180000,104.2,,126.6,0.1,5.916,8.96,,,
T,37.048667000,-88.564451000,104.9,,123.0,0.9,5.993,77.23,,,
T,37.048413000,-88.563843000,105.4,,117.6,0.8,6.054,60.99,,,
T,37.048303000,-88.563558000,105.6,,115.8,0.8,6.082,28.14,,,
T,37.047911000,-88.562281000,106.2,,111.0,0.5,6.204,121.64,,,
T,37.047524000,-88.560590000,105.9,,106.0,-0.2,6.361,156.44,,,
T,37.047417000,-88.560136000,105.7,,106.5,-0.5,6.403,42.10,,,
T,37.047296000,-88.559617000,105.2,,106.3,-1.0,6.451,48.08,,,
T,37.047002000,-88.558346000,104.7,,106.2,-0.5,6.568,117.68,,,
T,37.046695000,-88.557014000,104.4,,106.1,-0.2,6.692,123.29,,,
T,37.045990000,-88.553978000,104.2,,106.2,-0.1,6.973,281.18,,,
T,37.045605000,-88.552368000,104.1,,106.7,-0.0,7.122,149.46,,,
T,37.045423000,-88.551609000,104.8,,106.7,1.0,7.193,70.48,,,
T,37.045125000,-88.550727000,105.4,,112.9,0.7,7.278,85.15,,,
T,37.044784000,-88.549936000,106.1,,118.4,0.9,7.358,79.90,,,
T,37.043773000,-88.548177000,103.5,,125.8,-1.4,7.550,192.55,,,
T,37.042919000,-88.546885000,106.6,,129.6,2.1,7.699,148.97,,,
T,37.038020000,-88.539400000,105.3,,129.3,-0.1,8.559,859.66,,,
T,37.037676000,-88.538866000,104.7,,128.9,-1.1,8.620,60.95,,,
T,37.037269000,-88.538240000,103.8,,129.2,-1.2,8.692,71.71,,,
T,37.036583000,-88.537209000,108.0,,129.8,3.5,8.811,119.20,,,
T,37.036432000,-88.537007000,108.8,,133.1,3.5,8.835,24.57,,,
T,37.036253000,-88.536799000,110.6,,137.2,6.7,8.863,27.15,,,
T,37.036084000,-88.536609000,112.1,,138.1,5.6,8.888,25.25,,,
T,37.035921000,-88.536442000,113.3,,140.7,5.2,8.911,23.41,,,
T,37.035687000,-88.536217000,114.4,,142.5,3.5,8.944,32.79,,,
T,37.035492000,-88.536039000,113.6,,143.9,-3.0,8.971,26.82,,,
T,37.035250000,-88.535858000,112.3,,149.2,-4.3,9.002,31.31,,,
T,37.035035000,-88.535718000,112.5,,152.5,0.6,9.029,26.92,,,
T,37.034855000,-88.535616000,115.1,,155.7,12.1,9.051,21.94,,,
T,37.034608000,-88.535498000,118.0,,159.1,10.0,9.080,29.35,,,
T,37.034239000,-88.535355000,119.4,,162.8,3.2,9.123,42.88,,,
T,37.033335000,-88.535020000,118.5,,163.5,-0.9,9.228,104.66,,,
T,37.032919000,-88.534864000,117.7,,163.3,-1.6,9.276,48.21,,,
T,37.032660000,-88.534782000,117.6,,165.8,-0.5,9.306,29.65,,,
T,37.032218000,-88.534607000,118.1,,162.5,1.1,9.357,51.46,,,
T,37.031134000,-88.534215000,119.6,,163.9,1.1,9.483,125.25,,,
T,37.029448000,-88.533592000,116.6,,163.6,-1.5,9.678,195.15,,,
T,37.028514000,-88.533242000,119.3,,163.3,2.5,9.786,108.23,,,
T,37.027882000,-88.533015000,121.1,,164.0,2.5,9.859,72.99,,,
T,37.027771000,-88.532973000,121.2,,163.2,0.6,9.872,12.87,,,
T,37.028098000,-88.531991000,120.7,,67.4,-0.5,9.966,94.61,,,
T,37.028180000,-88.531780000,120.6,,64.0,-0.4,9.987,20.86,,,
T,37.028345000,-88.531482000,120.4,,55.3,-0.7,10.019,32.22,,,
T,37.029365000,-88.529544000,116.7,,56.6,-1.8,10.226,206.27,,,
T,37.029579000,-88.529162000,115.2,,54.9,-3.5,10.267,41.46,,,
T,37.030530000,-88.527823000,109.4,,48.3,-3.7,10.426,159.16,,,
T,37.033171000,-88.524925000,97.9,,41.2,-2.9,10.817,390.37,1,,
T,37.033171000,-88.524925000,97.9,,41.2,,10.817,0.00,,,
T,37.038161000,-88.519451000,107.3,,41.2,1.3,11.554,737.47,,,
T,37.039215000,-88.518248000,107.3,,42.3,-0.0,11.713,158.55,,,
T,37.040760000,-88.516523000,105.7,,41.7,-0.7,11.943,230.11,,,
T,37.041696000,-88.515453000,105.1,,42.4,-0.4,12.084,140.90,,,
T,37.041993000,-88.515055000,104.8,,46.9,-0.5,12.132,48.37,,,
T,37.042183000,-88.514758000,104.6,,51.3,-0.6,12.166,33.80,,,
T,37.042392000,-88.514383000,104.4,,55.1,-0.6,12.207,40.63,,,
T,37.042682000,-88.513762000,104.2,,59.7,-0.3,12.271,63.94,,,
T,37.042852000,-88.513878000,105.0,,331.4,3.9,12.292,21.50,,,
T,37.045408000,-88.515506000,105.9,,333.1,0.3,12.610,318.49,,,
T,37.045515000,-88.515264000,105.8,,61.0,-0.2,12.635,24.59,,,
T,37.045590000,-88.515081000,105.8,,62.8,0.0,12.653,18.28,,,
T,37.045662000,-88.514896000,105.8,,64.0,0.0,12.672,18.29,,,
T,37.045732000,-88.514708000,105.9,,65.0,0.3,12.690,18.44,,,
T,37.045799000,-88.514518000,106.0,,66.2,0.5,12.709,18.47,,,
T,37.045863000,-88.514326000,106.0,,67.3,0.4,12.727,18.50,,,
T,37.045923000,-88.514133000,106.0,,68.7,0.0,12.745,18.41,,,
T,37.045979000,-88.513938000,106.0,,70.2,-0.0,12.764,18.43,,,
T,37.046032000,-88.513743000,106.1,,71.2,0.2,12.782,18.32,,,
T,37.046082000,-88.513545000,106.1,,72.4,0.3,12.801,18.47,,,
T,37.046129000,-88.513344000,106.3,,73.7,1.0,12.819,18.63,,,
T,37.046173000,-88.513140000,106.5,,74.9,1.2,12.838,18.79,,,
T,37.046214000,-88.512936000,106.7,,75.9,1.1,12.857,18.71,,,
T,37.046238000,-88.512804000,106.9,,77.2,1.3,12.869,12.04,,,
T,37.046252000,-88.512727000,107.0,,77.2,1.4,12.876,7.02,,,
T,37.046286000,-88.512514000,107.2,,78.7,1.0,12.895,19.32,,,
T,37.046317000,-88.512298000,107.1,,79.8,-0.5,12.915,19.52,,,
T,37.046343000,-88.512080000,106.5,,81.5,-2.9,12.934,19.61,,,
T,37.046365000,-88.511860000,105.8,,82.9,-3.6,12.954,19.72,,,
T,37.046384000,-88.511632000,105.2,,84.0,-2.6,12.974,20.39,,,
T,37.046396000,-88.511413000,104.9,,86.1,-1.7,12.994,19.53,,,
T,37.046414000,-88.510968000,104.5,,87.1,-1.0,13.034,39.64,,,
T,37.046419000,-88.510734000,104.2,,88.5,-1.7,13.054,20.82,,,
T,37.046418000,-88.510485000,103.6,,90.3,-2.4,13.077,22.15,,,
T,37.046413000,-88.510308000,103.2,,92.0,-2.8,13.092,15.76,,,
T,37.046406000,-88.510082000,102.6,,92.2,-2.7,13.112,20.12,,,
T,37.046379000,-88.509644000,102.2,,94.4,-1.2,13.152,39.08,,,
T,37.046359000,-88.509360000,103.5,,95.0,5.0,13.177,25.36,,,
T,37.046346000,-88.509213000,104.0,,96.3,4.4,13.190,13.16,,,
T,37.046328000,-88.508979000,104.5,,95.5,2.2,13.211,20.91,,,
T,37.046315000,-88.508791000,104.7,,95.0,1.3,13.228,16.79,,,
T,37.046296000,-88.508545000,104.8,,95.5,0.6,13.250,21.98,,,
T,37.046243000,-88.507855000,105.2,,95.5,0.5,13.311,61.66,,,
T,37.046170000,-88.506925000,105.7,,95.6,0.6,13.395,83.13,,,
T,37.046124000,-88.506291000,105.3,,95.2,-0.7,13.451,56.63,,,
T,37.046107000,-88.506078000,105.2,,95.7,-0.4,13.470,19.04,,,
T,37.046076000,-88.505648000,105.1,,95.2,-0.3,13.509,38.41,,,
T,37.046009000,-88.504788000,104.9,,95.6,-0.2,13.585,76.86,,,
T,37.045980000,-88.504357000,105.1,,94.8,0.4,13.624,38.48,,,
T,37.045959000,-88.503928000,105.1,,93.5,-0.0,13.662,38.23,,,
T,37.045952000,-88.503714000,105.0,,92.3,-0.4,13.681,19.05,,,
T,37.045950000,-88.503499000,104.9,,90.7,-0.4,13.700,19.13,,,
T,37.045950000,-88.503286000,104.9,,90.0,0.0,13.719,18.95,,,
T,37.045956000,-88.502861000,105.0,,89.0,0.3,13.757,37.81,,,
T,37.045974000,-88.502436000,105.0,,87.0,-0.1,13.795,37.86,,,
T,37.045987000,-88.502226000,105.0,,85.6,0.2,13.814,18.74,,,
T,37.046002000,-88.502018000,105.1,,84.8,0.2,13.832,18.58,,,
T,37.046021000,-88.501812000,105.0,,83.4,-0.1,13.851,18.45,,,
T,37.046050000,-88.501545000,105.1,,82.3,0.2,13.875,23.97,,,
T,37.046066000,-88.501397000,105.1,,82.3,0.1,13.888,13.28,,,
T,37.046092000,-88.501186000,105.1,,81.2,-0.2,13.907,18.99,,,
T,37.046121000,-88.500976000,104.9,,80.2,-0.7,13.926,18.96,,,
T,37.046159000,-88.500730000,104.6,,79.0,-1.4,13.948,22.29,,,
T,37.046187000,-88.500559000,104.5,,78.4,-0.8,13.964,15.53,,,
T,37.046224000,-88.500349000,104.4,,77.6,-0.7,13.983,19.13,,,
T,37.046265000,-88.500138000,104.2,,76.3,-1.0,14.002,19.31,,,
T,37.046309000,-88.499927000,104.0,,75.4,-1.0,14.022,19.39,,,
T,37.046356000,-88.499717000,103.8,,74.3,-1.0,14.041,19.40,,,
T,37.046406000,-88.499510000,103.7,,73.2,-0.7,14.060,19.23,,,
T,37.046459000,-88.499304000,103.6,,72.1,-0.5,14.079,19.25,,,
T,37.046517000,-88.499089000,103.5,,71.3,-0.3,14.100,20.18,,,
T,37.046572000,-88.498898000,103.6,,70.2,0.5,14.118,18.05,,,
T,37.046633000,-88.498696000,103.9,,69.3,1.4,14.137,19.20,,,
T,37.046696000,-88.498494000,104.2,,68.7,1.8,14.156,19.28,,,
T,37.046828000,-88.498095000,105.0,,67.5,2.1,14.195,38.40,,,
T,37.046974000,-88.497698000,105.7,,65.3,1.8,14.233,38.86,,,
T,37.047457000,-88.496437000,105.5,,64.4,-0.2,14.358,124.32,,,
T,37.047807000,-88.495530000,105.6,,64.2,0.1,14.447,89.55,1,,
T,37.047807000,-88.495530000,105.6,,64.2,,14.447,0.00,,,
T,37.047997000,-88.495039000,105.7,,64.1,0.2,14.496,48.50,,,
T,37.048052000,-88.494913000,105.8,,61.3,0.7,14.509,12.76,,,
T,37.048092000,-88.494793000,105.8,,67.3,0.7,14.520,11.56,,,
T,37.048135000,-88.494679000,105.9,,64.7,0.5,14.531,11.21,,,
T,37.048337000,-88.494125000,105.7,,65.4,-0.3,14.585,54.14,,,
T,37.048401000,-88.493933000,105.4,,67.3,-1.8,14.604,18.50,,,
T,37.048463000,-88.493738000,105.1,,68.3,-1.7,14.623,18.66,,,
T,37.048521000,-88.493540000,104.8,,69.8,-1.6,14.641,18.75,,,
T,37.048575000,-88.493340000,104.9,,71.3,0.9,14.660,18.77,,,
T,37.048627000,-88.493136000,105.2,,72.3,1.1,14.679,19.04,,,
T,37.048675000,-88.492930000,105.2,,73.7,0.2,14.698,19.08,,,
T,37.048721000,-88.492722000,104.7,,74.5,-2.5,14.717,19.19,,,
T,37.048750000,-88.492578000,104.0,,75.8,-5.2,14.731,13.21,,,
T,37.048799000,-88.492304000,102.8,,77.4,-5.0,14.756,24.97,,,
T,37.048834000,-88.492096000,102.7,,78.1,-0.5,14.775,18.91,,,
T,37.048864000,-88.491884000,103.4,,79.9,3.8,14.794,19.15,,,
T,37.048892000,-88.491672000,104.5,,80.6,5.6,14.813,19.11,,,
T,37.048915000,-88.491458000,105.3,,82.3,4.2,14.832,19.21,,,
T,37.048934000,-88.491246000,105.5,,83.6,1.1,14.851,18.98,,,
T,37.048949000,-88.491032000,105.5,,85.0,0.0,14.870,19.11,,,
T,37.048961000,-88.490819000,105.6,,86.0,0.5,14.889,18.99,,,
T,37.048970000,-88.490605000,105.7,,87.0,0.5,14.908,19.06,,,
T,37.048974000,-88.490391000,105.7,,88.7,0.3,14.927,19.04,,,
T,37.048974000,-88.490180000,105.8,,90.0,0.3,14.946,18.77,,,
T,37.048970000,-88.489996000,106.0,,91.6,1.0,14.962,16.37,,,
T,37.048961000,-88.489627000,106.3,,91.8,1.0,14.995,32.84,,,
T,37.048951000,-88.489486000,106.3,,95.1,0.4,15.008,12.59,,,
T,37.048920000,-88.489133000,106.4,,96.3,0.3,15.039,31.59,,,
T,37.048877000,-88.488714000,106.5,,97.3,0.3,15.077,37.58,,,
T,37.048754000,-88.487674000,106.3,,98.4,-0.2,15.170,93.51,,,
T,37.048601000,-88.486422000,106.1,,98.7,-0.2,15.283,112.66,,,
T,37.048544000,-88.485962000,105.9,,98.8,-0.3,15.325,41.41,,,
T,37.048471000,-88.485323000,106.1,,98.1,0.2,15.382,57.42,,,
T,37.048420000,-88.484915000,106.1,,98.9,0.1,15.419,36.73,,,
T,37.048367000,-88.484474000,106.0,,98.6,-0.2,15.458,39.67,,,
T,37.048343000,-88.484263000,105.9,,98.1,-0.8,15.477,18.96,,,
T,37.048236000,-88.483377000,104.5,,98.6,-1.7,15.557,79.70,,,
T,37.048115000,-88.482346000,104.9,,98.4,0.5,15.650,92.69,,,
T,37.047821000,-88.479893000,106.2,,98.5,0.6,15.870,220.63,,,
T,37.047782000,-88.479577000,105.8,,98.8,-1.6,15.899,28.44,,,
T,37.047771000,-88.479477000,105.6,,97.8,-1.7,15.908,8.98,,,
T,37.047745000,-88.479255000,105.3,,98.3,-1.7,15.928,19.96,,,
T,37.047719000,-88.479047000,105.1,,98.9,-1.1,15.946,18.73,,,
T,37.047621000,-88.478212000,105.6,,98.4,0.7,16.022,75.07,,,
T,37.047518000,-88.477374000,106.4,,98.8,1.0,16.097,75.42,,,
T,37.047470000,-88.476951000,106.6,,98.1,0.7,16.135,38.00,,,
T,37.047448000,-88.476735000,106.6,,97.3,-0.2,16.154,19.37,,,
T,37.047425000,-88.476488000,106.4,,96.7,-0.8,16.176,22.12,,,
T,37.047392000,-88.476080000,106.2,,95.8,-0.8,16.213,36.48,,,
T,37.047344000,-88.475202000,105.8,,93.9,-0.5,16.291,78.29,,,
T,37.047336000,-88.475074000,105.8,,94.5,-0.0,16.303,11.42,,,
T,37.047331000,-88.474982000,105.7,,93.9,-0.4,16.311,8.20,,,
T,37.047323000,-88.474870000,105.7,,95.1,-0.4,16.321,10.00,,,
T,37.047264000,-88.473875000,105.6,,94.2,-0.1,16.410,88.75,,,
T,37.047259000,-88.473774000,105.6,,93.5,-0.6,16.419,9.00,,,
T,37.047214000,-88.472978000,105.8,,94.1,0.4,16.490,70.99,,,
T,37.047203000,-88.472750000,105.9,,93.5,0.5,16.510,20.32,,,
T,37.047187000,-88.472520000,106.0,,95.0,0.5,16.530,20.54,,,
T,37.047168000,-88.472088000,106.1,,93.2,0.3,16.569,38.49,,,
T,37.047139000,-88.471625000,105.9,,94.5,-0.6,16.610,41.31,,,
T,37.047111000,-88.471176000,105.4,,94.5,-1.2,16.650,40.06,,,
T,37.047092000,-88.470780000,105.5,,93.4,0.4,16.686,35.29,,,
T,37.047040000,-88.469925000,106.2,,94.4,0.8,16.762,76.28,,,
T,37.047004000,-88.469251000,106.2,,93.8,0.1,16.822,60.09,,,
T,37.046986000,-88.468898000,106.2,,93.7,-0.1,16.853,31.47,,,
T,37.046977000,-88.468675000,106.1,,92.9,-0.3,16.873,19.86,,,
T,37.046970000,-88.468390000,106.0,,91.8,-0.2,16.899,25.36,,,
T,37.046969000,-88.468225000,106.0,,90.4,-0.4,16.913,14.68,,,
T,37.046974000,-88.467920000,105.9,,88.8,-0.3,16.940,27.14,,,
T,37.046989000,-88.467580000,105.9,,86.8,-0.0,16.971,30.29,,,
T,37.046999000,-88.467404000,105.8,,85.9,-0.3,16.986,15.70,,,
T,37.047019000,-88.467167000,105.7,,84.0,-0.5,17.008,21.20,,,
T,37.047057000,-88.466819000,105.6,,82.2,-0.4,17.039,31.24,,,
T,37.047086000,-88.466588000,105.6,,81.1,-0.0,17.060,20.80,,,
T,37.047097000,-88.466515000,105.6,,79.3,-0.1,17.066,6.61,,,
T,37.047105000,-88.466450000,105.6,,81.2,0.3,17.072,5.85,,,
T,37.047143000,-88.466245000,105.6,,76.9,0.2,17.091,18.72,,,
T,37.047247000,-88.465733000,105.6,,75.7,-0.1,17.138,46.99,,,
T,37.047285000,-88.465564000,105.6,,74.3,0.1,17.153,15.61,,,
T,37.047312000,-88.465418000,105.6,,77.0,0.0,17.167,13.33,,,
T,37.047340000,-88.465291000,105.6,,74.6,0.0,17.178,11.72,,,
T,37.047372000,-88.465167000,105.6,,72.1,-0.1,17.190,11.59,,,
T,37.047413000,-88.465031000,105.6,,69.3,-0.1,17.203,12.93,,,
T,37.047483000,-88.464795000,105.6,,69.6,-0.1,17.225,22.38,,,
T,37.047547000,-88.464594000,105.6,,68.3,0.2,17.245,19.24,,,
T,37.047609000,-88.464407000,105.5,,67.4,-0.3,17.263,18.00,,,
T,37.047709000,-88.464123000,105.4,,66.2,-0.3,17.290,27.59,,,
T,37.047824000,-88.463805000,105.5,,65.6,0.3,17.321,31.03,,,
T,37.047995000,-88.463332000,105.8,,65.6,0.5,17.367,46.16,,,
T,37.048172000,-88.462838000,107.5,,65.8,3.6,17.416,48.13,,,
T,37.048357000,-88.462335000,110.6,,65.3,6.3,17.465,49.23,,,
T,37.048547000,-88.461809000,113.5,,65.6,5.6,17.516,51.32,,,
T,37.048669000,-88.461465000,113.9,,66.0,1.2,17.550,33.46,,,
T,37.048732000,-88.461292000,114.0,,65.5,0.6,17.566,16.90,,,
T,37.049030000,-88.460464000,113.2,,65.7,-1.0,17.647,80.74,,,
T,37.049066000,-88.460366000,113.1,,65.3,-1.0,17.657,9.59,,,
T,37.049266000,-88.459814000,112.0,,65.6,-2.1,17.711,53.89,,,
T,37.049445000,-88.459318000,111.1,,65.7,-1.8,17.759,48.39,,,
T,37.049760000,-88.458454000,112.4,,65.4,1.5,17.843,84.43,,,
T,37.049817000,-88.458299000,112.5,,65.3,0.8,17.859,15.17,,,
T,37.050093000,-88.457544000,113.4,,65.4,1.2,17.932,73.81,,,
T,37.050402000,-88.456685000,114.4,,65.7,1.2,18.016,83.75,,,
T,37.050523000,-88.456349000,114.8,,65.7,1.3,18.049,32.77,,,
T,37.050695000,-88.455878000,115.4,,65.4,1.2,18.095,46.04,,,
T,37.050722000,-88.455804000,115.4,,65.4,0.6,18.102,7.23,,,
T,37.051199000,-88.454490000,117.6,,65.5,1.7,18.231,128.31,,,
T,37.051337000,-88.454104000,117.9,,65.9,0.8,18.268,37.60,,,
T,37.051690000,-88.453136000,118.8,,65.4,0.9,18.363,94.60,,,
T,37.051833000,-88.452740000,119.2,,65.7,1.0,18.401,38.63,,,
T,37.051974000,-88.452346000,119.3,,65.8,0.4,18.440,38.38,,,
T,37.052117000,-88.451955000,119.5,,65.4,0.5,18.478,38.23,,,
T,37.052232000,-88.451637000,119.6,,65.6,0.5,18.509,31.03,,,
T,37.052405000,-88.451161000,119.5,,65.5,-0.3,18.556,46.49,,,
T,37.052558000,-88.450741000,119.6,,65.5,0.2,18.597,41.04,,,
T,37.052702000,-88.450348000,119.5,,65.3,-0.3,18.635,38.44,,,
T,37.052800000,-88.450079000,119.6,,65.5,0.3,18.661,26.28,,,
T,37.053204000,-88.448963000,121.1,,65.6,1.4,18.770,108.92,,,
T,37.053477000,-88.448213000,123.1,,65.5,2.8,18.843,73.27,,,
T,37.053547000,-88.448017000,123.5,,65.9,1.7,18.863,19.09,,,
T,37.053686000,-88.447636000,124.4,,65.4,2.4,18.900,37.24,,,
T,37.053823000,-88.447256000,125.3,,65.7,2.4,18.937,37.06,,,
T,37.053887000,-88.447072000,125.7,,66.5,2.6,18.955,17.84,,,
T,37.054075000,-88.446553000,127.8,,65.6,4.0,19.005,50.66,,,
T,37.054136000,-88.446390000,128.5,,64.9,4.2,19.021,16.00,,,
T,37.054302000,-88.445938000,130.9,,65.3,5.6,19.066,44.22,,,
T,37.054433000,-88.445574000,132.6,,65.7,4.8,19.101,35.49,,,
T,37.054570000,-88.445204000,134.5,,65.1,5.1,19.137,36.25,,,
T,37.054641000,-88.445018000,134.9,,64.4,2.2,19.156,18.32,,,
T,37.054715000,-88.444834000,134.8,,63.3,-0.2,19.174,18.31,,,
T,37.054867000,-88.444481000,133.6,,61.7,-3.4,19.210,35.64,,,
T,37.054954000,-88.444313000,134.0,,57.0,2.2,19.227,17.79,,,
T,37.055133000,-88.443985000,135.7,,55.6,4.8,19.263,35.30,,,
T,37.055229000,-88.443826000,136.2,,52.9,2.8,19.280,17.71,,,
T,37.055329000,-88.443671000,136.7,,51.0,2.5,19.298,17.70,,,
T,37.055432000,-88.443517000,137.0,,50.0,2.1,19.316,17.84,,,
T,37.055538000,-88.443372000,137.3,,47.5,1.6,19.333,17.46,,,
T,37.055646000,-88.443229000,137.6,,46.6,1.5,19.351,17.48,,,
T,37.055758000,-88.443092000,137.6,,44.3,-0.0,19.368,17.41,,,
T,37.055874000,-88.442959000,137.4,,42.5,-0.8,19.386,17.48,,,
T,37.055937000,-88.442892000,137.3,,40.3,-1.3,19.395,9.19,,,
T,37.056116000,-88.442706000,136.7,,39.7,-2.5,19.421,25.85,,,
T,37.056240000,-88.442586000,136.5,,37.7,-0.8,19.438,17.42,,,
T,37.056367000,-88.442471000,136.2,,35.9,-1.6,19.456,17.41,,,
T,37.056496000,-88.442361000,135.9,,34.2,-1.9,19.473,17.34,,,
T,37.056758000,-88.442155000,134.9,,32.1,-3.0,19.507,34.37,,,
T,37.056906000,-88.442040000,134.2,,31.8,-3.3,19.527,19.35,,,
T,37.057045000,-88.441935000,133.8,,31.1,-2.6,19.545,18.03,,,
T,37.057107000,-88.441890000,133.6,,30.1,-2.1,19.553,7.96,,,
T,37.057187000,-88.441832000,133.4,,30.1,-2.4,19.563,10.27,,,
T,37.057472000,-88.441615000,132.4,,31.3,-2.7,19.600,37.05,,,
T,37.057613000,-88.441504000,131.8,,32.1,-3.0,19.619,18.50,,,
T,37.057893000,-88.441274000,131.0,,33.2,-2.2,19.656,37.20,,,
T,37.058035000,-88.441155000,130.4,,33.8,-2.8,19.675,18.98,,,
T,37.058466000,-88.440781000,129.0,,34.7,-2.5,19.733,58.26,,,
T,37.058752000,-88.440527000,127.0,,35.3,-5.1,19.772,38.96,,,
T,37.059927000,-88.439510000,128.3,,34.6,0.8,19.931,158.70,,,
T,37.059985000,-88.439456000,128.6,,36.6,3.2,19.939,8.03,,,
T,37.061036000,-88.438543000,132.4,,34.7,2.7,20.081,142.12,,,
T,37.061208000,-88.438392000,132.8,,35.0,2.0,20.104,23.34,,,
T,37.061883000,-88.437800000,134.4,,35.0,1.7,20.196,91.56,,,
T,37.062100000,-88.437610000,135.0,,34.9,2.2,20.225,29.42,,,
T,37.062776000,-88.437025000,135.7,,34.6,0.8,20.316,91.30,,,
T,37.063181000,-88.436676000,135.3,,34.5,-0.8,20.371,54.62,,,
T,37.063442000,-88.436437000,135.3,,36.2,-0.0,20.407,35.93,,,
T,37.063578000,-88.436319000,135.5,,34.7,1.5,20.425,18.38,,,
T,37.063712000,-88.436199000,136.1,,35.5,3.2,20.444,18.30,,,
T,37.063842000,-88.436076000,136.4,,37.1,1.5,20.462,18.11,,,
T,37.064096000,-88.435824000,136.3,,38.4,-0.2,20.498,36.01,,,
T,37.064347000,-88.435565000,135.8,,39.5,-1.5,20.534,36.15,,,
T,37.064469000,-88.435433000,136.3,,40.8,2.9,20.552,17.92,,,
T,37.064590000,-88.435298000,137.0,,41.7,4.1,20.570,18.01,,,
T,37.064679000,-88.435196000,137.2,,42.4,1.9,20.583,13.41,,,
T,37.064710000,-88.435160000,137.5,,42.8,4.6,20.588,4.70,,,
T,37.064827000,-88.435019000,138.3,,43.9,4.7,20.606,18.05,,,
T,37.064942000,-88.434876000,138.7,,44.8,2.0,20.624,18.02,,,
T,37.065058000,-88.434728000,139.2,,45.5,2.8,20.642,18.41,,,
T,37.065172000,-88.434578000,139.9,,46.4,4.1,20.661,18.39,,,
T,37.065261000,-88.434457000,140.7,,47.3,5.4,20.675,14.61,,,
T,37.065394000,-88.434270000,141.6,,48.3,3.9,20.698,22.24,,,
T,37.065502000,-88.434111000,142.6,,49.6,5.6,20.716,18.54,,,
T,37.065609000,-88.433950000,142.5,,50.2,-0.6,20.735,18.60,,,
T,37.065714000,-88.433787000,142.5,,51.1,-0.3,20.753,18.60,,,
T,37.065817000,-88.433622000,142.1,,52.0,-1.7,20.772,18.60,,,
T,37.065919000,-88.433454000,140.7,,52.7,-7.7,20.791,18.74,,,
T,37.066018000,-88.433286000,139.6,,53.6,-5.9,20.809,18.55,,,
T,37.066117000,-88.433114000,138.6,,54.2,-5.4,20.828,18.83,,,
T,37.066213000,-88.432941000,137.2,,55.2,-7.3,20.847,18.71,,,
T,37.066402000,-88.432587000,134.7,,56.2,-6.6,20.885,37.83,,,
T,37.066777000,-88.431858000,131.0,,57.2,-4.8,20.962,77.04,,,
T,37.067256000,-88.430917000,126.6,,57.5,-4.5,21.061,99.14,,,
T,37.067555000,-88.430348000,124.2,,56.6,-3.9,21.121,60.51,,,
T,37.067657000,-88.430161000,123.0,,55.6,-5.9,21.141,20.12,,,
T,37.067853000,-88.429791000,121.9,,56.4,-3.0,21.181,39.44,,,
T,37.067912000,-88.429687000,121.4,,54.6,-4.5,21.192,11.33,,,
T,37.067949000,-88.429622000,121.2,,54.5,-2.0,21.199,7.09,,,
T,37.068290000,-88.429055000,123.4,,53.0,3.4,21.262,63.05,,,
T,37.068426000,-88.428833000,125.0,,52.5,6.6,21.287,24.85,,,
T,37.068781000,-88.428281000,127.7,,51.1,4.3,21.350,62.94,,,
T,37.069043000,-88.427891000,129.2,,49.9,3.3,21.395,45.26,,,
T,37.069311000,-88.427505000,130.0,,49.0,1.8,21.441,45.42,,,
T,37.069405000,-88.427372000,130.1,,48.5,0.2,21.457,15.77,,,
T,37.069600000,-88.427106000,128.5,,47.4,-4.9,21.489,32.06,,,
T,37.069802000,-88.426839000,126.3,,46.5,-6.5,21.521,32.66,,,
T,37.070330000,-88.426163000,128.0,,45.6,2.0,21.605,83.95,,,
T,37.071217000,-88.425043000,131.5,,45.2,2.5,21.745,140.04,,,
T,37.071784000,-88.424337000,133.9,,44.8,2.7,21.834,88.89,,,
T,37.072013000,-88.424056000,135.5,,44.4,4.3,21.870,35.64,,,
T,37.072130000,-88.423917000,136.2,,43.5,4.3,21.888,17.93,,,
T,37.072474000,-88.423497000,139.8,,44.2,6.7,21.941,53.41,,,
T,37.072940000,-88.422948000,143.3,,43.2,4.9,22.012,71.12,,,
T,37.073326000,-88.422497000,143.0,,43.0,-0.5,22.071,58.68,,,
T,37.073615000,-88.422166000,142.1,,42.4,-2.1,22.115,43.53,,,
T,37.073841000,-88.421913000,140.6,,41.8,-4.6,22.148,33.69,,,
T,37.074073000,-88.421650000,139.2,,42.1,-4.0,22.183,34.78,,,
T,37.074669000,-88.420992000,137.9,,41.4,-1.4,22.271,88.31,,,
T,37.074910000,-88.420731000,136.0,,40.8,-5.3,22.307,35.41,,,
T,37.075157000,-88.420467000,135.3,,40.5,-2.1,22.343,36.09,,,
T,37.075926000,-88.419661000,131.9,,39.9,-3.1,22.454,111.45,,,
T,37.076058000,-88.419526000,131.0,,39.2,-4.9,22.473,18.94,,,
T,37.076326000,-88.419258000,129.1,,38.6,-5.0,22.511,38.11,,,
T,37.076986000,-88.418593000,125.2,,38.8,-4.1,22.605,94.14,,,
T,37.077117000,-88.418464000,124.8,,38.2,-2.5,22.624,18.52,,,
T,37.077245000,-88.418335000,124.2,,38.8,-3.0,22.642,18.26,,,
T,37.077375000,-88.418207000,123.6,,38.2,-3.6,22.661,18.38,,,
T,37.077507000,-88.418082000,122.6,,37.1,-5.1,22.679,18.39,,,
T,37.077903000,-88.417701000,119.0,,37.5,-6.5,22.735,55.49,,,
T,37.078349000,-88.417283000,114.0,,36.8,-8.1,22.796,61.90,,,
T,37.078956000,-88.416720000,117.8,,36.5,4.5,22.880,83.93,,,
T,37.079212000,-88.416487000,119.0,,36.0,3.4,22.916,35.16,,,
T,37.079493000,-88.416237000,119.4,,35.4,1.1,22.954,38.30,,,
T,37.079892000,-88.415886000,118.2,,35.1,-2.2,23.008,54.17,,,
T,37.080024000,-88.415768000,117.8,,35.5,-2.1,23.026,18.02,,,
T,37.080113000,-88.415691000,117.3,,34.6,-4.1,23.038,12.02,,,
T,37.080440000,-88.415408000,115.6,,34.6,-3.8,23.082,44.16,,,
T,37.080731000,-88.415160000,113.1,,34.2,-6.5,23.121,39.11,,,
T,37.081027000,-88.414911000,111.1,,33.9,-5.1,23.161,39.61,,,
T,37.081319000,-88.414669000,109.6,,33.5,-3.9,23.200,38.90,,,
T,37.081899000,-88.414198000,107.9,,32.9,-2.1,23.277,76.79,,,
T,37.082333000,-88.413851000,107.4,,32.5,-0.9,23.334,57.20,,,
T,37.082761000,-88.413512000,107.9,,32.3,0.9,23.390,56.26,,,
T,37.083194000,-88.413175000,108.4,,31.8,0.9,23.447,56.63,,,
T,37.083339000,-88.413065000,108.6,,31.2,1.1,23.466,18.83,,,
T,37.084186000,-88.412410000,112.1,,31.7,3.1,23.576,110.58,,,
T,37.084749000,-88.411970000,113.8,,31.9,2.4,23.650,73.72,,,
T,37.085033000,-88.411751000,114.4,,31.6,1.5,23.687,37.05,,,
T,37.085173000,-88.411640000,114.7,,32.3,1.6,23.705,18.41,,,
T,37.085315000,-88.411532000,114.5,,31.2,-1.1,23.724,18.45,,,
T,37.085406000,-88.411460000,114.3,,32.3,-1.5,23.736,11.96,,,
T,37.085356000,-88.411369000,115.6,,124.6,13.0,23.745,9.81,,,
T,37.085236000,-88.411155000,118.4,,125.1,12.0,23.769,23.22,,,
T,37.085137000,-88.410988000,119.5,,126.6,5.8,23.787,18.47,,,
T,37.085006000,-88.410768000,119.0,,126.7,-2.0,23.812,24.37,,,
T,37.084859000,-88.410528000,117.7,,127.5,-4.7,23.838,26.86,,,
T,37.084796000,-88.410420000,117.5,,126.2,-2.1,23.850,11.88,,,
T,37.084722000,-88.410301000,117.7,,127.9,1.6,23.864,13.39,,,
T,37.084677000,-88.410229000,117.9,,128.1,3.0,23.872,8.12,,,
T,37.084602000,-88.410101000,118.5,,126.3,3.9,23.886,14.10,,,
T,37.084368000,-88.409714000,119.3,,127.2,1.9,23.929,43.11,,,
T,37.084263000,-88.409537000,119.8,,126.6,2.6,23.949,19.58,,,
T,37.083996000,-88.409092000,120.7,,126.9,1.9,23.998,49.43,,,
T,37.083701000,-88.408598000,119.4,,126.8,-2.4,24.053,54.78,,,
T,37.083550000,-88.408349000,118.4,,127.2,-3.8,24.081,27.77,,,
T,37.083218000,-88.407811000,118.2,,127.7,-0.3,24.141,60.38,,,
T,37.083129000,-88.407660000,117.8,,126.5,-2.1,24.158,16.67,,,
T,37.083054000,-88.407529000,117.9,,125.7,0.5,24.172,14.32,,,
T,37.083017000,-88.407462000,118.1,,124.7,2.8,24.179,7.24,,,
T,37.082946000,-88.407322000,118.7,,122.4,4.4,24.194,14.73,,,
T,37.082879000,-88.407179000,119.4,,120.4,4.4,24.209,14.73,,,
T,37.082847000,-88.407106000,119.7,,118.8,4.2,24.216,7.40,,,
T,37.082817000,-88.407032000,119.9,,116.9,2.9,24.223,7.37,,,
T,37.082779000,-88.406932000,120.2,,115.5,2.7,24.233,9.84,,,
T,37.082762000,-88.406882000,120.3,,113.1,3.0,24.238,4.83,,,
T,37.082730000,-88.406780000,120.6,,111.5,3.2,24.248,9.74,,,
T,37.082716000,-88.406729000,120.8,,109.0,3.0,24.253,4.79,,,
T,37.082681000,-88.406576000,121.2,,106.0,2.7,24.267,14.15,,,
T,37.082652000,-88.406419000,121.6,,103.0,2.7,24.281,14.33,,,
T,37.082613000,-88.406156000,122.1,,100.5,2.2,24.305,23.78,,,
T,37.082604000,-88.406103000,122.2,,102.0,1.8,24.310,4.82,,,
T,37.082527000,-88.405510000,122.4,,99.2,0.5,24.363,53.41,,,
T,37.082500000,-88.405292000,122.5,,98.8,0.4,24.383,19.61,,,
T,37.082460000,-88.404993000,122.7,,99.5,0.8,24.410,26.95,,,
T,37.082390000,-88.404504000,122.5,,100.2,-0.5,24.454,44.17,,,
T,37.082335000,-88.404140000,121.5,,100.7,-3.1,24.487,32.94,,,
T,37.082288000,-88.403798000,120.7,,99.8,-2.5,24.518,30.85,,,
T,37.082263000,-88.403630000,120.3,,100.6,-2.3,24.533,15.19,,,
T,37.082240000,-88.403461000,119.9,,99.7,-2.5,24.548,15.24,,,
T,37.082203000,-88.403212000,119.3,,100.6,-2.8,24.571,22.52,,,
T,37.082173000,-88.402970000,118.9,,98.8,-1.8,24.592,21.77,,,
T,37.082079000,-88.402300000,119.1,,100.0,0.4,24.653,60.48,,,
T,37.082000000,-88.401789000,118.2,,101.0,-2.0,24.699,46.27,,,
T,37.081976000,-88.401619000,118.5,,100.0,1.7,24.714,15.35,,,
T,37.081967000,-88.401564000,118.6,,101.6,2.2,24.719,4.99,,,
T,37.081901000,-88.401066000,119.4,,99.4,1.7,24.764,44.88,,,
T,37.081862000,-88.400785000,118.4,,99.9,-3.6,24.790,25.36,,,
T,37.081836000,-88.400616000,117.4,,100.9,-6.6,24.805,15.30,,,
T,37.081812000,-88.400446000,116.2,,100.0,-7.9,24.820,15.35,,,
T,37.081790000,-88.400309000,115.7,,101.4,-4.2,24.833,12.42,,,
T,37.081779000,-88.400224000,115.5,,99.2,-2.9,24.840,7.66,,,
T,37.081754000,-88.400051000,115.8,,100.3,1.9,24.856,15.63,,,
T,37.081741000,-88.399931000,116.5,,97.7,6.6,24.867,10.77,,,
T,37.081695000,-88.399575000,118.5,,99.2,6.3,24.899,32.06,,,
T,37.081618000,-88.399026000,117.3,,100.0,-2.4,24.948,49.56,,,
T,37.081591000,-88.398874000,116.3,,102.6,-7.0,24.962,13.84,,,
T,37.081543000,-88.398534000,114.0,,100.0,-7.7,24.993,30.70,,,
T,37.081438000,-88.397837000,108.6,,100.7,-8.5,25.056,63.06,,,
T,37.081351000,-88.397196000,105.6,,99.7,-5.1,25.114,57.81,,,
T,37.081267000,-88.396577000,105.6,,99.7,-0.1,25.170,55.82,,,
T,37.081160000,-88.395823000,108.3,,100.1,3.9,25.238,68.09,,,
T,37.081094000,-88.395379000,112.9,,100.6,11.5,25.278,40.15,,,
T,37.080971000,-88.394520000,114.2,,100.2,1.6,25.355,77.59,,,
T,37.080836000,-88.393502000,116.9,,99.4,3.0,25.447,91.75,,,
T,37.080769000,-88.392970000,119.4,,99.0,5.1,25.495,47.88,,,
T,37.080674000,-88.391935000,119.5,,96.6,0.1,25.588,92.63,,,
T,37.080597000,-88.390980000,115.4,,95.8,-4.8,25.673,85.35,,,
T,37.080584000,-88.390758000,114.2,,94.2,-5.8,25.693,19.79,,,
T,37.080577000,-88.390655000,114.0,,94.9,-2.1,25.702,9.19,,,
T,37.080561000,-88.390468000,114.8,,96.1,4.6,25.719,16.72,,,
T,37.080547000,-88.390295000,116.2,,95.8,8.8,25.734,15.46,,,
T,37.080537000,-88.390083000,117.9,,93.4,9.4,25.753,18.88,,,
T,37.080530000,-88.389903000,118.9,,92.8,5.7,25.769,16.02,,,
T,37.080517000,-88.389653000,118.9,,93.7,0.1,25.791,22.28,,,
T,37.080515000,-88.389482000,118.2,,90.8,-4.2,25.807,15.21,,,
T,37.080511000,-88.389313000,117.3,,91.7,-6.4,25.822,15.03,,,
T,37.080509000,-88.389090000,116.8,,90.6,-2.6,25.842,19.83,,,
T,37.080513000,-88.388922000,116.8,,88.3,0.3,25.856,14.94,,,
T,37.080519000,-88.388812000,117.0,,86.1,2.1,25.866,9.80,,,
T,37.080532000,-88.388649000,117.2,,84.3,1.2,25.881,14.57,,,
T,37.080545000,-88.388540000,117.3,,81.5,0.6,25.891,9.80,,,
T,37.080556000,-88.388460000,117.3,,80.2,0.0,25.898,7.22,,,
T,37.080582000,-88.388300000,116.8,,78.5,-2.9,25.912,14.52,,,
T,37.080648000,-88.387955000,116.1,,76.5,-2.5,25.944,31.54,,,
T,37.080687000,-88.387770000,116.2,,75.2,1.0,25.961,17.01,,,
T,37.080749000,-88.387414000,115.6,,77.7,-2.0,25.993,32.39,,,
T,37.080779000,-88.387219000,114.6,,79.1,-5.5,26.011,17.66,,,
T,37.080848000,-88.386804000,112.7,,78.2,-5.1,26.049,37.69,,,
T,37.080870000,-88.386666000,112.4,,78.7,-1.9,26.061,12.51,,,
T,37.080911000,-88.386422000,112.3,,78.1,-0.9,26.083,22.17,,,
T,37.080932000,-88.386288000,112.3,,78.9,-0.0,26.095,12.14,,,
T,37.080939000,-88.386235000,112.3,,80.6,1.2,26.100,4.78,,,
T,37.080966000,-88.386056000,113.1,,79.3,4.7,26.116,16.20,,,
T,37.081019000,-88.385707000,115.2,,79.2,6.9,26.148,31.58,,,
T,37.081048000,-88.385493000,116.5,,80.4,6.6,26.167,19.30,,,
T,37.081095000,-88.385175000,117.9,,79.5,4.9,26.196,28.75,,,
T,37.081134000,-88.384940000,118.5,,78.2,2.9,26.217,21.34,,,
T,37.081158000,-88.384809000,118.8,,77.1,2.0,26.229,11.95,,,
T,37.081194000,-88.384624000,119.0,,76.3,1.1,26.246,16.93,,,
T,37.081248000,-88.384389000,118.9,,73.9,-0.3,26.268,21.74,,,
T,37.081296000,-88.384205000,118.9,,71.9,0.1,26.285,17.21,,,
T,37.081325000,-88.384099000,118.9,,71.1,0.4,26.295,9.96,,,
T,37.081400000,-88.383836000,119.4,,70.3,1.9,26.320,24.82,,,
T,37.081682000,-88.382874000,120.0,,69.8,0.7,26.411,91.08,,,
T,37.081730000,-88.382713000,119.8,,69.5,-1.5,26.426,15.27,,,
T,37.081913000,-88.382084000,120.7,,70.0,1.4,26.486,59.50,,,
T,37.081968000,-88.381889000,121.1,,70.5,2.1,26.504,18.38,,,
T,37.081983000,-88.381829000,121.2,,72.6,2.1,26.510,5.59,,,
T,37.082208000,-88.381023000,122.1,,70.7,1.2,26.586,75.89,,,
T,37.082251000,-88.380863000,122.2,,71.4,0.5,26.601,15.01,,,
T,37.082274000,-88.380786000,122.2,,69.5,0.2,26.608,7.31,,,
T,37.082321000,-88.380614000,122.1,,71.1,-0.7,26.624,16.16,,,
T,37.082442000,-88.380195000,121.5,,70.1,-1.4,26.664,39.60,,,
T,37.082548000,-88.379836000,121.9,,69.7,1.2,26.698,34.02,,,
T,37.082618000,-88.379613000,122.2,,68.5,1.1,26.719,21.30,,,
T,37.082677000,-88.379439000,122.2,,67.0,0.1,26.736,16.80,,,
T,37.082740000,-88.379269000,122.2,,65.1,-0.1,26.753,16.65,,,
T,37.082805000,-88.379101000,122.0,,64.1,-0.9,26.769,16.59,,,
T,37.082959000,-88.378727000,121.8,,62.7,-0.6,26.807,37.39,,,
T,37.083203000,-88.378152000,121.5,,62.0,-0.5,26.864,57.85,,,
T,37.083392000,-88.377707000,122.1,,62.0,1.4,26.909,44.78,,,
T,37.083701000,-88.376976000,123.5,,62.1,1.9,26.983,73.49,,,
T,37.083769000,-88.376818000,123.8,,61.7,1.6,26.999,15.95,,,
T,37.083898000,-88.376506000,124.2,,62.6,1.2,27.030,31.22,,,
T,37.083994000,-88.376278000,124.4,,62.2,0.8,27.053,22.90,,,
T,37.084025000,-88.376201000,124.5,,63.2,1.2,27.060,7.66,,,
T,37.084221000,-88.375743000,125.0,,61.8,1.1,27.107,46.17,,,
T,37.084592000,-88.374897000,123.9,,61.2,-1.2,27.192,85.75,,,
T,37.084827000,-88.374371000,123.7,,60.7,-0.4,27.246,53.55,,,
T,37.084972000,-88.374044000,124.0,,60.9,0.8,27.279,33.23,,,
T,37.085100000,-88.373750000,123.5,,61.4,-1.4,27.309,29.75,,,
T,37.085194000,-88.373529000,123.3,,61.9,-1.3,27.331,22.25,,,
T,37.085265000,-88.373367000,122.8,,61.2,-2.5,27.348,16.42,,,
T,37.085335000,-88.373201000,122.5,,62.1,-2.2,27.364,16.68,,,
T,37.085479000,-88.372865000,122.0,,61.8,-1.5,27.398,33.88,,,
T,37.085628000,-88.372510000,121.2,,62.2,-2.1,27.434,35.63,,,
T,37.085914000,-88.371816000,120.1,,62.7,-1.7,27.503,69.39,,,
T,37.085981000,-88.371646000,119.8,,63.7,-1.8,27.520,16.84,,,
T,37.086061000,-88.371461000,119.5,,61.5,-1.6,27.539,18.69,,,
T,37.086136000,-88.371276000,119.2,,63.1,-1.5,27.557,18.43,,,
T,37.086214000,-88.371093000,118.8,,61.9,-2.1,27.576,18.43,,,
T,37.086286000,-88.370929000,118.5,,61.2,-1.7,27.592,16.63,,,
T,37.086347000,-88.370783000,118.3,,62.4,-1.3,27.607,14.64,,,
T,37.086430000,-88.370595000,118.2,,61.0,-0.8,27.626,19.09,,,
T,37.086644000,-88.370098000,118.1,,61.6,-0.0,27.676,50.17,,,
T,37.086972000,-88.369376000,119.7,,60.3,2.1,27.750,73.80,,,
T,37.087150000,-88.368991000,120.4,,59.9,1.9,27.789,39.52,,,
T,37.087423000,-88.368412000,121.4,,59.4,1.6,27.849,59.73,,,
T,37.087497000,-88.368251000,121.3,,60.1,-0.5,27.866,16.50,,,
T,37.087631000,-88.367949000,121.1,,60.9,-0.7,27.896,30.69,,,
T,37.087761000,-88.367644000,120.2,,61.9,-2.8,27.927,30.72,,,
T,37.087828000,-88.367480000,119.7,,62.9,-3.5,27.943,16.37,,,
T,37.087941000,-88.367189000,119.0,,64.0,-2.2,27.972,28.75,,,
T,37.088062000,-88.366873000,117.9,,64.4,-3.6,28.003,31.14,,,
T,37.088104000,-88.366768000,117.4,,63.4,-4.8,28.014,10.43,,,
T,37.088227000,-88.366447000,115.8,,64.3,-4.9,28.045,31.64,,,
T,37.088444000,-88.365858000,112.5,,65.2,-5.8,28.103,57.64,,,
T,37.088494000,-88.365720000,111.9,,65.6,-3.9,28.116,13.47,,,
T,37.088627000,-88.365369000,112.3,,64.6,1.1,28.151,34.52,,,
T,37.088865000,-88.364733000,111.9,,64.9,-0.8,28.213,62.41,,,
T,37.088980000,-88.364434000,110.0,,64.3,-6.3,28.243,29.49,,,
T,37.089102000,-88.364125000,108.9,,63.7,-3.7,28.273,30.63,,,
T,37.089151000,-88.364005000,108.9,,62.9,-0.1,28.285,11.97,,,
T,37.089295000,-88.363672000,109.2,,61.5,0.9,28.319,33.64,,,
T,37.089534000,-88.363140000,110.1,,60.6,1.7,28.373,54.23,,,
T,37.089607000,-88.362986000,109.9,,59.3,-1.2,28.389,15.91,,,
T,37.089658000,-88.362874000,109.9,,60.3,-0.4,28.401,11.45,,,
T,37.089705000,-88.362777000,110.2,,58.7,3.4,28.411,10.08,,,
T,37.089731000,-88.362726000,110.4,,57.4,4.2,28.416,5.37,,,
T,37.089911000,-88.362350000,113.1,,59.0,6.9,28.455,38.94,,,
T,37.090020000,-88.362113000,115.5,,60.0,9.9,28.479,24.30,,,
T,37.090061000,-88.362034000,116.0,,57.0,5.9,28.488,8.37,,,
T,37.090030000,-88.361878000,117.2,,104.0,8.2,28.502,14.29,,,
T,37.089988000,-88.361615000,117.7,,101.3,2.3,28.526,23.84,,,
T,37.089964000,-88.361481000,117.5,,102.7,-1.8,28.538,12.21,,,
T,37.089834000,-88.360562000,116.4,,100.1,-1.3,28.621,82.97,,,
T,37.089785000,-88.360232000,115.8,,100.5,-1.9,28.651,29.84,,,
T,37.089736000,-88.359888000,115.6,,100.1,-0.7,28.682,31.06,,,
T,37.089682000,-88.359529000,116.5,,100.7,2.9,28.714,32.48,,,
T,37.089642000,-88.359290000,117.1,,101.8,2.6,28.736,21.71,,,
T,37.089594000,-88.359026000,118.0,,102.8,3.7,28.760,24.07,,,
T,37.089533000,-88.358748000,118.3,,105.4,1.0,28.786,25.63,,,
T,37.089439000,-88.358377000,117.3,,107.6,-2.7,28.820,34.59,,,
T,37.089392000,-88.358205000,116.6,,108.9,-4.5,28.837,16.16,,,
T,37.089339000,-88.358007000,116.3,,108.5,-1.5,28.855,18.56,,,
T,37.089288000,-88.357826000,116.1,,109.5,-1.2,28.872,17.06,,,
T,37.089234000,-88.357649000,115.9,,110.9,-1.5,28.889,16.84,,,
T,37.089177000,-88.357473000,115.2,,112.1,-4.0,28.906,16.88,,,
T,37.089109000,-88.357307000,114.1,,117.2,-6.4,28.923,16.58,,,
T,37.089045000,-88.357132000,112.3,,114.6,-10.7,28.940,17.10,,,
T,37.088978000,-88.356955000,110.6,,115.4,-9.8,28.957,17.40,,,
T,37.088845000,-88.356612000,109.3,,115.9,-3.8,28.991,33.88,,,
T,37.088768000,-88.356415000,109.2,,116.1,-0.6,29.010,19.49,,,
T,37.088623000,-88.356052000,107.1,,116.6,-5.9,29.046,36.06,,,
T,37.088555000,-88.355873000,105.7,,115.5,-7.6,29.064,17.61,,,
T,37.088495000,-88.355721000,105.0,,116.3,-4.6,29.079,15.07,,,
T,37.088451000,-88.355608000,105.0,,116.0,-0.7,29.090,11.17,,,
T,37.088212000,-88.354981000,104.5,,115.5,-0.7,29.152,61.73,,,
T,37.088139000,-88.354796000,104.5,,116.3,-0.1,29.170,18.34,,,
T,37.087994000,-88.354420000,104.3,,115.8,-0.3,29.207,37.10,,,
T,37.087921000,-88.354236000,104.4,,116.4,0.4,29.226,18.26,,,
T,37.087782000,-88.353873000,104.6,,115.6,0.6,29.261,35.77,,,
T,37.087638000,-88.353509000,104.7,,116.4,0.2,29.298,36.09,,,
T,37.087483000,-88.353139000,105.0,,117.7,0.7,29.335,37.12,,,
T,37.087406000,-88.352950000,105.0,,117.1,-0.0,29.354,18.85,,,
T,37.087111000,-88.352167000,104.6,,115.3,-0.6,29.430,76.93,,,
T,37.086964000,-88.351773000,103.9,,115.1,-1.6,29.469,38.64,,,
T,37.086887000,-88.351581000,103.7,,116.7,-1.3,29.488,19.09,,,
T,37.086674000,-88.351015000,103.0,,115.3,-1.2,29.544,55.60,,,
T,37.086606000,-88.350844000,102.8,,116.5,-1.1,29.561,16.97,,,
T,37.086535000,-88.350672000,102.7,,117.4,-0.8,29.578,17.20,,,
T,37.086437000,-88.350427000,102.7,,116.6,0.1,29.602,24.35,,,
T,37.086410000,-88.350356000,102.6,,115.5,-1.3,29.609,6.99,,,
T,37.086209000,-88.349837000,102.7,,115.9,0.3,29.661,51.25,,,
T,37.086133000,-88.349636000,102.6,,115.4,-0.6,29.680,19.76,,,
T,37.086019000,-88.349347000,102.4,,116.3,-0.8,29.709,28.64,,,
T,37.086002000,-88.349303000,102.4,,115.8,0.6,29.713,4.34,,,
T,37.085974000,-88.349232000,102.6,,116.3,2.2,29.720,7.04,,,
T,37.085899000,-88.349031000,102.9,,115.1,1.5,29.740,19.71,,,
T,37.085823000,-88.348836000,102.9,,116.0,0.1,29.759,19.28,,,
T,37.085676000,-88.348450000,103.4,,115.5,1.4,29.797,38.00,,,
T,37.085354000,-88.347615000,105.5,,115.8,2.6,29.880,82.39,,,
T,37.085308000,-88.347499000,106.6,,116.4,9.0,29.891,11.51,,,
T,37.084884000,-88.346414000,110.1,,116.1,3.3,29.999,107.33,,,
T,37.084676000,-88.345878000,111.0,,115.9,1.7,30.052,52.95,,,
T,37.084604000,-88.345696000,111.4,,116.4,2.6,30.070,18.05,,,
T,37.084535000,-88.345513000,111.8,,115.3,1.8,30.088,17.98,,,
T,37.084030000,-88.344214000,113.1,,116.0,1.0,30.216,128.38,,,
T,37.083960000,-88.344042000,112.8,,117.0,-1.4,30.233,17.15,,,
T,37.083891000,-88.343860000,113.5,,115.4,3.6,30.251,17.90,,,
T,37.083549000,-88.342977000,116.0,,115.9,2.9,30.338,87.20,,,
T,37.083480000,-88.342803000,115.8,,116.4,-0.9,30.355,17.26,,,
T,37.083277000,-88.342280000,117.4,,115.9,3.1,30.407,51.67,,,
T,37.083210000,-88.342104000,117.9,,115.5,2.9,30.424,17.33,,,
T,37.082999000,-88.341566000,116.5,,116.2,-2.8,30.478,53.26,,,
T,37.082857000,-88.341193000,114.4,,115.5,-5.6,30.514,36.72,,,
T,37.082806000,-88.341065000,114.0,,116.5,-3.3,30.527,12.71,,,
T,37.082708000,-88.340816000,114.0,,116.3,0.3,30.552,24.67,,,
T,37.082118000,-88.339283000,116.2,,115.8,1.4,30.703,151.22,,,
T,37.082060000,-88.339135000,115.8,,116.2,-2.2,30.718,14.65,,,
T,37.081755000,-88.338342000,116.7,,115.7,1.2,30.796,78.21,,,
T,37.081607000,-88.337966000,118.5,,116.3,4.7,30.833,37.25,,,
T,37.081535000,-88.337775000,119.3,,115.3,4.3,30.852,18.77,,,
T,37.081383000,-88.337385000,120.4,,116.0,2.9,30.890,38.56,,,
T,37.081167000,-88.336833000,120.8,,116.1,0.8,30.945,54.62,,,
T,37.081024000,-88.336461000,120.6,,115.7,-0.6,30.982,36.69,,,
T,37.080954000,-88.336274000,120.2,,115.1,-2.1,31.000,18.35,,,
T,37.080882000,-88.336092000,120.3,,116.4,0.2,31.018,18.05,,,
T,37.080738000,-88.335712000,121.4,,115.4,3.1,31.056,37.38,,,
T,37.080375000,-88.334779000,122.6,,116.0,1.3,31.148,92.22,,,
T,37.080234000,-88.334422000,121.8,,116.3,-2.4,31.183,35.39,,,
T,37.080180000,-88.334274000,121.1,,114.6,-4.5,31.198,14.46,,,
T,37.080139000,-88.334171000,120.5,,116.5,-6.4,31.208,10.23,,,
T,37.080030000,-88.333887000,119.2,,115.7,-4.7,31.236,28.00,,,
T,37.079891000,-88.333519000,117.2,,115.3,-5.4,31.272,36.18,,,
T,37.079819000,-88.333333000,116.7,,115.9,-2.5,31.290,18.37,,,
T,37.079672000,-88.332963000,115.9,,116.5,-2.3,31.327,36.72,,,
T,37.079518000,-88.332558000,114.6,,115.5,-3.2,31.367,39.86,,,
T,37.079388000,-88.332234000,114.1,,116.7,-1.8,31.399,32.22,,,
T,37.079317000,-88.332049000,113.8,,115.7,-1.7,31.417,18.24,,,
T,37.079171000,-88.331689000,112.8,,116.9,-2.7,31.453,35.88,,,
T,37.079037000,-88.331324000,111.5,,114.7,-3.5,31.489,35.70,,,
T,37.078826000,-88.330788000,110.1,,116.3,-2.6,31.542,53.10,,,
T,37.078688000,-88.330428000,109.1,,115.7,-3.0,31.578,35.49,,,
T,37.078620000,-88.330244000,108.7,,114.9,-2.2,31.596,18.02,,,
T,37.078390000,-88.329647000,106.6,,115.8,-3.6,31.655,58.90,1,,
T,37.078390000,-88.329647000,106.6,,115.8,,31.655,0.00,,,
T,37.078340000,-88.329518000,105.5,,115.9,-8.3,31.667,12.74,,,
T,37.078214000,-88.329201000,104.1,,116.5,-4.6,31.699,31.47,,,
T,37.078124000,-88.328967000,104.4,,115.7,1.4,31.722,23.08,,,
T,37.077981000,-88.328606000,104.5,,116.4,0.2,31.758,35.81,,,
T,37.077846000,-88.328250000,104.9,,115.4,1.3,31.793,35.02,,,
T,37.077775000,-88.328070000,105.2,,116.3,1.5,31.811,17.84,,,
T,37.077628000,-88.327707000,104.7,,116.9,-1.3,31.847,36.17,,,
T,37.077558000,-88.327518000,104.8,,114.9,0.6,31.865,18.51,,,
T,37.077483000,-88.327336000,104.8,,117.3,0.0,31.883,18.20,,,
T,37.077339000,-88.326970000,104.8,,116.2,-0.2,31.920,36.26,,,
T,37.077270000,-88.326786000,105.2,,115.2,2.2,31.938,18.06,,,
T,37.077127000,-88.326420000,106.2,,116.1,2.8,31.974,36.21,,,
T,37.076989000,-88.326052000,106.7,,115.2,1.4,32.010,36.13,,,
T,37.076923000,-88.325870000,106.9,,114.4,1.0,32.028,17.76,,,
T,37.076862000,-88.325686000,106.7,,112.6,-1.1,32.046,17.71,,,
T,37.076808000,-88.325498000,106.2,,109.8,-2.6,32.063,17.76,,,
T,37.076761000,-88.325307000,106.2,,107.1,0.1,32.081,17.77,,,
T,37.076734000,-88.325177000,106.4,,104.6,1.8,32.093,11.94,,,
T,37.076721000,-88.325112000,106.5,,104.1,1.5,32.099,5.96,,,
T,37.076689000,-88.324920000,106.8,,101.8,1.6,32.116,17.44,,,
T,37.076663000,-88.324725000,107.0,,99.5,1.0,32.134,17.58,,,
T,37.076648000,-88.324532000,107.2,,95.6,1.4,32.151,17.24,,,
T,37.076640000,-88.324338000,107.5,,93.0,1.6,32.168,17.27,,,
T,37.076642000,-88.324147000,107.7,,89.2,1.4,32.185,16.99,,,
T,37.076649000,-88.323958000,108.0,,87.3,1.6,32.202,16.82,,,
T,37.076664000,-88.323768000,108.4,,84.3,2.2,32.219,16.98,,,
T,37.076685000,-88.323580000,108.9,,82.0,3.2,32.236,16.88,,,
T,37.076710000,-88.323392000,109.2,,80.5,2.0,32.253,16.95,,,
T,37.076741000,-88.323205000,109.3,,78.3,0.1,32.270,16.98,,,
T,37.076808000,-88.322825000,108.5,,77.5,-2.2,32.305,34.60,,,
T,37.076840000,-88.322634000,108.7,,78.1,1.5,32.322,17.35,,,
T,37.076974000,-88.321878000,108.6,,77.5,-0.2,32.391,68.85,,,
T,37.077187000,-88.320716000,108.7,,77.1,0.0,32.497,106.00,,,
T,37.077434000,-88.319326000,110.3,,77.4,1.3,32.623,126.60,,,
T,37.077539000,-88.318752000,109.6,,77.1,-1.3,32.676,52.35,,,
T,37.077581000,-88.318515000,109.1,,77.5,-1.9,32.697,21.58,,,
T,37.077644000,-88.318163000,108.9,,77.4,-0.8,32.729,32.07,,,
T,37.077770000,-88.317447000,106.5,,77.6,-3.7,32.795,65.18,,,
T,37.077819000,-88.317181000,105.5,,77.0,-4.1,32.819,24.27,,,
T,37.077887000,-88.316796000,104.7,,77.5,-2.3,32.854,35.06,,,
T,37.077923000,-88.316601000,104.2,,77.0,-3.0,32.872,17.79,,,
T,37.077990000,-88.316200000,103.3,,78.2,-2.3,32.908,36.42,,,
T,37.078025000,-88.315997000,103.2,,77.8,-0.7,32.927,18.46,,,
T,37.078049000,-88.315870000,103.2,,76.7,0.3,32.938,11.60,,,
T,37.078098000,-88.315596000,103.5,,77.4,1.0,32.963,24.96,,,
T,37.078161000,-88.315258000,104.0,,76.8,1.6,32.994,30.86,,,
T,37.078242000,-88.314810000,103.6,,77.2,-0.9,33.035,40.84,,,
T,37.078314000,-88.314425000,103.2,,76.8,-1.1,33.070,35.15,,,
T,37.078546000,-88.313129000,103.2,,77.4,-0.0,33.188,118.08,,,
T,37.078579000,-88.312955000,103.2,,76.6,0.4,33.204,15.90,,,
T,37.078609000,-88.312782000,103.3,,77.7,0.3,33.220,15.74,,,
T,37.078757000,-88.311962000,103.6,,77.3,0.4,33.295,74.74,,,
T,37.078789000,-88.311796000,103.6,,76.4,0.1,33.310,15.18,,,
T,37.078817000,-88.311636000,103.8,,77.6,1.0,33.324,14.56,,,
T,37.078871000,-88.311343000,104.2,,77.0,1.6,33.351,26.73,,,
T,37.078893000,-88.311216000,104.4,,77.7,1.9,33.363,11.55,,,
T,37.078946000,-88.310929000,104.8,,77.0,1.5,33.389,26.19,,,
T,37.078514000,-88.310336000,104.4,,132.4,-0.5,33.460,71.27,,,
T,37.077403000,-88.308848000,107.2,,133.1,1.6,33.641,180.86,,,
T,37.077033000,-88.308390000,109.0,,135.4,3.1,33.699,57.83,,,
T,37.076388000,-88.307627000,110.8,,136.7,1.8,33.797,98.63,,,
T,37.076052000,-88.307225000,110.9,,136.3,0.2,33.849,51.66,,,
T,37.075941000,-88.307070000,110.9,,131.9,0.1,33.868,18.49,,,
T,37.075838000,-88.306902000,111.1,,127.5,0.8,33.886,18.81,,,
T,37.075751000,-88.306718000,111.4,,120.7,1.9,33.905,19.00,,,
T,37.075679000,-88.306518000,112.3,,114.3,4.6,33.925,19.50,,,
T,37.075618000,-88.306308000,113.3,,110.0,5.0,33.945,19.86,,,
T,37.075566000,-88.306094000,114.5,,106.9,6.1,33.965,19.89,,,
T,37.075466000,-88.305660000,117.0,,106.1,6.2,34.005,40.16,,,
T,37.075202000,-88.304412000,124.1,,104.8,6.2,34.120,114.78,,,
T,37.074952000,-88.303217000,128.5,,104.7,3.9,34.229,109.83,,,
T,37.074856000,-88.302834000,129.0,,107.4,1.4,34.265,35.69,,,
T,37.074798000,-88.302644000,128.8,,110.9,-0.6,34.283,18.08,,,
T,37.074730000,-88.302456000,129.3,,114.4,2.5,34.301,18.34,,,
T,37.074650000,-88.302277000,130.0,,119.3,4.0,34.320,18.23,,,
T,37.074470000,-88.301934000,131.5,,123.3,4.0,34.356,36.46,,,
T,37.074369000,-88.301772000,132.2,,128.0,4.0,34.374,18.25,,,
T,37.074261000,-88.301619000,133.2,,131.5,5.7,34.393,18.13,,,
T,37.074148000,-88.301476000,134.3,,134.7,6.0,34.410,17.86,,,
T,37.074030000,-88.301346000,135.1,,138.7,4.4,34.428,17.47,,,
T,37.073903000,-88.301226000,135.7,,143.0,3.6,34.446,17.68,,,
T,37.073644000,-88.301016000,136.3,,147.1,1.6,34.480,34.28,,,
T,37.073379000,-88.300816000,136.0,,148.9,-0.7,34.514,34.37,,,
T,37.072996000,-88.300544000,134.2,,150.5,-3.7,34.563,48.91,,,
T,37.072843000,-88.300441000,134.3,,151.8,0.4,34.582,19.29,,,
T,37.072708000,-88.300362000,134.5,,155.0,1.4,34.599,16.55,,,
T,37.072578000,-88.300292000,134.9,,156.8,2.6,34.615,15.71,,,
T,37.072444000,-88.300238000,135.5,,162.2,3.6,34.630,15.63,,,
T,37.072159000,-88.300156000,135.7,,167.1,0.5,34.663,32.46,,,
T,37.071810000,-88.300097000,135.4,,172.3,-0.7,34.702,39.09,,,
T,37.071418000,-88.300029000,134.8,,172.1,-1.3,34.746,43.92,,,
T,37.071263000,-88.299992000,134.6,,169.2,-1.0,34.763,17.51,,,
T,37.071112000,-88.299945000,134.4,,166.1,-1.3,34.781,17.27,,,
T,37.070818000,-88.299829000,134.3,,162.5,-0.2,34.815,34.22,,,
T,37.070542000,-88.299687000,134.4,,157.7,0.0,34.848,33.13,,,
T,37.069866000,-88.299260000,132.7,,153.3,-2.0,34.932,84.08,,,
T,37.069592000,-88.299101000,132.0,,155.2,-1.9,34.965,33.54,,,
T,37.069319000,-88.298974000,131.9,,159.6,-0.5,34.998,32.33,,,
T,37.069184000,-88.298926000,132.3,,164.2,2.9,35.013,15.58,,,
T,37.068888000,-88.298855000,133.4,,169.2,3.1,35.047,33.45,,,
T,37.068131000,-88.298745000,135.1,,173.4,2.0,35.131,84.58,,,
T,37.068114000,-88.298742000,135.1,,172.0,0.4,35.133,1.91,,,
T,37.067696000,-88.298669000,135.1,,172.1,0.0,35.180,46.84,,,
T,37.067428000,-88.298588000,135.2,,166.4,0.1,35.211,30.60,,,
T,37.067299000,-88.298533000,135.1,,161.2,-0.2,35.226,15.13,,,
T,37.067050000,-88.298387000,134.7,,154.9,-1.5,35.256,30.53,,,
T,37.066932000,-88.298299000,134.2,,149.2,-2.8,35.272,15.26,,,
T,37.066817000,-88.298204000,134.2,,146.6,-0.4,35.287,15.31,,,
T,37.066609000,-88.297993000,133.4,,141.0,-2.5,35.317,29.75,,,
T,37.066514000,-88.297876000,133.3,,135.5,-1.1,35.332,14.81,,,
T,37.066429000,-88.297752000,132.5,,130.7,-5.3,35.346,14.51,,,
T,37.066353000,-88.297619000,132.2,,125.6,-2.1,35.361,14.53,,,
T,37.066258000,-88.297408000,131.8,,119.4,-1.8,35.382,21.52,,,
T,37.066184000,-88.297200000,131.0,,114.0,-4.1,35.402,20.24,,,
T,37.066128000,-88.297034000,130.1,,112.9,-5.7,35.418,16.02,,,
T,37.065933000,-88.296404000,128.0,,111.2,-3.5,35.478,60.06,,,
T,37.065791000,-88.295905000,126.2,,109.6,-3.7,35.526,47.09,,,
T,37.065567000,-88.295071000,125.7,,108.6,-0.7,35.604,78.23,,,
T,37.065228000,-88.293911000,115.6,,110.1,-9.2,35.714,109.81,,,
T,37.065101000,-88.293436000,112.3,,108.5,-7.5,35.758,44.53,,,
T,37.064821000,-88.292272000,107.3,,106.8,-4.6,35.866,108.08,,,
T,37.064416000,-88.290466000,108.5,,105.7,0.7,36.033,166.79,,,
T,37.064370000,-88.290260000,109.2,,105.6,3.5,36.052,19.02,,,
T,37.064189000,-88.289413000,114.3,,105.0,6.6,36.130,77.96,,,
T,37.063813000,-88.287749000,120.8,,105.8,4.2,36.284,153.76,,,
T,37.063681000,-88.287193000,123.8,,106.6,5.7,36.335,51.57,,,
T,37.063629000,-88.287023000,124.7,,111.0,5.5,36.351,16.18,,,
T,37.063567000,-88.286861000,125.1,,115.6,3.0,36.367,15.97,,,
T,37.063493000,-88.286706000,125.3,,120.9,0.9,36.383,16.05,,,
T,37.063411000,-88.286560000,125.0,,125.1,-1.9,36.399,15.86,,,
T,37.063322000,-88.286422000,124.9,,128.9,-0.3,36.415,15.75,,,
T,37.063212000,-88.286279000,125.6,,133.9,3.5,36.433,17.63,,,
T,37.063118000,-88.286176000,126.2,,138.8,4.3,36.447,13.88,,,
T,37.062886000,-88.285964000,127.5,,143.9,4.0,36.479,31.91,,,
T,37.062629000,-88.285786000,127.5,,151.1,0.1,36.511,32.62,,,
T,37.062056000,-88.285461000,125.7,,155.6,-2.5,36.581,69.85,,,
T,37.061011000,-88.284897000,128.5,,156.7,2.2,36.707,126.36,,,
T,37.060638000,-88.284689000,126.9,,156.0,-3.7,36.753,45.34,,,
T,37.060475000,-88.284603000,126.2,,157.2,-3.2,36.772,19.64,,,
T,37.059966000,-88.284322000,124.7,,156.2,-2.5,36.834,61.77,,,
T,37.059838000,-88.284249000,124.7,,155.5,0.1,36.850,15.62,,,
T,37.059594000,-88.284102000,124.6,,154.3,-0.2,36.880,30.07,,,
T,37.059476000,-88.284026000,124.5,,152.8,-1.2,36.895,14.74,,,
T,37.059361000,-88.283946000,123.8,,151.0,-4.4,36.909,14.61,,,
T,37.059247000,-88.283858000,123.2,,148.4,-4.0,36.924,14.88,,,
T,37.059132000,-88.283763000,122.6,,146.6,-4.2,36.939,15.31,,,
T,37.059018000,-88.283656000,121.7,,143.2,-5.6,36.955,15.83,,,
T,37.058903000,-88.283538000,120.7,,140.7,-6.2,36.972,16.52,,,
T,37.058824000,-88.283451000,120.1,,138.7,-5.1,36.983,11.69,,,
T,37.058788000,-88.283411000,119.7,,138.4,-6.7,36.989,5.35,,,
T,37.058672000,-88.283274000,118.6,,136.7,-6.1,37.006,17.73,,,
T,37.058556000,-88.283130000,117.6,,135.3,-5.8,37.025,18.16,,,
T,37.058443000,-88.282982000,116.4,,133.7,-6.6,37.043,18.18,,,
T,37.058334000,-88.282832000,115.0,,132.3,-7.7,37.061,18.01,,,
T,37.058228000,-88.282683000,113.6,,131.7,-7.9,37.079,17.72,,,
T,37.058123000,-88.282532000,112.3,,131.1,-7.0,37.096,17.78,,,
T,37.057594000,-88.281762000,108.7,,130.7,-4.0,37.186,90.21,,,
T,37.057109000,-88.281059000,107.8,,130.8,-1.1,37.269,82.50,,,
T,37.056828000,-88.280653000,108.4,,130.9,1.3,37.317,47.71,,,
T,37.055963000,-88.279408000,116.3,,131.0,5.3,37.463,146.55,,,
T,37.055650000,-88.278952000,115.2,,130.7,-2.1,37.517,53.40,,,
T,37.055405000,-88.278601000,115.1,,131.2,-0.2,37.558,41.40,,,
T,37.055316000,-88.278474000,115.6,,131.3,3.7,37.573,15.01,,,
T,37.055184000,-88.278279000,117.3,,130.3,7.4,37.596,22.70,,,
T,37.055095000,-88.278149000,119.0,,130.6,11.2,37.611,15.21,,,
T,37.054991000,-88.277989000,121.2,,129.2,11.8,37.629,18.32,,,
T,37.054891000,-88.277830000,123.4,,128.2,12.2,37.647,17.98,,,
T,37.054699000,-88.277515000,126.2,,127.4,7.9,37.682,35.20,,,
T,37.054501000,-88.277174000,125.2,,126.0,-2.7,37.720,37.45,,,
T,37.054337000,-88.276880000,122.8,,125.0,-7.4,37.752,31.86,,,
T,37.054160000,-88.276553000,120.5,,124.1,-6.4,37.787,35.10,,,
T,37.054074000,-88.276386000,119.3,,122.8,-7.3,37.805,17.66,,,
T,37.053989000,-88.276217000,118.1,,122.2,-6.6,37.822,17.75,,,
T,37.053901000,-88.276048000,116.8,,123.1,-6.9,37.840,17.93,,,
T,37.053815000,-88.275875000,116.5,,121.9,-1.7,37.858,18.11,,,
T,37.053642000,-88.275533000,117.8,,122.4,3.7,37.894,35.97,,,
T,37.053389000,-88.275029000,117.5,,122.2,-0.7,37.947,52.90,,,
T,37.053060000,-88.274346000,117.9,,121.1,0.6,38.018,70.88,,,
T,37.052973000,-88.274172000,118.7,,122.1,4.1,38.036,18.24,,,
T,37.052887000,-88.273996000,119.5,,121.5,4.6,38.055,18.34,,,
T,37.052799000,-88.273827000,120.8,,123.1,7.1,38.073,17.93,,,
T,37.052707000,-88.273662000,122.1,,124.9,7.5,38.090,17.88,,,
T,37.052613000,-88.273500000,123.2,,126.0,6.3,38.108,17.79,,,
T,37.052515000,-88.273343000,124.0,,128.0,4.6,38.126,17.70,,,
T,37.052416000,-88.273192000,124.8,,129.4,4.2,38.143,17.35,,,
T,37.052314000,-88.273045000,124.9,,131.0,0.7,38.161,17.29,,,
T,37.052209000,-88.272901000,124.9,,132.4,-0.1,38.178,17.32,,,
T,37.052102000,-88.272761000,125.0,,133.8,0.8,38.195,17.21,,,
T,37.052050000,-88.272696000,125.0,,135.1,-0.2,38.203,8.17,,,
T,37.051993000,-88.272625000,125.0,,135.2,-0.2,38.212,8.94,,,
T,37.051944000,-88.272568000,125.0,,137.1,1.0,38.220,7.43,,,
T,37.051881000,-88.272494000,125.3,,136.8,2.4,38.229,9.60,,,
T,37.051781000,-88.272389000,125.9,,140.0,4.6,38.244,14.51,,,
T,37.051646000,-88.272255000,126.8,,141.6,4.6,38.263,19.15,,,
T,37.051526000,-88.272145000,127.6,,143.8,4.6,38.279,16.53,,,
T,37.051406000,-88.272042000,128.0,,145.6,2.7,38.296,16.16,,,
T,37.051286000,-88.271944000,128.5,,146.9,2.9,38.312,15.92,,,
T,37.051166000,-88.271850000,128.7,,148.0,1.8,38.327,15.72,,,
T,37.051046000,-88.271760000,129.0,,149.1,1.9,38.343,15.54,,,
T,37.050923000,-88.271673000,129.4,,150.6,2.5,38.358,15.69,,,
T,37.050287000,-88.271231000,133.2,,151.0,4.7,38.439,80.79,,,
T,37.050154000,-88.271142000,134.0,,151.9,4.6,38.456,16.75,,,
T,37.049887000,-88.270960000,135.8,,151.5,5.5,38.490,33.77,,,
T,37.049754000,-88.270864000,136.2,,150.1,1.9,38.507,17.05,,,
T,37.049622000,-88.270763000,136.7,,148.6,3.3,38.524,17.18,,,
T,37.049493000,-88.270651000,136.8,,145.3,0.2,38.541,17.44,,,
T,37.049366000,-88.270533000,136.8,,143.4,0.4,38.559,17.57,,,
T,37.049243000,-88.270407000,137.0,,140.7,1.1,38.577,17.66,,,
T,37.048873000,-88.270012000,137.8,,139.6,1.4,38.631,54.04,,,
T,37.048622000,-88.269740000,137.2,,139.1,-1.7,38.668,36.90,,,
T,37.048496000,-88.269601000,137.5,,138.6,1.8,38.686,18.67,,,
T,37.048238000,-88.269327000,138.3,,139.7,2.1,38.724,37.60,,,
T,37.047986000,-88.269055000,138.9,,139.3,1.7,38.761,36.98,,,
T,37.047863000,-88.268919000,139.1,,138.6,0.8,38.779,18.24,,,
T,37.047584000,-88.268605000,137.6,,138.1,-3.6,38.821,41.70,,,
T,37.047499000,-88.268509000,136.9,,138.0,-5.4,38.834,12.72,,,
T,37.047015000,-88.267980000,134.0,,138.9,-4.0,38.905,71.41,,,
T,37.046896000,-88.267854000,133.6,,139.8,-2.2,38.922,17.32,,,
T,37.046777000,-88.267732000,133.8,,140.7,0.9,38.939,17.09,,,
T,37.046656000,-88.267617000,134.0,,142.8,1.1,38.956,16.88,,,
T,37.046532000,-88.267515000,134.2,,146.7,1.6,38.973,16.48,,,
T,37.046404000,-88.267429000,135.0,,151.8,4.8,38.989,16.13,,,
T,37.046272000,-88.267356000,135.5,,156.2,2.8,39.005,16.02,,,
T,37.046137000,-88.267297000,136.6,,160.8,7.1,39.021,15.87,,,
T,37.045998000,-88.267254000,137.6,,166.1,6.1,39.037,15.89,,,
T,37.045858000,-88.267227000,138.5,,171.2,6.0,39.052,15.72,,,
T,37.045716000,-88.267214000,139.4,,175.8,5.6,39.068,15.80,,,
T,37.045574000,-88.267213000,139.7,,179.7,1.9,39.084,15.76,,,
T,37.045432000,-88.267227000,139.9,,184.5,1.2,39.100,15.81,,,
T,37.045291000,-88.267256000,139.8,,189.3,-0.2,39.116,15.86,,,
T,37.045151000,-88.267300000,140.1,,194.1,1.8,39.132,16.02,,,
T,37.045013000,-88.267359000,140.5,,198.8,2.2,39.148,16.19,,,
T,37.044876000,-88.267434000,140.6,,203.6,0.5,39.164,16.60,,,
T,37.044738000,-88.267527000,140.9,,208.3,1.9,39.182,17.41,,,
T,37.044606000,-88.267637000,142.3,,213.6,7.9,39.199,17.62,,,
T,37.044481000,-88.267758000,142.6,,217.7,1.6,39.217,17.56,,,
T,37.044237000,-88.268016000,142.9,,220.2,0.9,39.253,35.50,,,
T,37.043953000,-88.268310000,142.4,,219.6,-1.2,39.293,40.96,,,
T,37.043748000,-88.268510000,142.4,,217.9,-0.2,39.322,28.88,,,
T,37.043562000,-88.268673000,141.9,,215.0,-1.9,39.348,25.23,,,
T,37.043397000,-88.268846000,141.1,,219.9,-3.1,39.372,23.92,,,
T,37.043271000,-88.268932000,140.8,,208.6,-2.4,39.387,15.94,,,
T,37.043141000,-88.269009000,140.4,,205.3,-2.0,39.403,15.97,,,
T,37.043007000,-88.269074000,140.0,,201.2,-2.8,39.419,15.96,,,
T,37.042950000,-88.269094000,139.9,,195.6,-1.2,39.426,6.57,,,
T,37.042868000,-88.269123000,139.7,,195.8,-1.9,39.435,9.46,,,
T,37.042725000,-88.269156000,139.2,,190.4,-3.3,39.452,16.14,,,
T,37.042578000,-88.269177000,138.7,,186.5,-3.3,39.468,16.42,,,
T,37.042430000,-88.269186000,138.2,,182.8,-3.0,39.484,16.44,,,
T,37.042282000,-88.269182000,137.8,,178.8,-2.5,39.501,16.43,,,
T,37.042134000,-88.269164000,137.5,,174.5,-1.6,39.517,16.50,,,
T,37.041987000,-88.269133000,137.1,,170.4,-2.4,39.534,16.55,,,
T,37.041841000,-88.269090000,137.0,,166.8,-0.3,39.551,16.65,,,
T,37.041695000,-88.269051000,137.4,,168.0,2.0,39.567,16.57,,,
T,37.041547000,-88.268977000,137.6,,158.2,1.2,39.585,17.70,,,
T,37.041333000,-88.268889000,137.4,,161.8,-0.7,39.610,25.01,,,
T,37.040828000,-88.268653000,132.9,,159.5,-7.6,39.670,59.85,,,
T,37.040117000,-88.268299000,135.5,,158.3,3.1,39.755,84.96,,,
T,37.039509000,-88.268009000,136.5,,159.2,1.4,39.827,72.24,,,
T,37.037836000,-88.267192000,135.0,,158.7,-0.7,40.026,199.39,,,
T,37.036285000,-88.266439000,131.9,,158.8,-1.7,40.211,184.70,,,
T,37.033836000,-88.265257000,126.0,,158.9,-2.0,40.502,291.42,,,
T,37.033001000,-88.264856000,124.4,,159.0,-1.6,40.602,99.30,,,
T,37.032438000,-88.264573000,123.2,,158.1,-1.7,40.669,67.36,,,
T,37.031791000,-88.264205000,122.0,,155.6,-1.6,40.748,78.92,,,
T,37.031354000,-88.263932000,120.4,,153.5,-2.8,40.802,54.24,,,
T,37.030558000,-88.263378000,118.4,,150.9,-2.0,40.903,101.16,,,
T,37.029853000,-88.262861000,119.7,,149.7,1.4,40.994,90.76,,,
T,37.029687000,-88.262729000,120.1,,147.6,1.9,41.016,21.85,,,
T,37.029359000,-88.262463000,121.8,,147.1,3.9,41.059,43.42,,,
T,37.028676000,-88.261804000,124.4,,142.4,2.8,41.155,95.83,,,
T,37.028179000,-88.261291000,126.0,,140.5,2.2,41.227,71.59,,,
T,37.027638000,-88.260653000,126.2,,136.7,0.2,41.309,82.63,,,
T,37.026469000,-88.259149000,125.8,,134.2,-0.2,41.496,186.39,,,
T,37.025948000,-88.258477000,129.4,,134.2,4.3,41.579,83.18,,,
T,37.025850000,-88.258361000,129.4,,136.6,0.1,41.594,14.99,,,
T,37.025584000,-88.258123000,129.6,,144.5,0.6,41.630,36.33,,,
T,37.025370000,-88.257879000,130.2,,137.7,1.9,41.662,32.18,,,
T,37.025135000,-88.257645000,130.1,,141.5,-0.4,41.696,33.37,,,
T,37.024950000,-88.257442000,129.5,,138.8,-2.1,41.723,27.35,1,,
T,37.024950000,-88.257442000,129.5,,138.8,,41.723,0.00,,,
T,37.024777000,-88.257252000,129.1,,138.8,-1.5,41.749,25.58,,,
T,37.024604000,-88.257054000,128.7,,137.6,-1.5,41.775,26.06,,,
T,37.024506000,-88.256959000,128.3,,142.3,-3.0,41.789,13.77,,,
T,37.024407000,-88.256870000,127.9,,144.3,-3.2,41.802,13.54,,,
T,37.024303000,-88.256786000,127.4,,147.2,-3.6,41.816,13.75,,,
T,37.024199000,-88.256706000,126.8,,148.4,-4.1,41.829,13.56,,,
T,37.024094000,-88.256631000,126.2,,150.3,-4.4,41.843,13.43,,,
T,37.023288000,-88.256172000,123.6,,155.6,-2.7,41.941,98.33,,,
T,37.023186000,-88.256122000,123.9,,158.6,2.1,41.953,12.16,,,
T,37.023109000,-88.256115000,124.1,,175.8,2.2,41.962,8.57,,,
T,37.022969000,-88.256166000,124.5,,196.2,2.6,41.978,16.19,,,
T,37.022037000,-88.257279000,124.2,,223.6,-0.2,42.121,143.20,,,
T,37.021568000,-88.257841000,125.9,,223.7,2.4,42.194,72.18,,,
T,37.020911000,-88.258649000,127.7,,224.5,1.8,42.296,102.40,,,
T,37.020590000,-88.259015000,127.9,,222.3,0.3,42.344,48.27,,,
T,37.020475000,-88.259207000,127.6,,233.1,-1.2,42.366,21.33,,,
T,37.020391000,-88.259351000,127.6,,233.8,-0.4,42.381,15.85,,,
T,37.020314000,-88.259500000,127.2,,237.1,-2.6,42.397,15.77,,,
T,37.020233000,-88.259661000,127.5,,237.8,1.8,42.414,16.91,,,
T,37.020168000,-88.259804000,127.9,,240.3,3.0,42.429,14.63,,,
T,37.020093000,-88.259969000,128.1,,240.3,1.2,42.446,16.88,,,
T,37.020027000,-88.260130000,128.0,,242.8,-0.4,42.462,16.09,,,
T,37.019978000,-88.260266000,127.9,,245.7,-0.8,42.475,13.27,,,
T,37.019901000,-88.260494000,128.1,,247.1,0.6,42.497,22.02,,,
T,37.019834000,-88.260710000,128.2,,248.8,0.4,42.518,20.61,,,
T,37.019783000,-88.260895000,127.3,,251.0,-5.0,42.535,17.41,,,
T,37.019733000,-88.261077000,125.7,,251.0,-9.2,42.552,17.12,,,
T,37.019694000,-88.261230000,124.2,,252.3,-10.9,42.566,14.29,,,
T,37.019676000,-88.261335000,123.2,,257.9,-9.6,42.576,9.55,,,
T,37.019655000,-88.261473000,122.2,,259.2,-8.2,42.588,12.50,,,
T,37.019639000,-88.261595000,121.7,,260.7,-4.3,42.599,11.00,,,
T,37.019625000,-88.261732000,121.7,,262.7,-0.7,42.612,12.29,,,
T,37.019612000,-88.261904000,122.8,,264.6,7.1,42.627,15.37,,,
T,37.019599000,-88.262089000,124.9,,265.0,13.1,42.644,16.53,,,
T,37.019594000,-88.262275000,126.5,,268.1,9.3,42.660,16.56,,,
T,37.019583000,-88.263972000,127.5,,269.5,0.7,42.811,151.02,,,
T,37.019558000,-88.267172000,124.0,,269.4,-1.2,43.096,284.78,,,
T,37.019551000,-88.267397000,123.1,,267.8,-4.4,43.116,20.04,,,
T,37.019543000,-88.267542000,122.9,,266.0,-1.5,43.129,12.93,,,
T,37.019526000,-88.267706000,122.6,,262.6,-2.1,43.144,14.72,,,
T,37.019498000,-88.267854000,122.3,,256.7,-2.4,43.157,13.53,,,
T,37.019468000,-88.267991000,122.0,,254.7,-1.8,43.170,12.64,,,
T,37.019418000,-88.268165000,121.9,,250.2,-1.0,43.186,16.45,,,
T,37.019359000,-88.268324000,122.0,,245.1,0.7,43.202,15.59,,,
T,37.019306000,-88.268454000,122.7,,243.0,5.7,43.215,12.98,,,
T,37.019241000,-88.268578000,122.1,,236.7,-4.9,43.228,13.18,,,
T,37.019168000,-88.268697000,122.0,,232.5,-1.0,43.241,13.33,,,
T,37.019045000,-88.268853000,122.0,,225.4,0.5,43.261,19.47,,,
T,37.018876000,-88.269038000,119.9,,221.2,-8.6,43.286,24.96,,,
T,37.018689000,-88.269213000,113.1,,216.8,-26.3,43.312,25.95,,,
T,37.018552000,-88.269345000,106.9,,217.6,-32.2,43.331,19.21,1,,
T,37.018552000,-88.269345000,106.9,,217.6,,43.331,0.00,,,
T,37.011984000,-88.275680000,105.2,,217.6,-0.2,44.252,921.49,,,
T,37.008233000,-88.279382000,107.1,,218.2,0.4,44.783,530.89,,,
T,37.005565000,-88.281894000,106.9,,216.9,-0.0,45.154,371.02,,,
T,37.003828000,-88.283560000,109.1,,217.5,0.9,45.398,243.20,,,
T,37.003061000,-88.284292000,112.4,,217.3,3.1,45.505,107.19,,,
T,37.002894000,-88.284397000,114.0,,206.7,7.8,45.526,20.76,,,
T,37.002661000,-88.284668000,115.0,,222.9,2.9,45.561,35.36,,,
T,37.002496000,-88.284840000,115.1,,219.8,0.3,45.585,23.87,,,
T,37.002305000,-88.285062000,115.7,,222.9,2.0,45.614,28.98,,,
T,37.002209000,-88.285186000,115.7,,225.9,0.1,45.629,15.34,,,
T,37.002134000,-88.285303000,115.8,,231.2,1.0,45.642,13.33,,,
T,37.002062000,-88.285439000,116.0,,236.5,1.4,45.657,14.50,,,
T,37.001956000,-88.285673000,114.5,,240.4,-6.3,45.681,23.92,,,
T,37.001917000,-88.285787000,114.5,,246.8,-0.2,45.692,11.03,,,
T,37.001853000,-88.286019000,114.9,,250.9,1.8,45.714,21.84,,,
T,37.001812000,-88.286220000,115.4,,255.7,2.9,45.732,18.46,,,
T,37.001797000,-88.286343000,115.7,,261.3,2.4,45.743,11.07,,,
T,37.001783000,-88.286706000,115.7,,267.2,0.1,45.776,32.35,,,
T,37.001791000,-88.287265000,114.0,,271.0,-3.5,45.825,49.76,,,
T,37.001801000,-88.287763000,114.8,,271.4,1.9,45.870,44.34,,,
T,37.001805000,-88.287925000,116.4,,271.8,11.2,45.884,14.43,,,
T,37.001888000,-88.290470000,112.6,,272.3,-1.7,46.111,226.72,,,
T,37.001931000,-88.291796000,112.6,,272.3,0.1,46.229,118.12,,,
T,37.001972000,-88.292885000,106.8,,272.7,-6.0,46.326,97.04,,,
T,37.002043000,-88.295191000,106.6,,272.2,-0.1,46.531,205.41,,,
T,37.002078000,-88.295614000,106.7,,275.9,0.4,46.569,37.85,,,
T,37.002145000,-88.296534000,108.1,,275.2,1.7,46.651,82.23,,,
T,37.002187000,-88.297018000,109.8,,276.2,3.8,46.695,43.33,,,
T,37.002200000,-88.297200000,111.6,,275.1,11.2,46.711,16.26,,,
T,37.002204000,-88.297259000,112.5,,274.9,16.1,46.716,5.27,,,
T,37.002226000,-88.297592000,116.3,,274.7,12.7,46.746,29.74,,,
T,37.002255000,-88.298087000,116.3,,274.2,0.0,46.790,44.18,,,
T,37.002280000,-88.298729000,113.0,,272.8,-5.7,46.847,57.21,,,
T,37.002293000,-88.299321000,111.9,,271.6,-2.1,46.900,52.71,,,
T,37.002297000,-88.299953000,113.8,,270.5,3.3,46.956,56.26,,,
T,37.002299000,-88.300667000,119.8,,270.2,9.4,47.020,63.55,,,
T,37.002301000,-88.301518000,120.6,,270.2,1.2,47.096,75.75,,,
T,37.002316000,-88.302057000,119.7,,272.0,-2.0,47.144,48.00,,,
T,37.002351000,-88.303153000,119.0,,272.3,-0.6,47.241,97.63,,,
T,37.002395000,-88.304455000,117.4,,272.4,-1.4,47.357,115.99,,,
T,37.002407000,-88.304791000,118.0,,272.6,2.1,47.387,29.94,,,
T,37.002449000,-88.306026000,114.5,,272.4,-3.2,47.497,110.02,,,
T,37.002465000,-88.306508000,110.7,,272.4,-8.9,47.540,42.94,,,
T,37.002477000,-88.306888000,108.9,,272.3,-5.3,47.574,33.85,,,
T,37.002495000,-88.307438000,106.9,,272.3,-4.1,47.623,49.00,,,
T,37.002512000,-88.307955000,106.9,,272.4,0.1,47.669,46.06,,,
T,37.002516000,-88.308068000,106.9,,272.5,-0.6,47.679,10.07,1,,
T,37.002516000,-88.308068000,106.9,,272.5,,47.679,0.00,,,
T,37.002522000,-88.308241000,106.8,,272.5,-0.8,47.695,15.41,,,
T,37.002545000,-88.308938000,106.6,,272.4,-0.2,47.757,62.09,,,
T,37.002575000,-88.309993000,106.7,,272.0,0.1,47.851,93.96,,,
T,37.002592000,-88.310904000,106.7,,271.3,0.0,47.932,81.11,,,
T,37.002581000,-88.311382000,106.8,,268.3,0.2,47.974,42.56,,,
T,37.002591000,-88.311707000,106.7,,272.2,-0.3,48.003,28.95,,,
T,37.002608000,-88.312306000,104.8,,272.0,-3.6,48.057,53.35,,,
T,37.002609000,-88.312322000,104.6,,274.5,-10.3,48.058,1.43,,,
T,37.002633000,-88.312967000,105.6,,272.7,1.7,48.116,57.47,,,
T,37.002634000,-88.312989000,105.7,,273.3,4.8,48.118,1.96,,,
T,37.002634000,-88.312990000,105.7,,270.0,4.5,48.118,0.09,,,
T,37.002718000,-88.315639000,106.6,,272.3,0.4,48.354,235.97,,,
T,37.002736000,-88.316161000,105.1,,272.5,-3.1,48.400,46.51,,,
T,37.002742000,-88.316322000,105.4,,272.7,1.9,48.414,14.35,,,
T,37.002750000,-88.316595000,106.0,,272.1,2.7,48.439,24.32,,,
T,37.002797000,-88.317938000,106.5,,272.5,0.4,48.558,119.65,,,
T,37.002798000,-88.317976000,106.4,,271.9,-0.9,48.562,3.38,,,
T,37.002821000,-88.318726000,106.8,,272.2,0.5,48.629,66.81,,,
T,37.002831000,-88.319120000,106.5,,271.8,-0.8,48.664,35.09,,,
T,37.002839000,-88.319383000,106.4,,272.2,-0.3,48.687,23.43,,,
T,37.002844000,-88.319513000,106.4,,272.8,-0.0,48.699,11.58,,,
T,37.002844000,-88.319705000,106.4,,270.0,0.0,48.716,17.09,,,
T,37.002863000,-88.320470000,106.7,,271.8,0.5,48.784,68.12,,,
T,37.002921000,-88.320865000,106.7,,280.4,-0.1,48.820,35.74,,,
T,37.002968000,-88.322013000,106.9,,272.9,0.2,48.922,102.31,,,
T,37.002990000,-88.322485000,106.7,,273.3,-0.4,48.964,42.08,,,
T,37.003011000,-88.322949000,106.2,,273.2,-1.3,49.005,41.37,,,
T,37.003018000,-88.323250000,106.1,,271.7,-0.2,49.032,26.80,,,
T,37.003059000,-88.324407000,106.6,,272.5,0.5,49.135,103.08,,,
T,37.003067000,-88.324631000,106.6,,272.6,-0.0,49.155,19.96,,,
T,37.003072000,-88.324766000,106.6,,272.7,-0.0,49.167,12.03,,,
T,37.003080000,-88.324990000,106.6,,272.6,-0.0,49.187,19.96,,,
T,37.003145000,-88.326862000,109.6,,272.5,1.8,49.354,166.78,,,
T,37.003212000,-88.329096000,115.5,,272.2,3.0,49.553,198.98,,,
T,37.003162000,-88.329514000,115.5,,261.5,0.0,49.591,37.62,,,
T,37.003217000,-88.330544000,115.2,,273.8,-0.4,49.682,91.88,,,
T,37.003301000,-88.332648000,110.4,,272.9,-2.5,49.870,187.50,,,
T,37.003337000,-88.333524000,111.8,,272.9,1.9,49.948,78.07,,,
T,37.003361000,-88.334121000,111.8,,272.9,-0.1,50.001,53.20,,,
T,37.003474000,-88.336960000,111.1,,272.9,-0.3,50.254,253.00,,,
T,37.003501000,-88.337631000,110.5,,272.9,-0.9,50.314,59.80,,,
T,37.003596000,-88.339953000,110.3,,272.9,-0.1,50.521,206.94,,,
T,37.003814000,-88.344322000,110.3,,273.6,0.0,50.911,389.62,,,
T,37.003840000,-88.344831000,111.7,,273.7,3.1,50.956,45.40,,,
T,37.003842000,-88.344876000,111.8,,273.2,3.4,50.960,4.01,,,
T,37.003849000,-88.345060000,112.2,,272.7,2.4,50.976,16.40,,,
T,37.003867000,-88.345566000,112.8,,272.6,1.3,51.022,45.08,,,
T,37.003893000,-88.346120000,113.7,,273.4,1.9,51.071,49.39,,,
T,37.003897000,-88.346221000,114.1,,272.8,4.5,51.080,9.00,,,
T,37.003901000,-88.346321000,114.5,,272.9,4.1,51.089,8.91,,,
T,37.003914000,-88.346640000,115.6,,272.9,3.7,51.117,28.43,,,
T,37.003942000,-88.347352000,118.6,,272.8,4.8,51.181,63.45,,,
T,37.003971000,-88.348108000,121.9,,272.8,4.9,51.248,67.37,,,
T,37.003981000,-88.348361000,122.1,,272.8,1.1,51.271,22.55,,,
T,37.003994000,-88.348708000,123.0,,272.7,2.7,51.302,30.92,,,
T,37.004005000,-88.348979000,123.5,,272.9,2.2,51.326,24.15,,,
T,37.004096000,-88.352550000,134.9,,271.8,3.6,51.644,318.00,,,
T,37.004136000,-88.353656000,137.4,,272.6,2.5,51.742,98.54,,,
T,37.004148000,-88.353990000,138.0,,272.6,1.8,51.772,29.76,,,
T,37.004159000,-88.354464000,137.6,,271.7,-0.8,51.814,42.21,,,
T,37.004231000,-88.358523000,137.3,,271.3,-0.1,52.176,361.37,,,
T,37.004311000,-88.361682000,134.1,,271.8,-1.1,52.457,281.31,,,
T,37.004335000,-88.362646000,132.5,,271.8,-1.8,52.543,85.84,,,
T,37.004372000,-88.364292000,129.0,,271.6,-2.4,52.689,146.56,,,
T,37.004390000,-88.365162000,131.9,,271.5,3.8,52.767,77.46,,,
T,37.004416000,-88.366407000,127.8,,271.5,-3.8,52.878,110.85,,,
T,37.004424000,-88.366690000,126.6,,272.0,-4.4,52.903,25.20,,,
T,37.004470000,-88.368759000,131.0,,271.6,2.4,53.087,184.23,,,
T,37.004557000,-88.372528000,134.7,,271.7,1.1,53.423,335.60,,,
T,37.004638000,-88.376210000,130.2,,271.6,-1.4,53.750,327.84,,,
T,37.004704000,-88.379073000,129.3,,271.7,-0.4,54.005,254.93,,,
T,37.004772000,-88.381798000,124.5,,271.8,-2.0,54.248,242.66,,,
T,37.004843000,-88.385314000,127.0,,271.4,0.8,54.561,313.04,,,
T,37.004879000,-88.386701000,121.7,,271.9,-4.3,54.685,123.52,,,
T,37.004950000,-88.389805000,112.7,,271.6,-3.2,54.961,276.39,,,
T,37.004991000,-88.391496000,109.6,,271.7,-2.1,55.112,150.58,,,
T,37.005043000,-88.393669000,110.1,,271.7,0.2,55.305,193.50,,,
T,37.005190000,-88.400317000,119.1,,271.6,1.5,55.897,591.93,,,
T,37.005212000,-88.401402000,116.2,,271.5,-3.0,55.994,96.60,,,
T,37.005273000,-88.403893000,112.9,,271.8,-1.5,56.215,221.82,,,
T,37.005320000,-88.406140000,111.7,,271.5,-0.6,56.416,200.06,,,
T,37.005337000,-88.406796000,109.2,,271.9,-4.3,56.474,58.42,,,
T,37.005457000,-88.412393000,109.5,,271.5,0.1,56.972,498.34,,,
T,37.005478000,-88.413335000,111.5,,271.6,2.4,57.056,83.88,,,
T,37.005505000,-88.414296000,111.7,,272.0,0.2,57.142,85.59,,,
T,37.005510000,-88.414841000,113.0,,270.7,2.7,57.190,48.51,,,
T,37.005579000,-88.417857000,118.4,,271.6,2.0,57.459,268.55,,,
T,37.005588000,-88.418265000,117.1,,271.6,-3.8,57.495,36.33,,,
T,37.005642000,-88.420782000,116.1,,271.5,-0.4,57.719,224.11,,,
T,37.005661000,-88.421733000,118.6,,271.4,2.9,57.804,84.67,,,
T,37.005695000,-88.422765000,121.8,,272.4,3.4,57.896,91.93,,,
T,37.005745000,-88.423635000,121.2,,274.1,-0.8,57.973,77.63,,,
T,37.005805000,-88.424305000,119.7,,276.4,-2.5,58.033,60.00,,,
T,37.006101000,-88.426782000,114.4,,278.5,-2.4,58.256,222.90,,,
T,37.006366000,-88.428977000,106.5,,278.6,-4.0,58.454,197.57,,,
T,37.006435000,-88.429665000,106.7,,277.2,0.3,58.516,61.71,,,
T,37.006489000,-88.430479000,106.6,,274.7,-0.1,58.588,72.70,,,
T,37.006520000,-88.431301000,106.5,,272.7,-0.2,58.662,73.24,,,
T,37.006521000,-88.432116000,106.9,,270.1,0.5,58.734,72.54,,,
T,37.006518000,-88.432249000,106.9,,268.4,-0.1,58.746,11.84,,,
T,37.006489000,-88.433701000,106.9,,268.6,0.0,58.875,129.27,,,
T,37.006421000,-88.436293000,106.6,,268.1,-0.1,59.106,230.82,,,
T,37.006426000,-88.436681000,106.5,,270.9,-0.1,59.141,34.54,,,
T,37.006384000,-88.438784000,104.4,,268.6,-1.2,59.328,187.23,,,
T,37.006358000,-88.440135000,108.3,,268.6,3.2,59.448,120.28,,,
T,37.006359000,-88.440953000,112.8,,270.1,6.3,59.521,72.81,,,
T,37.006371000,-88.441498000,115.5,,271.6,5.6,59.569,48.53,,,
T,37.006509000,-88.447689000,119.1,,271.6,0.7,60.121,551.24,,,
T,37.006620000,-88.452388000,113.0,,271.7,-1.5,60.539,418.41,,,
T,37.006732000,-88.457048000,118.5,,271.7,1.3,60.954,414.94,,,
T,37.006742000,-88.457514000,116.7,,271.5,-4.2,60.996,41.49,,,
T,37.006897000,-88.464021000,118.5,,271.7,0.3,61.575,579.40,,,
T,37.006923000,-88.465156000,118.4,,271.6,-0.1,61.676,101.06,,,
T,37.007001000,-88.468476000,112.3,,271.7,-2.1,61.972,295.62,,,
T,37.007159000,-88.472917000,112.1,,272.6,-0.1,62.367,395.65,,,
T,37.007327000,-88.477490000,116.5,,272.6,1.1,62.775,407.44,,,
T,37.007465000,-88.481234000,106.7,,272.6,-2.9,63.108,333.58,,,
T,37.007511000,-88.482423000,106.7,,272.8,0.0,63.214,105.95,,,
T,37.007570000,-88.484059000,106.7,,272.6,-0.0,63.360,145.76,,,
T,37.007581000,-88.484275000,106.7,,273.6,0.0,63.379,19.26,,,
T,37.007695000,-88.487489000,110.7,,272.5,1.4,63.666,286.33,,,
T,37.007893000,-88.492739000,115.8,,272.7,1.1,64.133,467.78,,,
T,37.008058000,-88.497423000,118.0,,272.5,0.5,64.551,417.29,,,
T,37.008093000,-88.498135000,116.4,,273.5,-2.5,64.614,63.49,,,
T,37.008133000,-88.498701000,116.3,,275.1,-0.2,64.665,50.57,,,
T,37.008178000,-88.499209000,117.8,,276.3,3.2,64.710,45.49,,,
T,37.008248000,-88.499832000,117.9,,278.0,0.3,64.766,55.99,,,
T,37.008414000,-88.501085000,115.2,,279.4,-2.4,64.879,113.03,,,
T,37.008515000,-88.501856000,113.5,,279.3,-2.5,64.949,69.53,,,
T,37.008584000,-88.502141000,110.2,,286.9,-12.2,64.975,26.50,,,
T,37.008612000,-88.502273000,111.3,,284.9,8.8,64.987,12.15,,,
T,37.008797000,-88.503448000,115.0,,281.2,3.5,65.094,106.57,,,
T,37.008820000,-88.503606000,115.4,,280.3,2.4,65.108,14.29,,,
T,37.008961000,-88.504639000,116.7,,279.7,1.4,65.202,93.26,,,
T,37.009060000,-88.505373000,116.4,,279.6,-0.4,65.268,66.24,1,,
T,37.009060000,-88.505373000,116.4,,279.6,,65.268,0.00,,,
T,37.009103000,-88.505691000,117.6,,279.6,4.0,65.296,28.70,,,
T,37.009244000,-88.506747000,119.1,,279.5,1.6,65.392,95.28,,,
T,37.009306000,-88.507225000,119.5,,279.2,0.9,65.435,43.10,,,
T,37.009462000,-88.508389000,119.4,,279.5,-0.1,65.540,105.03,,,
T,37.009541000,-88.509002000,118.7,,279.2,-1.2,65.595,55.26,,,
T,37.009563000,-88.509173000,119.0,,279.2,1.4,65.611,15.41,,,
T,37.009614000,-88.509548000,119.0,,279.7,0.0,65.644,33.85,,,
T,37.009757000,-88.510639000,119.0,,279.3,-0.0,65.743,98.39,,,
T,37.009782000,-88.510819000,118.8,,279.9,-1.0,65.759,16.26,,,
T,37.009902000,-88.511755000,118.8,,279.1,-0.0,65.843,84.36,,,
T,37.009949000,-88.512103000,118.7,,279.6,-0.0,65.875,31.41,,,
T,37.009983000,-88.512320000,118.3,,281.1,-2.3,65.894,19.68,,,
T,37.010059000,-88.512866000,117.5,,279.9,-1.6,65.944,49.32,,,
T,37.010089000,-88.513119000,118.0,,278.4,2.1,65.967,22.76,,,
T,37.010183000,-88.513638000,117.8,,282.8,-0.4,66.014,47.35,,,
T,37.010283000,-88.514157000,114.6,,283.6,-6.8,66.061,47.51,,,
T,37.010338000,-88.514415000,113.6,,284.9,-3.9,66.085,23.76,,,
T,37.010397000,-88.514672000,113.5,,286.0,-0.4,66.109,23.79,,,
T,37.010458000,-88.514927000,113.6,,286.7,0.4,66.133,23.68,,,
T,37.010521000,-88.515183000,113.3,,287.1,-1.4,66.156,23.83,,,
T,37.010587000,-88.515440000,112.9,,287.8,-1.6,66.181,24.02,,,
T,37.010656000,-88.515696000,112.4,,288.7,-2.0,66.205,24.04,,,
T,37.010728000,-88.515952000,112.5,,289.4,0.5,66.229,24.14,,,
T,37.010803000,-88.516206000,112.5,,290.3,-0.2,66.253,24.09,,,
T,37.010881000,-88.516459000,112.6,,291.1,0.5,66.277,24.12,,,
T,37.010968000,-88.516714000,112.2,,293.1,-1.5,66.302,24.66,,,
T,37.011052000,-88.516964000,112.4,,292.8,0.5,66.326,24.12,,,
T,37.011138000,-88.517211000,111.7,,293.6,-2.9,66.350,23.97,,,
T,37.011227000,-88.517458000,110.1,,294.3,-6.6,66.374,24.10,,,
T,37.011320000,-88.517704000,109.6,,295.3,-1.9,66.398,24.20,,,
T,37.011416000,-88.517951000,109.3,,296.0,-1.4,66.422,24.43,,,
T,37.011505000,-88.518193000,109.0,,294.7,-1.4,66.446,23.69,,,
T,37.011606000,-88.518437000,108.4,,297.4,-2.3,66.471,24.44,,,
T,37.011710000,-88.518679000,108.7,,298.3,1.2,66.495,24.44,,,
T,37.011817000,-88.518919000,108.7,,299.2,0.1,66.519,24.44,,,
T,37.011884000,-88.519064000,107.7,,300.1,-6.7,66.534,14.89,,,
T,37.011926000,-88.519155000,107.3,,300.0,-4.0,66.544,9.34,,,
T,37.012038000,-88.519390000,107.0,,300.8,-1.6,66.568,24.33,,,
T,37.012152000,-88.519622000,106.6,,301.6,-1.4,66.592,24.22,,,
T,37.012197000,-88.519711000,106.5,,302.3,-1.5,66.602,9.36,,,
T,37.012268000,-88.519854000,106.5,,301.9,0.4,66.617,14.97,,,
T,37.012317000,-88.519949000,105.3,,302.9,-12.0,66.627,10.05,,,
T,37.012386000,-88.520083000,103.7,,302.8,-11.6,66.641,14.17,,,
T,37.012488000,-88.520273000,103.4,,303.9,-1.6,66.661,20.35,,,
T,37.012636000,-88.520539000,105.4,,304.9,7.2,66.690,28.81,,,
T,37.012742000,-88.520719000,106.0,,306.4,3.1,66.710,19.87,,,
T,37.013034000,-88.521216000,104.4,,306.3,-2.9,66.765,54.83,,,
T,37.013128000,-88.521370000,103.7,,307.4,-4.4,66.782,17.22,,,
T,37.013306000,-88.521655000,106.8,,308.0,9.6,66.814,32.15,,,
T,37.013446000,-88.521870000,110.1,,309.2,13.4,66.839,24.65,,,
T,37.013590000,-88.522080000,113.3,,310.7,13.0,66.863,24.59,,,
T,37.013736000,-88.522288000,114.4,,311.3,4.5,66.888,24.60,,,
T,37.013884000,-88.522494000,116.3,,312.0,7.8,66.912,24.61,,,
T,37.014033000,-88.522696000,116.8,,312.7,2.2,66.937,24.43,,,
T,37.014154000,-88.522856000,117.5,,313.4,3.4,66.956,19.57,,,
T,37.014337000,-88.523094000,118.2,,313.9,2.3,66.986,29.34,,,
T,37.014491000,-88.523290000,118.4,,314.5,0.8,67.010,24.42,,,
T,37.014648000,-88.523483000,118.7,,315.5,1.3,67.035,24.47,,,
T,37.014808000,-88.523673000,118.6,,316.5,-0.1,67.059,24.52,,,
T,37.014970000,-88.523862000,118.5,,317.0,-0.6,67.084,24.62,,,
T,37.015135000,-88.524049000,118.0,,317.9,-2.0,67.109,24.74,,,
T,37.015143000,-88.524057000,118.0,,321.4,-1.1,67.110,1.14,,,
T,37.015305000,-88.524232000,117.8,,319.2,-0.7,67.133,23.79,,,
T,37.015477000,-88.524413000,118.3,,320.0,1.8,67.158,24.98,,,
T,37.015651000,-88.524593000,118.9,,320.4,2.4,67.184,25.09,,,
T,37.015826000,-88.524770000,118.7,,321.1,-0.6,67.209,25.01,,,
T,37.016005000,-88.524943000,118.7,,322.3,-0.2,67.234,25.13,,,
T,37.016187000,-88.525114000,118.7,,323.1,0.2,67.259,25.29,,,
T,37.016370000,-88.525282000,118.9,,323.8,0.6,67.284,25.22,,,
T,37.016555000,-88.525447000,118.9,,324.5,0.1,67.309,25.24,,,
T,37.016702000,-88.525573000,118.9,,325.6,-0.2,67.329,19.80,,,
T,37.016741000,-88.525607000,118.8,,325.2,-0.5,67.334,5.28,,,
T,37.016798000,-88.525655000,118.8,,326.1,-0.6,67.342,7.63,,,
T,37.016929000,-88.525765000,118.7,,326.2,-0.2,67.360,17.53,,,
T,37.017121000,-88.525918000,117.6,,327.5,-4.6,67.385,25.29,,,
T,37.017409000,-88.526140000,115.5,,328.4,-5.6,67.423,37.57,,,
T,37.017704000,-88.526365000,115.3,,328.7,-0.5,67.461,38.38,,,
T,37.017903000,-88.526511000,114.9,,329.6,-1.6,67.487,25.62,,,
T,37.018111000,-88.526657000,112.2,,330.7,-10.0,67.513,26.49,,,
T,37.018316000,-88.526794000,113.0,,331.9,3.2,67.539,25.81,,,
T,37.018524000,-88.526927000,114.3,,333.0,4.8,67.565,25.94,,,
T,37.018731000,-88.527055000,115.2,,333.7,3.5,67.590,25.64,,,
T,37.018938000,-88.527176000,116.4,,335.0,4.8,67.616,25.37,,,
T,37.019114000,-88.527276000,117.4,,335.6,4.4,67.637,21.46,,,
T,37.019148000,-88.527296000,117.5,,334.8,4.3,67.641,4.17,,,
T,37.019572000,-88.527523000,118.1,,336.9,1.2,67.693,51.21,,,
T,37.019646000,-88.527560000,118.1,,338.2,-0.0,67.701,8.85,,,
T,37.019785000,-88.527631000,118.2,,337.8,0.4,67.718,16.67,,,
T,37.020211000,-88.527839000,120.2,,338.7,4.0,67.769,50.77,,,
T,37.020423000,-88.527944000,120.8,,338.4,2.2,67.794,25.31,,,
T,37.020637000,-88.528048000,121.6,,338.8,3.3,67.820,25.49,,,
T,37.021926000,-88.528688000,118.3,,338.4,-2.2,67.974,153.97,,,
T,37.022089000,-88.528769000,117.9,,338.4,-1.8,67.993,19.47,,,
T,37.024698000,-88.530084000,113.7,,338.1,-1.3,68.305,312.29,,,
T,37.025022000,-88.530247000,115.5,,338.1,4.6,68.344,38.77,,,
T,37.025676000,-88.530566000,118.5,,338.7,3.9,68.422,77.93,,,
T,37.026382000,-88.530902000,119.2,,339.2,0.9,68.506,83.86,,,
T,37.027520000,-88.531455000,121.1,,338.8,1.4,68.642,135.54,,,
T,37.028180000,-88.531780000,120.6,,338.5,-0.6,68.720,78.75,,,
T,37.028281000,-88.531830000,120.4,,338.4,-1.9,68.732,12.06,,,
T,37.029110000,-88.532243000,118.7,,338.3,-1.7,68.831,99.07,,,
T,37.029755000,-88.532559000,116.9,,338.6,-2.4,68.908,76.91,,,
T,37.030186000,-88.532764000,116.0,,339.2,-1.8,68.960,51.19,,,
T,37.030765000,-88.533039000,118.6,,339.2,3.8,69.028,68.76,,,
T,37.031413000,-88.533354000,117.9,,338.8,-0.9,69.105,77.18,,,
T,37.032328000,-88.533793000,118.9,,339.0,0.9,69.214,108.80,,,
T,37.032534000,-88.533875000,118.0,,342.4,-4.0,69.238,24.00,,,
T,37.032722000,-88.533934000,117.8,,345.9,-0.6,69.260,21.51,,,
T,37.032852000,-88.533975000,118.1,,345.9,2.2,69.275,14.88,,,
T,37.033240000,-88.534055000,119.0,,350.7,2.0,69.318,43.64,,,
T,37.033400000,-88.534088000,119.3,,350.7,1.4,69.336,18.00,,,
T,37.033588000,-88.534113000,119.4,,353.9,0.7,69.357,20.98,,,
T,37.033807000,-88.534131000,119.3,,356.2,-0.4,69.382,24.36,,,
T,37.034194000,-88.534155000,116.8,,357.2,-5.9,69.425,43.00,,,
T,37.034534000,-88.534211000,113.2,,352.5,-9.4,69.463,38.06,,,
T,37.034764000,-88.534266000,115.6,,349.2,9.3,69.489,25.99,,,
T,37.035014000,-88.534356000,117.7,,344.0,7.1,69.518,28.88,,,
T,37.035269000,-88.534471000,118.1,,340.2,1.3,69.548,30.09,,,
T,37.035506000,-88.534587000,117.4,,338.7,-2.5,69.576,28.25,,,
T,37.035600000,-88.534645000,117.6,,333.8,1.7,69.588,11.64,,,
T,37.035713000,-88.534715000,117.7,,333.7,0.9,69.602,14.00,,,
T,37.035823000,-88.534794000,117.0,,330.2,-5.3,69.616,14.09,,,
T,37.035926000,-88.534868000,115.7,,330.2,-9.7,69.629,13.19,,,
T,37.036153000,-88.535040000,116.0,,328.8,1.0,69.658,29.48,,,
T,37.036321000,-88.535202000,115.3,,322.4,-3.0,69.682,23.57,,,
T,37.036507000,-88.535393000,114.1,,320.7,-4.4,69.709,26.74,,,
T,37.036689000,-88.535602000,113.8,,317.5,-1.1,69.736,27.45,,,
T,37.036900000,-88.535887000,112.6,,312.8,-3.4,69.771,34.51,,,
T,37.037055000,-88.536125000,110.4,,309.2,-8.2,69.798,27.28,,,
T,37.037190000,-88.536369000,108.7,,304.7,-6.4,69.824,26.38,,,
T,37.037296000,-88.536574000,107.8,,302.9,-4.1,69.846,21.70,,,
T,37.037457000,-88.536946000,107.3,,298.5,-1.2,69.884,37.61,,,
T,37.037731000,-88.537616000,106.5,,297.1,-1.3,69.950,66.92,,,
T,37.037942000,-88.538132000,102.2,,297.1,-8.3,70.002,51.53,,,
T,37.038075000,-88.538454000,102.1,,297.4,-0.5,70.034,32.23,,,
T,37.038345000,-88.539123000,105.4,,296.8,5.0,70.101,66.64,,,
T,37.038502000,-88.539500000,106.6,,297.6,3.3,70.139,37.80,,,
T,37.038626000,-88.539710000,106.7,,306.5,0.2,70.162,23.20,,,
T,37.038876000,-88.540244000,106.6,,300.4,-0.0,70.217,55.02,,,
T,37.039534000,-88.541369000,106.3,,306.2,-0.3,70.341,123.89,,,
T,37.039815000,-88.541801000,104.7,,309.2,-3.3,70.390,49.49,,,
T,37.041362000,-88.544169000,102.9,,309.3,-0.6,70.662,271.76,,,
T,37.043029000,-88.546753000,105.8,,308.9,1.0,70.957,295.08,,,
T,37.043889000,-88.548055000,102.7,,309.6,-2.0,71.107,150.08,,,
T,37.044285000,-88.548655000,106.6,,309.6,5.6,71.176,69.14,,,
T,37.044930000,-88.549835000,106.0,,304.4,-0.4,71.303,127.06,,,
T,37.045428000,-88.551136000,104.8,,295.6,-1.0,71.432,128.25,,,
T,37.045739000,-88.552307000,103.9,,288.4,-0.9,71.541,109.74,,,
T,37.045796000,-88.552549000,103.7,,286.4,-0.5,71.564,22.44,,,
T,37.046031000,-88.553556000,104.2,,286.3,0.5,71.657,93.30,,,
T,37.046669000,-88.556320000,104.0,,286.1,-0.1,71.913,255.87,,,
T,37.047280000,-88.558942000,104.6,,286.3,0.2,72.156,242.90,,,
T,37.047542000,-88.560091000,105.5,,285.9,0.8,72.262,106.27,,,
T,37.047644000,-88.560536000,105.8,,286.0,0.8,72.303,41.17,,,
T,37.048067000,-88.562276000,106.2,,286.9,0.2,72.465,161.75,,,
T,37.048162000,-88.562669000,106.1,,286.9,-0.3,72.502,36.51,,,
T,37.048466000,-88.563570000,105.7,,292.9,-0.5,72.589,86.96,,,
T,37.048557000,-88.563775000,105.5,,299.1,-1.0,72.609,20.85,,,
T,37.048726000,-88.564156000,105.1,,299.1,-1.1,72.648,38.74,,,
T,37.048776000,-88.564268000,105.0,,299.2,-0.9,72.660,11.40,,,
T,37.049106000,-88.564917000,104.5,,302.5,-0.6,72.728,68.37,,,
T,37.049283000,-88.565263000,104.2,,302.7,-1.0,72.764,36.51,,,
T,37.049414000,-88.565193000,104.4,,23.1,1.2,72.780,15.82,,,
T,37.049839000,-88.564967000,104.7,,23.0,0.7,72.831,51.27,,,
T,37.049998000,-88.564909000,104.8,,16.2,0.2,72.850,18.38,,,
T,37.050223000,-88.564855000,104.7,,10.8,-0.2,72.875,25.43,,,
T,37.051177000,-88.564700000,104.7,,7.4,-0.0,72.982,106.77,,,
T,37.051781000,-88.564602000,104.2,,7.4,-0.7,73.050,67.60,,,
T,37.052221000,-88.564548000,104.2,,5.6,-0.1,73.099,49.07,,,
T,37.052521000,-88.564545000,104.2,,0.5,-0.0,73.132,33.29,,,
T,37.052669000,-88.564555000,104.2,,356.9,0.0,73.148,16.45,,,
T,37.052959000,-88.564596000,104.2,,353.6,0.1,73.181,32.39,,,
T,37.053173000,-88.564643000,104.3,,350.1,0.2,73.205,24.11,,,
T,37.053382000,-88.564704000,104.2,,346.9,-0.2,73.229,23.82,,,
T,37.053463000,-88.564734000,104.2,,343.5,-0.2,73.238,9.38,,,
T,37.053593000,-88.564782000,104.1,,343.6,-0.6,73.253,15.05,,,
T,37.053874000,-88.564912000,103.6,,339.7,-1.5,73.286,33.26,,,
T,37.054085000,-88.565029000,101.6,,336.1,-7.8,73.312,25.62,,,
T,37.054238000,-88.565126000,100.9,,333.2,-3.7,73.331,19.05,,,
T,37.054563000,-88.565370000,103.9,,329.1,7.0,73.373,42.09,,,
T,37.054621000,-88.565420000,104.0,,325.5,2.3,73.381,7.82,,,
T,37.054694000,-88.565484000,104.1,,325.0,1.1,73.391,9.90,,,
T,37.054886000,-88.565670000,104.6,,322.3,1.7,73.418,26.98,,,
T,37.055440000,-88.566289000,105.2,,318.3,0.8,73.500,82.53,,,
T,37.056988000,-88.568053000,105.9,,317.7,0.3,73.733,232.66,,,
T,37.057909000,-88.569103000,105.8,,317.7,-0.1,73.872,138.45,,,
T,37.058096000,-88.569338000,105.8,,314.9,-0.0,73.901,29.45,,,
T,37.058215000,-88.569503000,105.8,,312.1,0.1,73.921,19.74,,,
T,37.058441000,-88.569850000,105.8,,309.2,-0.1,73.961,39.77,,,
T,37.058649000,-88.570212000,105.7,,305.8,-0.1,74.000,39.62,,,
T,37.059032000,-88.570963000,105.5,,302.6,-0.3,74.079,79.17,,,
T,37.059517000,-88.571921000,104.6,,302.4,-0.9,74.180,100.78,,,
T,37.060686000,-88.574230000,103.6,,302.4,-0.4,74.423,242.91,,,
T,37.061213000,-88.575279000,101.6,,302.2,-1.8,74.533,110.11,,,
T,37.061693000,-88.576229000,103.0,,302.3,1.4,74.633,99.88,,,
T,37.063115000,-88.579043000,102.5,,302.3,-0.2,74.929,295.87,,,
T,37.063179000,-88.579171000,102.2,,302.1,-2.4,74.942,13.42,,,
T,37.063408000,-88.579601000,101.3,,303.7,-1.9,74.988,45.92,,,
T,37.063509000,-88.579764000,101.1,,307.8,-1.0,75.007,18.32,,,
T,37.063619000,-88.579919000,101.0,,311.6,-0.7,75.025,18.41,,,
T,37.063734000,-88.580063000,101.1,,315.0,0.4,75.043,18.08,,,
T,37.063859000,-88.580200000,101.2,,318.8,0.5,75.062,18.46,,,
T,37.064061000,-88.580389000,101.2,,323.3,-0.1,75.090,28.02,,,
T,37.064205000,-88.580501000,100.9,,328.2,-1.4,75.108,18.83,,,
T,37.064353000,-88.580600000,100.5,,331.9,-2.2,75.127,18.64,,,
T,37.064596000,-88.580736000,98.6,,335.9,-6.4,75.157,29.56,,,
T,37.065600000,-88.581210000,98.7,,339.4,0.1,75.276,119.13,,,
T,37.065914000,-88.581373000,100.7,,337.5,5.5,75.313,37.74,,,
T,37.067354000,-88.582076000,100.3,,338.7,-0.3,75.485,171.60,,,
T,37.067548000,-88.582178000,102.2,,337.2,8.1,75.508,23.36,,,
T,37.067596000,-88.582205000,102.6,,335.8,7.5,75.514,5.84,,,
T,37.068050000,-88.582560000,103.7,,328.0,1.9,75.574,59.46,,,
T,37.068173000,-88.582717000,103.7,,314.5,-0.2,75.593,19.53,,,
T,37.068395000,-88.583001000,103.7,,314.4,-0.0,75.629,35.28,,,
T,37.069078000,-88.584250000,104.7,,304.4,0.8,75.763,134.47,,,
T,37.069658000,-88.585318000,102.3,,304.2,-2.1,75.878,114.73,,,
T,37.069940000,-88.585716000,101.9,,311.6,-0.9,75.925,47.25,,,
T,37.070216000,-88.586026000,93.4,,318.1,-20.5,75.966,41.21,,,
T,37.070532000,-88.586284000,103.7,,326.9,24.5,76.008,41.91,,,
T,37.071162000,-88.586703000,106.0,,332.0,3.0,76.087,79.23,,,
T,37.071679000,-88.587033000,105.4,,333.0,-1.0,76.152,64.45,,,
T,37.072578000,-88.587604000,103.6,,333.1,-1.6,76.264,111.95,,,
T,37.075368000,-88.589356000,103.5,,333.4,-0.0,76.610,346.62,,,
T,37.077761000,-88.590859000,103.5,,333.4,-0.0,76.908,297.31,,,
T,37.079797000,-88.592136000,102.7,,333.4,-0.3,77.161,252.88,,,
T,37.080623000,-88.592607000,103.3,,335.5,0.6,77.261,100.78,,,
T,37.080843000,-88.592747000,103.2,,333.1,-0.4,77.289,27.41,,,
T,37.081860000,-88.593390000,103.2,,333.2,0.0,77.415,126.52,,,
T,37.082444000,-88.593759000,103.3,,333.2,0.1,77.488,72.64,1,,
T,37.082444000,-88.593759000,103.3,,333.2,,77.488,0.00,,,
T,37.082973000,-88.594094000,103.3,,333.2,-0.0,77.554,65.83,,,
T,37.084214000,-88.594878000,103.1,,333.3,-0.1,77.708,154.36,,,
T,37.085190000,-88.595510000,103.0,,332.7,-0.1,77.830,122.02,,,
T,37.086216000,-88.596145000,102.9,,333.7,-0.0,77.957,127.09,,,
T,37.086734000,-88.596471000,103.2,,333.3,0.4,78.022,64.38,,,
T,37.087222000,-88.596778000,103.0,,333.4,-0.2,78.082,60.65,,,
T,37.087649000,-88.595724000,102.7,,63.1,-0.3,78.187,105.01,,,
T,37.087732000,-88.595517000,102.4,,63.3,-1.4,78.208,20.58,,,
T,37.087752000,-88.595468000,102.3,,62.9,-1.4,78.213,4.89,,,
T,37.087899000,-88.595102000,101.8,,63.3,-1.4,78.249,36.40,,,
T,37.087989000,-88.594880000,101.7,,63.1,-0.7,78.271,22.12,,,
T,37.088100000,-88.594603000,101.3,,63.3,-1.2,78.299,27.54,,,
T,37.088238000,-88.594318000,101.1,,58.7,-0.8,78.328,29.61,,,
T,37.088267000,-88.594260000,101.0,,57.9,-1.1,78.334,6.08,,,
T,37.088341000,-88.594265000,101.0,,356.9,-0.7,78.343,8.22,,,
T,37.088571000,-88.594408000,100.9,,333.6,-0.1,78.371,28.52,1,,
T,37.088571000,-88.594408000,100.9,,333.6,,78.371,0.00,,,
T,37.088885000,-88.594605000,100.9,,333.4,-0.1,78.410,39.00,,,
T,37.089086000,-88.594728000,100.5,,334.0,-1.6,78.435,24.84,,,
T,37.089162000,-88.594788000,100.3,,327.8,-1.7,78.445,9.98,,,
T,37.089192000,-88.594850000,100.6,,301.2,4.3,78.451,6.44,,,
T,37.089213000,-88.594894000,100.7,,300.9,1.8,78.456,4.55,,,
T,37.089219000,-88.594959000,100.7,,276.6,1.2,78.462,5.82,,,
T,37.089210000,-88.595018000,100.8,,259.2,1.5,78.467,5.34,,,
T,37.089168000,-88.595140000,101.0,,246.7,1.5,78.479,11.81,,,
T,37.088754000,-88.596167000,102.0,,243.2,1.0,78.581,102.22,,,
T,37.089758000,-88.596802000,101.9,,333.2,-0.1,78.706,124.91,,,
T,37.089823000,-88.596642000,101.7,,63.0,-1.3,78.722,15.95,,,
