air_temp,albedo,azimuth,clearsky_dhi,clearsky_dni,clearsky_ghi,clearsky_gti,cloud_opacity,dewpoint_temp,dhi,dni,ghi,gti,precipitable_water,precipitation_rate,relative_humidity,surface_pressure,snow_depth,snow_water_equivalent,snow_soiling_rooftop,snow_soiling_ground,wind_direction_100m,wind_direction_10m,wind_speed_100m,wind_speed_10m,zenith,period_end,period
14,0.16,83,27,351,58,34,0,0.7,27,351,58,34,8.4,0,41.6,979.1,0,0,0,0,312,310,7.8,4.3,85,2024-04-13T00:05:00Z,PT5M
13,0.16,82,23,260,46,22,0,0.6,23,260,46,22,8.4,0,41.6,979.2,0,0,0,0,311,310,7.7,4.2,86,2024-04-13T00:10:00Z,PT5M
13,0.16,81,19,172,34,15,0,0.5,19,172,34,15,8.3,0,41.6,979.2,0,0,0,0,311,309,7.7,4.2,87,2024-04-13T00:15:00Z,PT5M
13,0.16,80,14,100,23,12,0,0.5,14,100,23,12,8.2,0,41.5,979.3,0,0,0,0,311,309,7.7,4.1,88,2024-04-13T00:20:00Z,PT5M
13,0.16,79,9,45,13,8,0,0.4,9,45,13,8,8.1,0,41.5,979.4,0,0,0,0,311,309,7.6,4.1,88,2024-04-13T00:25:00Z,PT5M
13,0.16,79,3,11,4,3,0,0.3,3,11,4,3,8.1,0,41.5,979.4,0,0,0,0,310,308,7.6,4,89,2024-04-13T00:30:00Z,PT5M
13,0.16,78,0,0,0,0,0,0.3,0,0,0,0,8,0,41.5,979.5,0,0,0,0,310,308,7.6,4,90,2024-04-13T00:35:00Z,PT5M
13,0.16,77,0,0,0,0,0,0.2,0,0,0,0,7.9,0,41.5,979.6,0,0,0,0,310,307,7.5,3.9,91,2024-04-13T00:40:00Z,PT5M
13,0.16,76,0,0,0,0,0,0.1,0,0,0,0,7.8,0,41.4,979.6,0,0,0,0,309,307,7.5,3.9,92,2024-04-13T00:45:00Z,PT5M
13,0.16,75,0,0,0,0,0,0.1,0,0,0,0,7.8,0,41.4,979.7,0,0,0,0,309,306,7.5,3.8,93,2024-04-13T00:50:00Z,PT5M
13,0.16,74,0,0,0,0,0,0,0,0,0,0,7.7,0,41.4,979.8,0,0,0,0,309,306,7.4,3.7,94,2024-04-13T00:55:00Z,PT5M
13,0.16,73,0,0,0,0,0,-0.1,0,0,0,0,7.6,0,41.4,979.8,0,0,0,0,309,305,7.4,3.7,95,2024-04-13T01:00:00Z,PT5M
13,0.16,73,0,0,0,0,0,-0.1,0,0,0,0,7.6,0,41.6,979.9,0,0,0,0,308,305,7.4,3.6,96,2024-04-13T01:05:00Z,PT5M
12,0.16,72,0,0,0,0,0,-0.2,0,0,0,0,7.6,0,41.9,980,0,0,0,0,308,305,7.4,3.6,96,2024-04-13T01:10:00Z,PT5M
12,0.16,71,0,0,0,0,0,-0.2,0,0,0,0,7.6,0,42.3,980.1,0,0,0,0,308,305,7.4,3.6,97,2024-04-13T01:15:00Z,PT5M
12,0.16,70,0,0,0,0,0,-0.2,0,0,0,0,7.5,0,42.7,980.2,0,0,0,0,308,304,7.4,3.6,98,2024-04-13T01:20:00Z,PT5M
12,0.16,69,0,0,0,0,0,-0.3,0,0,0,0,7.5,0,43.1,980.2,0,0,0,0,308,304,7.4,3.5,99,2024-04-13T01:25:00Z,PT5M
12,0.16,68,0,0,0,0,0,-0.3,0,0,0,0,7.5,0,43.5,980.3,0,0,0,0,308,304,7.4,3.5,100,2024-04-13T01:30:00Z,PT5M
12,0.16,67,0,0,0,0,0,-0.4,0,0,0,0,7.5,0,43.9,980.4,0,0,0,0,307,304,7.4,3.5,101,2024-04-13T01:35:00Z,PT5M
11,0.16,66,0,0,0,0,0,-0.4,0,0,0,0,7.5,0,44.3,980.5,0,0,0,0,307,304,7.4,3.5,102,2024-04-13T01:40:00Z,PT5M
11,0.16,65,0,0,0,0,0,-0.5,0,0,0,0,7.5,0,44.7,980.6,0,0,0,0,307,303,7.4,3.4,102,2024-04-13T01:45:00Z,PT5M
11,0.16,64,0,0,0,0,0,-0.5,0,0,0,0,7.5,0,45.1,980.7,0,0,0,0,307,303,7.4,3.4,103,2024-04-13T01:50:00Z,PT5M
11,0.16,63,0,0,0,0,0,-0.5,0,0,0,0,7.5,0,45.5,980.7,0,0,0,0,307,303,7.4,3.4,104,2024-04-13T01:55:00Z,PT5M
11,0.16,62,0,0,0,0,0,-0.6,0,0,0,0,7.5,0,45.9,980.8,0,0,0,0,307,303,7.4,3.3,105,2024-04-13T02:00:00Z,PT5M
11,0.16,61,0,0,0,0,0,-0.6,0,0,0,0,7.5,0,46.2,980.9,0,0,0,0,307,303,7.4,3.3,106,2024-04-13T02:05:00Z,PT5M
10,0.16,60,0,0,0,0,0,-0.6,0,0,0,0,7.4,0,46.3,981,0,0,0,0,306,302,7.4,3.3,106,2024-04-13T02:10:00Z,PT5M
10,0.16,59,0,0,0,0,0,-0.7,0,0,0,0,7.4,0,46.4,981,0,0,0,0,306,302,7.3,3.3,107,2024-04-13T02:15:00Z,PT5M
10,0.16,58,0,0,0,0,0,-0.7,0,0,0,0,7.4,0,46.5,981.1,0,0,0,0,306,301,7.3,3.2,108,2024-04-13T02:20:00Z,PT5M
10,0.16,57,0,0,0,0,0,-0.7,0,0,0,0,7.4,0,46.6,981.2,0,0,0,0,305,301,7.3,3.2,109,2024-04-13T02:25:00Z,PT5M
10,0.16,56,0,0,0,0,0,-0.7,0,0,0,0,7.4,0,46.7,981.2,0,0,0,0,305,300,7.3,3.2,110,2024-04-13T02:30:00Z,PT5M
10,0.16,55,0,0,0,0,0,-0.8,0,0,0,0,7.4,0,46.8,981.3,0,0,0,0,305,300,7.3,3.2,110,2024-04-13T02:35:00Z,PT5M
10,0.16,54,0,0,0,0,0,-0.8,0,0,0,0,7.3,0,46.9,981.4,0,0,0,0,305,300,7.3,3.1,111,2024-04-13T02:40:00Z,PT5M
10,0.16,53,0,0,0,0,0,-0.8,0,0,0,0,7.3,0,47,981.4,0,0,0,0,304,299,7.3,3.1,112,2024-04-13T02:45:00Z,PT5M
10,0.16,52,0,0,0,0,0,-0.8,0,0,0,0,7.3,0,47.1,981.5,0,0,0,0,304,299,7.3,3.1,113,2024-04-13T02:50:00Z,PT5M
10,0.16,51,0,0,0,0,0,-0.9,0,0,0,0,7.3,0,47.2,981.6,0,0,0,0,304,298,7.3,3.1,113,2024-04-13T02:55:00Z,PT5M
10,0.16,50,0,0,0,0,0,-0.9,0,0,0,0,7.3,0,47.3,981.6,0,0,0,0,303,298,7.3,3.1,114,2024-04-13T03:00:00Z,PT5M
10,0.16,49,0,0,0,0,0,-0.9,0,0,0,0,7.3,0,47.3,981.7,0,0,0,0,303,297,7.3,3.1,115,2024-04-13T03:05:00Z,PT5M
10,0.16,48,0,0,0,0,0,-0.9,0,0,0,0,7.2,0,47.3,981.7,0,0,0,0,303,297,7.3,3.1,115,2024-04-13T03:10:00Z,PT5M
10,0.16,47,0,0,0,0,0,-1,0,0,0,0,7.2,0,47.2,981.7,0,0,0,0,303,297,7.3,3.1,116,2024-04-13T03:15:00Z,PT5M
10,0.16,45,0,0,0,0,0,-1,0,0,0,0,7.2,0,47.2,981.7,0,0,0,0,302,297,7.4,3.1,117,2024-04-13T03:20:00Z,PT5M
10,0.16,44,0,0,0,0,0,-1,0,0,0,0,7.2,0,47.1,981.8,0,0,0,0,302,296,7.4,3.1,117,2024-04-13T03:25:00Z,PT5M
10,0.16,43,0,0,0,0,0,-1,0,0,0,0,7.1,0,47.1,981.8,0,0,0,0,302,296,7.4,3.2,118,2024-04-13T03:30:00Z,PT5M
10,0.16,42,0,0,0,0,0,-1.1,0,0,0,0,7.1,0,47.1,981.8,0,0,0,0,302,296,7.4,3.2,119,2024-04-13T03:35:00Z,PT5M
10,0.16,41,0,0,0,0,0,-1.1,0,0,0,0,7.1,0,47,981.8,0,0,0,0,301,296,7.4,3.2,119,2024-04-13T03:40:00Z,PT5M
10,0.16,39,0,0,0,0,0,-1.1,0,0,0,0,7.1,0,47,981.9,0,0,0,0,301,296,7.5,3.2,120,2024-04-13T03:45:00Z,PT5M
10,0.16,38,0,0,0,0,0,-1.1,0,0,0,0,7,0,47,981.9,0,0,0,0,301,295,7.5,3.3,120,2024-04-13T03:50:00Z,PT5M
10,0.16,37,0,0,0,0,0,-1.2,0,0,0,0,7,0,46.9,981.9,0,0,0,0,301,295,7.5,3.3,121,2024-04-13T03:55:00Z,PT5M
10,0.16,36,0,0,0,0,0,-1.2,0,0,0,0,7,0,46.9,981.9,0,0,0,0,300,295,7.5,3.3,121,2024-04-13T04:00:00Z,PT5M
10,0.16,34,0,0,0,0,0,-1.2,0,0,0,0,7,0,47,982,0,0,0,0,300,295,7.5,3.3,122,2024-04-13T04:05:00Z,PT5M
10,0.16,33,0,0,0,0,0,-1.2,0,0,0,0,6.9,0,47.3,982,0,0,0,0,300,295,7.6,3.3,122,2024-04-13T04:10:00Z,PT5M
9,0.16,32,0,0,0,0,0,-1.2,0,0,0,0,6.9,0,47.5,982,0,0,0,0,300,295,7.6,3.4,123,2024-04-13T04:15:00Z,PT5M
9,0.16,30,0,0,0,0,0,-1.3,0,0,0,0,6.9,0,47.8,982,0,0,0,0,300,294,7.6,3.4,123,2024-04-13T04:20:00Z,PT5M
9,0.16,29,0,0,0,0,0,-1.3,0,0,0,0,6.9,0,48.1,982.1,0,0,0,0,299,294,7.7,3.4,124,2024-04-13T04:25:00Z,PT5M
9,0.16,27,0,0,0,0,0,-1.3,0,0,0,0,6.8,0,48.3,982.1,0,0,0,0,299,294,7.7,3.4,124,2024-04-13T04:30:00Z,PT5M
9,0.16,26,0,0,0,0,0,-1.3,0,0,0,0,6.8,0,48.6,982.1,0,0,0,0,299,294,7.7,3.5,125,2024-04-13T04:35:00Z,PT5M
9,0.16,25,0,0,0,0,0,-1.3,0,0,0,0,6.8,0,48.9,982.1,0,0,0,0,299,294,7.8,3.5,125,2024-04-13T04:40:00Z,PT5M
9,0.16,23,0,0,0,0,0,-1.3,0,0,0,0,6.8,0,49.1,982.2,0,0,0,0,299,294,7.8,3.5,125,2024-04-13T04:45:00Z,PT5M
9,0.16,22,0,0,0,0,0,-1.4,0,0,0,0,6.7,0,49.4,982.2,0,0,0,0,298,293,7.8,3.5,126,2024-04-13T04:50:00Z,PT5M
9,0.16,20,0,0,0,0,0,-1.4,0,0,0,0,6.7,0,49.7,982.2,0,0,0,0,298,293,7.9,3.6,126,2024-04-13T04:55:00Z,PT5M
9,0.16,19,0,0,0,0,0,-1.4,0,0,0,0,6.7,0,50,982.2,0,0,0,0,298,293,7.9,3.6,126,2024-04-13T05:00:00Z,PT5M
8,0.16,17,0,0,0,0,0,-1.4,0,0,0,0,6.7,0,50.2,982.3,0,0,0,0,298,293,7.9,3.6,127,2024-04-13T05:05:00Z,PT5M
8,0.16,16,0,0,0,0,0,-1.4,0,0,0,0,6.7,0,50.5,982.3,0,0,0,0,298,293,7.9,3.6,127,2024-04-13T05:10:00Z,PT5M
8,0.16,14,0,0,0,0,0,-1.4,0,0,0,0,6.6,0,50.7,982.3,0,0,0,0,298,293,7.9,3.6,127,2024-04-13T05:15:00Z,PT5M
8,0.16,13,0,0,0,0,0,-1.3,0,0,0,0,6.6,0,50.9,982.4,0,0,0,0,298,293,7.9,3.6,127,2024-04-13T05:20:00Z,PT5M
8,0.16,11,0,0,0,0,0,-1.3,0,0,0,0,6.6,0,51.2,982.4,0,0,0,0,298,294,8,3.6,128,2024-04-13T05:25:00Z,PT5M
8,0.16,10,0,0,0,0,0,-1.3,0,0,0,0,6.6,0,51.4,982.4,0,0,0,0,298,294,8,3.6,128,2024-04-13T05:30:00Z,PT5M
8,0.16,8,0,0,0,0,0,-1.3,0,0,0,0,6.6,0,51.6,982.5,0,0,0,0,299,294,8,3.6,128,2024-04-13T05:35:00Z,PT5M
8,0.16,6,0,0,0,0,0,-1.3,0,0,0,0,6.6,0,51.9,982.5,0,0,0,0,299,294,8,3.6,128,2024-04-13T05:40:00Z,PT5M
8,0.16,5,0,0,0,0,0,-1.3,0,0,0,0,6.5,0,52.1,982.5,0,0,0,0,299,294,8,3.6,128,2024-04-13T05:45:00Z,PT5M
8,0.16,3,0,0,0,0,0,-1.2,0,0,0,0,6.5,0,52.4,982.6,0,0,0,0,299,294,8,3.6,128,2024-04-13T05:50:00Z,PT5M
8,0.16,2,0,0,0,0,0,-1.2,0,0,0,0,6.5,0,52.6,982.6,0,0,0,0,299,294,8,3.6,128,2024-04-13T05:55:00Z,PT5M
8,0.16,0,0,0,0,0,0,-1.2,0,0,0,0,6.5,0,52.8,982.6,0,0,0,0,299,294,8,3.6,128,2024-04-13T06:00:00Z,PT5M
8,0.16,-1,0,0,0,0,0,-1.2,0,0,0,0,6.5,0,53.1,982.7,0,0,0,0,299,295,8,3.6,128,2024-04-13T06:05:00Z,PT5M
8,0.16,-3,0,0,0,0,0,-1.2,0,0,0,0,6.5,0,53.4,982.7,0,0,0,0,300,295,8,3.6,128,2024-04-13T06:10:00Z,PT5M
8,0.16,-5,0,0,0,0,0,-1.1,0,0,0,0,6.5,0,53.7,982.7,0,0,0,0,300,295,8,3.6,128,2024-04-13T06:15:00Z,PT5M
8,0.16,-6,0,0,0,0,0,-1.1,0,0,0,0,6.4,0,53.9,982.7,0,0,0,0,300,295,8,3.6,128,2024-04-13T06:20:00Z,PT5M
8,0.16,-8,0,0,0,0,0,-1.1,0,0,0,0,6.4,0,54.2,982.8,0,0,0,0,300,295,7.9,3.6,128,2024-04-13T06:25:00Z,PT5M
8,0.16,-9,0,0,0,0,0,-1.1,0,0,0,0,6.4,0,54.5,982.8,0,0,0,0,301,296,7.9,3.6,128,2024-04-13T06:30:00Z,PT5M
8,0.16,-11,0,0,0,0,0,-1,0,0,0,0,6.4,0,54.8,982.8,0,0,0,0,301,296,7.9,3.5,128,2024-04-13T06:35:00Z,PT5M
7,0.16,-12,0,0,0,0,0,-1,0,0,0,0,6.4,0,55.1,982.8,0,0,0,0,301,296,7.9,3.5,127,2024-04-13T06:40:00Z,PT5M
7,0.16,-14,0,0,0,0,0,-1,0,0,0,0,6.4,0,55.4,982.9,0,0,0,0,301,296,7.9,3.5,127,2024-04-13T06:45:00Z,PT5M
7,0.16,-15,0,0,0,0,0,-1,0,0,0,0,6.4,0,55.7,982.9,0,0,0,0,302,297,7.9,3.5,127,2024-04-13T06:50:00Z,PT5M
7,0.16,-17,0,0,0,0,0,-0.9,0,0,0,0,6.4,0,56,982.9,0,0,0,0,302,297,7.8,3.5,127,2024-04-13T06:55:00Z,PT5M
7,0.16,-18,0,0,0,0,0,-0.9,0,0,0,0,6.4,0,56.3,982.9,0,0,0,0,302,297,7.8,3.5,126,2024-04-13T07:00:00Z,PT5M
7,0.16,-20,0,0,0,0,0,-0.9,0,0,0,0,6.4,0,56.6,983,0,0,0,0,302,297,7.8,3.5,126,2024-04-13T07:05:00Z,PT5M
7,0.16,-21,0,0,0,0,0,-0.9,0,0,0,0,6.4,0,57,983,0,0,0,0,303,297,7.7,3.4,126,2024-04-13T07:10:00Z,PT5M
7,0.16,-23,0,0,0,0,0,-0.9,0,0,0,0,6.4,0,57.5,983,0,0,0,0,303,297,7.7,3.4,126,2024-04-13T07:15:00Z,PT5M
7,0.16,-24,0,0,0,0,0,-0.9,0,0,0,0,6.5,0,57.9,983,0,0,0,0,303,297,7.6,3.4,125,2024-04-13T07:20:00Z,PT5M
7,0.16,-26,0,0,0,0,0,-0.9,0,0,0,0,6.5,0,58.3,983,0,0,0,0,303,297,7.6,3.4,125,2024-04-13T07:25:00Z,PT5M
7,0.16,-27,0,0,0,0,0,-0.9,0,0,0,0,6.5,0,58.8,983.1,0,0,0,0,303,297,7.5,3.3,124,2024-04-13T07:30:00Z,PT5M
7,0.16,-29,0,0,0,0,0,-0.9,0,0,0,0,6.5,0,59.2,983.1,0,0,0,0,303,297,7.5,3.3,124,2024-04-13T07:35:00Z,PT5M
6,0.16,-30,0,0,0,0,0,-0.9,0,0,0,0,6.6,0,59.6,983.1,0,0,0,0,303,297,7.4,3.3,123,2024-04-13T07:40:00Z,PT5M
6,0.16,-31,0,0,0,0,0,-0.9,0,0,0,0,6.6,0,60.1,983.1,0,0,0,0,303,297,7.4,3.2,123,2024-04-13T07:45:00Z,PT5M
6,0.16,-33,0,0,0,0,0,-0.9,0,0,0,0,6.6,0,60.5,983.1,0,0,0,0,303,297,7.3,3.2,123,2024-04-13T07:50:00Z,PT5M
6,0.16,-34,0,0,0,0,0,-0.9,0,0,0,0,6.6,0,61,983.1,0,0,0,0,303,297,7.2,3.2,122,2024-04-13T07:55:00Z,PT5M
6,0.16,-35,0,0,0,0,0,-0.9,0,0,0,0,6.7,0,61.4,983.2,0,0,0,0,303,297,7.2,3.1,121,2024-04-13T08:00:00Z,PT5M
6,0.16,-37,0,0,0,0,0,-0.9,0,0,0,0,6.7,0,61.8,983.2,0,0,0,0,303,296,7.1,3.1,121,2024-04-13T08:05:00Z,PT5M
6,0.16,-38,0,0,0,0,0,-0.9,0,0,0,0,6.7,0,62,983.2,0,0,0,0,303,296,7.1,3.1,120,2024-04-13T08:10:00Z,PT5M
6,0.16,-39,0,0,0,0,0,-0.9,0,0,0,0,6.8,0,62.2,983.2,0,0,0,0,303,296,7,3,120,2024-04-13T08:15:00Z,PT5M
6,0.16,-40,0,0,0,0,0,-0.8,0,0,0,0,6.8,0,62.4,983.3,0,0,0,0,303,296,7,3,119,2024-04-13T08:20:00Z,PT5M
6,0.16,-42,0,0,0,0,0,-0.8,0,0,0,0,6.8,0,62.7,983.3,0,0,0,0,303,295,6.9,2.9,119,2024-04-13T08:25:00Z,PT5M
6,0.16,-43,0,0,0,0,0,-0.8,0,0,0,0,6.9,0,62.9,983.3,0,0,0,0,302,295,6.8,2.9,118,2024-04-13T08:30:00Z,PT5M
6,0.16,-44,0,0,0,0,0,-0.8,0,0,0,0,6.9,0,63.1,983.4,0,0,0,0,302,295,6.8,2.8,117,2024-04-13T08:35:00Z,PT5M
6,0.16,-45,0,0,0,0,0,-0.8,0,0,0,0,6.9,0,63.3,983.4,0,0,0,0,302,294,6.7,2.8,117,2024-04-13T08:40:00Z,PT5M
6,0.16,-46,0,0,0,0,0,-0.8,0,0,0,0,7,0,63.6,983.4,0,0,0,0,302,294,6.7,2.8,116,2024-04-13T08:45:00Z,PT5M
6,0.16,-48,0,0,0,0,0,-0.7,0,0,0,0,7,0,63.8,983.5,0,0,0,0,302,294,6.6,2.7,115,2024-04-13T08:50:00Z,PT5M
6,0.16,-49,0,0,0,0,0,-0.7,0,0,0,0,7,0,64,983.5,0,0,0,0,302,293,6.6,2.7,115,2024-04-13T08:55:00Z,PT5M
6,0.16,-50,0,0,0,0,0,-0.7,0,0,0,0,7.1,0,64.2,983.5,0,0,0,0,302,293,6.5,2.6,114,2024-04-13T09:00:00Z,PT5M
5,0.16,-51,0,0,0,0,0,-0.7,0,0,0,0,7.1,0,64.6,983.6,0,0,0,0,302,293,6.4,2.6,113,2024-04-13T09:05:00Z,PT5M
5,0.16,-52,0,0,0,0,0,-0.8,0,0,0,0,7.2,0,65.2,983.6,0,0,0,0,302,292,6.3,2.5,113,2024-04-13T09:10:00Z,PT5M
5,0.16,-53,0,0,0,0,0,-0.8,0,0,0,0,7.3,0,65.7,983.6,0,0,0,0,302,292,6.2,2.5,112,2024-04-13T09:15:00Z,PT5M
5,0.16,-54,0,0,0,0,0,-0.8,0,0,0,0,7.4,0,66.3,983.6,0,0,0,0,303,292,6,2.4,111,2024-04-13T09:20:00Z,PT5M
5,0.16,-55,0,0,0,0,0,-0.9,0,0,0,0,7.4,0,66.9,983.6,0,0,0,0,303,292,5.9,2.4,110,2024-04-13T09:25:00Z,PT5M
5,0.16,-56,0,0,0,0,0,-0.9,0,0,0,0,7.5,0,67.4,983.7,0,0,0,0,303,292,5.8,2.3,110,2024-04-13T09:30:00Z,PT5M
4,0.16,-57,0,0,0,0,0,-1,0,0,0,0,7.6,0,68,983.7,0,0,0,0,303,291,5.7,2.3,109,2024-04-13T09:35:00Z,PT5M
4,0.16,-58,0,0,0,0,0,-1,0,0,0,0,7.7,0,68.6,983.7,0,0,0,0,304,291,5.6,2.2,108,2024-04-13T09:40:00Z,PT5M
4,0.16,-59,0,0,0,0,0,-1.1,0,0,0,0,7.8,0,69.2,983.7,0,0,0,0,304,291,5.4,2.2,107,2024-04-13T09:45:00Z,PT5M
4,0.16,-60,0,0,0,0,0,-1.1,0,0,0,0,7.9,0,69.8,983.7,0,0,0,0,304,291,5.3,2.1,107,2024-04-13T09:50:00Z,PT5M
4,0.16,-61,0,0,0,0,0,-1.1,0,0,0,0,7.9,0,70.4,983.7,0,0,0,0,305,291,5.2,2.1,106,2024-04-13T09:55:00Z,PT5M
4,0.16,-62,0,0,0,0,0,-1.2,0,0,0,0,8,0,71,983.8,0,0,0,0,305,290,5.1,2,105,2024-04-13T10:00:00Z,PT5M
4,0.16,-63,0,0,0,0,0,-1.2,0,0,0,0,8.1,0,71.4,983.8,0,0,0,0,305,290,5,2,104,2024-04-13T10:05:00Z,PT5M
3,0.16,-64,0,0,0,0,0,-1.2,0,0,0,0,8.1,0,71.6,983.8,0,0,0,0,304,289,5,2,103,2024-04-13T10:10:00Z,PT5M
3,0.16,-65,0,0,0,0,0,-1.2,0,0,0,0,8.2,0,71.8,983.8,0,0,0,0,304,289,5,2,102,2024-04-13T10:15:00Z,PT5M
3,0.16,-66,0,0,0,0,0,-1.2,0,0,0,0,8.2,0,71.9,983.8,0,0,0,0,303,288,5,2,102,2024-04-13T10:20:00Z,PT5M
3,0.16,-67,0,0,0,0,0,-1.2,0,0,0,0,8.3,0,72.1,983.9,0,0,0,0,303,287,5,2,101,2024-04-13T10:25:00Z,PT5M
3,0.16,-68,0,0,0,0,0,-1.2,0,0,0,0,8.3,0,72.3,983.9,0,0,0,0,302,286,5,2,100,2024-04-13T10:30:00Z,PT5M
3,0.16,-69,0,0,0,0,0,-1.2,0,0,0,0,8.4,0,72.4,983.9,0,0,0,0,302,286,5,2,99,2024-04-13T10:35:00Z,PT5M
3,0.16,-70,0,0,0,0,0,-1.2,0,0,0,0,8.4,0,72.6,983.9,0,0,0,0,301,285,5,2,98,2024-04-13T10:40:00Z,PT5M
3,0.16,-71,0,0,0,0,0,-1.2,0,0,0,0,8.5,0,72.8,984,0,0,0,0,301,284,5,2,97,2024-04-13T10:45:00Z,PT5M
3,0.16,-71,0,0,0,0,0,-1.2,0,0,0,0,8.5,0,73,984,0,0,0,0,300,284,5,2,97,2024-04-13T10:50:00Z,PT5M
3,0.16,-72,0,0,0,0,0,-1.2,0,0,0,0,8.6,0,73.1,984,0,0,0,0,299,283,5,1.9,96,2024-04-13T10:55:00Z,PT5M
3,0.16,-73,0,0,0,0,0,-1.2,0,0,0,0,8.6,0,73.3,984,0,0,0,0,299,282,5,1.9,95,2024-04-13T11:00:00Z,PT5M
3,0.16,-74,0,0,0,0,0,-1.2,0,0,0,0,8.7,0,73.4,984.1,0,0,0,0,298,282,5,1.9,94,2024-04-13T11:05:00Z,PT5M
3,0.16,-75,0,0,0,0,0,-1.1,0,0,0,0,8.7,0,73.5,984.1,0,0,0,0,298,282,5,1.9,93,2024-04-13T11:10:00Z,PT5M
3,0.16,-76,0,0,0,0,0,-1.1,0,0,0,0,8.8,0,73.5,984.1,0,0,0,0,297,281,5,1.9,92,2024-04-13T11:15:00Z,PT5M
3,0.16,-77,0,0,0,0,0,-1,0,0,0,0,8.8,0,73.6,984.2,0,0,0,0,297,281,4.9,1.9,91,2024-04-13T11:20:00Z,PT5M
3,0.16,-77,0,0,0,0,0,-0.9,0,0,0,0,8.9,0,73.6,984.2,0,0,0,0,296,281,4.9,1.9,90,2024-04-13T11:25:00Z,PT5M
3,0.16,-78,3,14,4,3,0,-0.9,3,14,4,3,8.9,0,73.7,984.2,0,0,0,0,296,281,4.9,1.9,89,2024-04-13T11:30:00Z,PT5M
3,0.16,-79,8,56,13,8,0,-0.8,8,56,13,8,9,0,73.7,984.3,0,0,0,0,295,280,4.9,1.9,89,2024-04-13T11:35:00Z,PT5M
4,0.16,-80,13,119,23,11,0,-0.8,13,119,23,11,9,0,73.8,984.3,0,0,0,0,295,280,4.8,1.9,88,2024-04-13T11:40:00Z,PT5M
4,0.16,-81,17,199,34,13,0,-0.7,17,199,34,13,9.1,0,73.8,984.3,0,0,0,0,294,280,4.8,1.9,87,2024-04-13T11:45:00Z,PT5M
4,0.16,-82,21,293,46,19,0,-0.6,21,293,46,19,9.1,0,73.9,984.4,0,0,0,0,294,280,4.8,1.9,86,2024-04-13T11:50:00Z,PT5M
4,0.16,-83,24,393,59,32,0,-0.6,24,393,59,32,9.2,0,74,984.4,0,0,0,0,293,279,4.8,1.9,85,2024-04-13T11:55:00Z,PT5M
4,0.16,-83,28,431,73,45,0,-0.5,28,431,73,45,9.2,0,74,984.4,0,0,0,0,293,279,4.8,1.9,84,2024-04-13T12:00:00Z,PT5M
4,0.16,-84,31,466,87,60,0,-0.5,31,466,87,60,9.3,0,73.7,984.5,0,0,0,0,292,279,4.7,1.9,83,2024-04-13T12:05:00Z,PT5M
4,0.16,-85,33,499,101,75,0,-0.4,33,499,101,75,9.4,0,73.2,984.5,0,0,0,0,292,279,4.7,1.9,82,2024-04-13T12:10:00Z,PT5M
4,0.16,-86,36,530,116,92,0,-0.3,36,530,116,92,9.4,0,72.6,984.5,0,0,0,0,292,279,4.6,1.9,81,2024-04-13T12:15:00Z,PT5M
4,0.16,-87,38,557,132,109,0,-0.2,38,557,132,109,9.5,0,72,984.5,0,0,0,0,292,279,4.5,1.9,80,2024-04-13T12:20:00Z,PT5M
5,0.16,-88,41,583,147,127,0,-0.2,41,583,147,127,9.6,0,71.4,984.5,0,0,0,0,292,279,4.5,1.9,79,2024-04-13T12:25:00Z,PT5M
5,0.16,-88,43,606,163,145,0,-0.1,43,606,163,145,9.6,0,70.9,984.5,0,0,0,0,292,279,4.4,1.9,79,2024-04-13T12:30:00Z,PT5M
5,0.16,-89,45,628,179,164,0,-0,45,628,179,164,9.7,0,70.3,984.5,0,0,0,0,291,279,4.3,1.9,78,2024-04-13T12:35:00Z,PT5M
5,0.16,-90,47,648,196,183,0,0.1,47,648,196,183,9.8,0,69.7,984.5,0,0,0,0,291,279,4.3,1.9,77,2024-04-13T12:40:00Z,PT5M
5,0.16,-91,48,667,212,202,0,0.1,48,667,212,202,9.8,0,69.2,984.5,0,0,0,0,291,279,4.2,1.9,76,2024-04-13T12:45:00Z,PT5M
6,0.16,-92,50,684,229,222,0,0.2,50,684,229,222,9.9,0,68.7,984.5,0,0,0,0,291,279,4.1,1.9,75,2024-04-13T12:50:00Z,PT5M
6,0.16,-93,52,700,245,242,0,0.3,52,700,245,242,10,0,68.1,984.5,0,0,0,0,291,279,4.1,1.9,74,2024-04-13T12:55:00Z,PT5M
6,0.16,-94,53,715,262,262,0,0.4,53,715,262,262,10,0,67.6,984.6,0,0,0,0,291,279,4,1.9,73,2024-04-13T13:00:00Z,PT5M
6,0.16,-94,55,729,278,283,0,0.4,55,729,278,283,10.1,0,66.6,984.6,0,0,0,0,290,279,3.9,1.9,72,2024-04-13T13:05:00Z,PT5M
7,0.16,-95,56,741,295,303,0,0.5,56,741,295,303,10.2,0,65.1,984.5,0,0,0,0,290,279,3.7,1.8,71,2024-04-13T13:10:00Z,PT5M
7,0.16,-96,58,753,312,323,0,0.5,58,753,312,323,10.2,0,63.6,984.5,0,0,0,0,289,278,3.5,1.8,70,2024-04-13T13:15:00Z,PT5M
7,0.16,-97,59,764,328,344,0,0.6,59,764,328,344,10.3,0,62.2,984.5,0,0,0,0,289,278,3.4,1.7,69,2024-04-13T13:20:00Z,PT5M
8,0.16,-98,60,775,345,364,0,0.6,60,775,345,364,10.4,0,60.8,984.5,0,0,0,0,288,278,3.2,1.7,68,2024-04-13T13:25:00Z,PT5M
8,0.16,-99,62,784,361,384,0,0.7,62,784,361,384,10.4,0,59.4,984.5,0,0,0,0,287,277,3,1.6,68,2024-04-13T13:30:00Z,PT5M
9,0.16,-100,63,794,377,405,0,0.7,63,794,377,405,10.5,0,58.1,984.5,0,0,0,0,286,277,2.8,1.6,67,2024-04-13T13:35:00Z,PT5M
9,0.16,-101,64,802,394,425,0,0.8,64,802,394,425,10.6,0,56.8,984.5,0,0,0,0,285,277,2.7,1.5,66,2024-04-13T13:40:00Z,PT5M
9,0.16,-102,65,811,410,445,0,0.8,65,811,410,445,10.6,0,55.6,984.5,0,0,0,0,284,276,2.5,1.5,65,2024-04-13T13:45:00Z,PT5M
10,0.16,-103,67,818,426,465,0,0.9,67,818,426,465,10.7,0,54.4,984.5,0,0,0,0,283,276,2.3,1.4,64,2024-04-13T13:50:00Z,PT5M
10,0.16,-104,68,826,442,485,0,0.9,68,826,442,485,10.8,0,53.2,984.5,0,0,0,0,282,275,2.2,1.4,63,2024-04-13T13:55:00Z,PT5M
10,0.16,-104,69,833,458,505,0,1,69,833,458,505,10.8,0,52,984.5,0,0,0,0,280,275,2,1.3,62,2024-04-13T14:00:00Z,PT5M
11,0.16,-105,70,839,473,524,0,1,70,839,473,524,10.9,0,51.1,984.4,0,0,0,0,278,273,1.9,1.3,61,2024-04-13T14:05:00Z,PT5M
11,0.16,-106,71,846,489,544,0,0.9,71,846,489,544,10.9,0,50.3,984.4,0,0,0,0,275,271,1.9,1.3,60,2024-04-13T14:10:00Z,PT5M
11,0.16,-107,72,852,504,563,0,0.9,72,852,504,563,10.9,0,49.5,984.4,0,0,0,0,273,268,1.9,1.3,60,2024-04-13T14:15:00Z,PT5M
11,0.16,-108,73,858,519,582,0,0.8,73,858,519,582,11,0,48.8,984.4,0,0,0,0,270,265,1.9,1.3,59,2024-04-13T14:20:00Z,PT5M
11,0.16,-109,74,863,534,601,0,0.8,74,863,534,601,11,0,48.1,984.3,0,0,0,0,268,263,1.9,1.3,58,2024-04-13T14:25:00Z,PT5M
12,0.16,-111,75,868,549,620,0,0.7,75,868,549,620,11,0,47.3,984.3,0,0,0,0,265,260,1.9,1.3,57,2024-04-13T14:30:00Z,PT5M
12,0.16,-112,76,873,563,638,0,0.7,76,873,563,638,11.1,0,46.6,984.3,0,0,0,0,263,258,1.9,1.3,56,2024-04-13T14:35:00Z,PT5M
12,0.16,-113,77,878,578,656,0,0.6,77,878,578,656,11.1,0,45.9,984.3,0,0,0,0,260,255,1.9,1.3,55,2024-04-13T14:40:00Z,PT5M
12,0.16,-114,78,883,592,674,0,0.6,78,883,592,674,11.1,0,45.2,984.2,0,0,0,0,257,253,1.9,1.4,54,2024-04-13T14:45:00Z,PT5M
12,0.16,-115,79,887,606,691,0,0.5,79,887,606,691,11.2,0,44.5,984.2,0,0,0,0,255,251,1.9,1.4,54,2024-04-13T14:50:00Z,PT5M
12,0.16,-116,80,891,619,709,0,0.5,80,891,619,709,11.2,0,43.9,984.2,0,0,0,0,252,248,1.9,1.4,53,2024-04-13T14:55:00Z,PT5M
13,0.16,-117,80,895,633,725,0,0.4,80,895,633,725,11.2,0,43.2,984.2,0,0,0,0,250,246,1.9,1.4,52,2024-04-13T15:00:00Z,PT5M
13,0.16,-118,81,899,646,742,0,0.4,81,899,646,742,11.3,0,42.6,984.1,0,0,0,0,248,245,2,1.5,51,2024-04-13T15:05:00Z,PT5M
13,0.16,-120,82,902,658,758,0,0.4,82,902,658,758,11.3,0,41.9,984.1,0,0,0,0,247,244,2.1,1.6,50,2024-04-13T15:10:00Z,PT5M
13,0.16,-121,83,905,671,774,0,0.3,83,905,671,774,11.3,0,41.3,984.1,0,0,0,0,246,243,2.3,1.7,50,2024-04-13T15:15:00Z,PT5M
13,0.16,-122,84,909,683,789,0,0.3,84,909,683,789,11.4,0,40.7,984.1,0,0,0,0,245,242,2.4,1.8,49,2024-04-13T15:20:00Z,PT5M
14,0.16,-123,84,912,695,804,0,0.2,84,912,695,804,11.4,0,40.1,984,0,0,0,0,244,241,2.5,1.9,48,2024-04-13T15:25:00Z,PT5M
14,0.16,-125,85,914,706,819,0,0.2,85,914,706,819,11.4,0,39.5,984,0,0,0,0,243,241,2.6,2,47,2024-04-13T15:30:00Z,PT5M
14,0.16,-126,86,917,718,833,0,0.2,86,917,718,833,11.5,0,38.9,984,0,0,0,0,242,240,2.8,2.1,46,2024-04-13T15:35:00Z,PT5M
14,0.16,-127,86,920,729,847,0,0.2,86,920,729,847,11.5,0,38.4,984,0,0,0,0,241,239,2.9,2.2,46,2024-04-13T15:40:00Z,PT5M
14,0.16,-129,87,922,739,861,0,0.1,87,922,739,861,11.5,0,37.8,983.9,0,0,0,0,241,239,3,2.3,45,2024-04-13T15:45:00Z,PT5M
15,0.16,-130,88,924,750,874,0,0.1,88,924,750,874,11.6,0,37.2,983.9,0,0,0,0,240,238,3.2,2.4,44,2024-04-13T15:50:00Z,PT5M
15,0.16,-132,88,927,759,886,0,0,88,927,759,886,11.6,0,36.7,983.9,0,0,0,0,240,238,3.3,2.5,44,2024-04-13T15:55:00Z,PT5M
15,0.16,-133,89,929,769,899,0,0,89,929,769,899,11.6,0,36.2,983.9,0,0,0,0,239,238,3.4,2.6,43,2024-04-13T16:00:00Z,PT5M
15,0.16,-135,90,930,778,910,0,0,90,930,778,910,11.7,0,35.7,983.8,0,0,0,0,239,237,3.5,2.6,42,2024-04-13T16:05:00Z,PT5M
15,0.16,-136,90,932,787,922,0,0.1,90,932,787,922,11.7,0,35.4,983.8,0,0,0,0,238,237,3.6,2.7,42,2024-04-13T16:10:00Z,PT5M
16,0.16,-138,91,934,796,932,0,0.1,91,934,796,932,11.7,0,35.1,983.7,0,0,0,0,238,237,3.7,2.7,41,2024-04-13T16:15:00Z,PT5M
16,0.16,-140,91,935,804,943,0,0.2,91,935,804,943,11.8,0,34.8,983.7,0,0,0,0,237,236,3.7,2.8,40,2024-04-13T16:20:00Z,PT5M
16,0.16,-141,92,937,812,953,0,0.3,92,937,812,953,11.8,0,34.5,983.6,0,0,0,0,237,236,3.8,2.8,40,2024-04-13T16:25:00Z,PT5M
16,0.16,-143,92,938,819,962,0,0.3,92,938,819,962,11.8,0,34.2,983.6,0,0,0,0,237,236,3.9,2.9,39,2024-04-13T16:30:00Z,PT5M
16,0.16,-145,93,939,826,971,0,0.4,93,939,826,971,11.9,0,33.9,983.5,0,0,0,0,236,235,3.9,2.9,39,2024-04-13T16:35:00Z,PT5M
17,0.16,-147,94,940,833,979,0,0.4,94,940,833,979,11.9,0,33.7,983.5,0,0,0,0,236,235,4,3,38,2024-04-13T16:40:00Z,PT5M
17,0.16,-149,94,941,839,987,0,0.5,94,941,839,987,11.9,0,33.4,983.4,0,0,0,0,236,235,4.1,3,38,2024-04-13T16:45:00Z,PT5M
17,0.16,-150,94,942,845,995,0,0.6,94,942,845,995,12,0,33.1,983.4,0,0,0,0,235,234,4.1,3.1,37,2024-04-13T16:50:00Z,PT5M
17,0.16,-152,95,943,850,1002,0,0.6,95,943,850,1002,12,0,32.8,983.3,0,0,0,0,235,234,4.2,3.1,37,2024-04-13T16:55:00Z,PT5M
17,0.16,-154,95,944,855,1008,0,0.7,95,944,855,1008,12,0,32.5,983.3,0,0,0,0,235,234,4.3,3.2,36,2024-04-13T17:00:00Z,PT5M
18,0.16,-156,96,945,860,1014,0,0.7,96,945,860,1014,12.1,0,32.3,983.2,0,0,0,0,234,233,4.3,3.2,36,2024-04-13T17:05:00Z,PT5M
18,0.16,-158,95,946,864,1020,0,0.7,95,946,864,1020,12.1,0,32.2,983.1,0,0,0,0,233,232,4.3,3.2,36,2024-04-13T17:10:00Z,PT5M
18,0.16,-160,95,947,868,1025,0,0.8,95,947,868,1025,12.1,0,32,983,0,0,0,0,232,231,4.3,3.2,35,2024-04-13T17:15:00Z,PT5M
18,0.16,-162,95,948,872,1029,0,0.8,95,948,872,1029,12.2,0,31.9,982.9,0,0,0,0,231,230,4.3,3.2,35,2024-04-13T17:20:00Z,PT5M
18,0.16,-165,95,949,875,1033,0,0.8,95,949,875,1033,12.2,0,31.8,982.7,0,0,0,0,230,229,4.3,3.2,35,2024-04-13T17:25:00Z,PT5M
18,0.16,-167,95,950,878,1037,0,0.8,95,950,878,1037,12.2,0,31.6,982.6,0,0,0,0,229,228,4.3,3.3,35,2024-04-13T17:30:00Z,PT5M
18,0.16,-169,95,951,880,1040,0,0.9,95,951,880,1040,12.3,0,31.5,982.5,0,0,0,0,228,227,4.4,3.3,34,2024-04-13T17:35:00Z,PT5M
18,0.16,-171,95,952,882,1042,0,0.9,95,952,882,1042,12.3,0,31.3,982.4,0,0,0,0,227,226,4.4,3.3,34,2024-04-13T17:40:00Z,PT5M
18,0.16,-173,94,952,883,1044,0,0.9,94,952,883,1044,12.3,0,31.2,982.3,0,0,0,0,226,225,4.4,3.3,34,2024-04-13T17:45:00Z,PT5M
18,0.16,-175,94,953,884,1045,0,0.9,94,953,884,1045,12.4,0,31,982.2,0,0,0,0,225,224,4.4,3.3,34,2024-04-13T17:50:00Z,PT5M
19,0.16,-178,94,953,885,1046,0,1,94,953,885,1046,12.4,0,30.9,982,0,0,0,0,224,223,4.4,3.3,34,2024-04-13T17:55:00Z,PT5M
19,0.16,-180,94,953,885,1046,0,1,94,953,885,1046,12.4,0,30.8,981.9,0,0,0,0,223,222,4.4,3.3,34,2024-04-13T18:00:00Z,PT5M
19,0.16,178,94,953,885,1046,0,1,94,953,885,1046,12.5,0,30.7,981.8,0,0,0,0,222,221,4.5,3.3,34,2024-04-13T18:05:00Z,PT5M
19,0.16,176,94,953,884,1045,0,1,94,953,884,1045,12.5,0,30.6,981.7,0,0,0,0,220,219,4.5,3.4,34,2024-04-13T18:10:00Z,PT5M
19,0.16,174,93,953,883,1044,0,1.1,93,953,883,1044,12.5,0,30.5,981.6,0,0,0,0,219,218,4.6,3.4,34,2024-04-13T18:15:00Z,PT5M
19,0.16,171,93,953,882,1042,0,1.1,93,953,882,1042,12.5,0,30.4,981.5,0,0,0,0,218,216,4.6,3.5,34,2024-04-13T18:20:00Z,PT5M
19,0.16,169,93,952,880,1040,0,1.2,93,952,880,1040,12.5,0,30.3,981.4,0,0,0,0,216,215,4.7,3.5,34,2024-04-13T18:25:00Z,PT5M
19,0.16,167,93,952,878,1037,0,1.2,93,952,878,1037,12.5,0,30.2,981.3,0,0,0,0,215,214,4.8,3.6,34,2024-04-13T18:30:00Z,PT5M
19,0.16,165,93,951,875,1033,0,1.2,93,951,875,1033,12.6,0,30.1,981.2,0,0,0,0,214,212,4.8,3.6,35,2024-04-13T18:35:00Z,PT5M
19,0.16,163,93,950,872,1029,0,1.2,93,950,872,1029,12.6,0,30.1,981.1,0,0,0,0,213,211,4.9,3.7,35,2024-04-13T18:40:00Z,PT5M
19,0.16,161,93,949,868,1025,0,1.3,93,949,868,1025,12.6,0,30,981,0,0,0,0,211,210,4.9,3.7,35,2024-04-13T18:45:00Z,PT5M
19,0.16,159,93,949,864,1020,0,1.3,93,949,864,1020,12.6,0,29.9,980.9,0,0,0,0,210,209,5,3.8,36,2024-04-13T18:50:00Z,PT5M
20,0.16,157,93,948,860,1014,0,1.4,93,948,860,1014,12.6,0,29.8,980.8,0,0,0,0,209,208,5.1,3.8,36,2024-04-13T18:55:00Z,PT5M
20,0.16,155,92,946,855,1008,0,1.4,92,946,855,1008,12.6,0,29.7,980.7,0,0,0,0,208,206,5.2,3.9,36,2024-04-13T19:00:00Z,PT5M
20,0.16,153,92,945,850,1002,0,1.4,92,945,850,1002,12.7,0,29.6,980.6,0,0,0,0,207,206,5.2,3.9,37,2024-04-13T19:05:00Z,PT5M
20,0.16,151,92,944,844,994,0,1.5,92,944,844,994,12.7,0,29.5,980.5,0,0,0,0,207,205,5.4,4,37,2024-04-13T19:10:00Z,PT5M
20,0.16,149,92,942,838,987,0,1.5,92,942,838,987,12.8,0,29.4,980.4,0,0,0,0,206,205,5.5,4.1,38,2024-04-13T19:15:00Z,PT5M
20,0.16,147,91,941,832,978,0,1.5,91,941,832,978,12.8,0,29.3,980.3,0,0,0,0,206,205,5.6,4.2,38,2024-04-13T19:20:00Z,PT5M
20,0.16,145,91,939,825,970,0,1.6,91,939,825,970,12.9,0,29.2,980.2,0,0,0,0,205,204,5.7,4.2,39,2024-04-13T19:25:00Z,PT5M
20,0.16,143,91,937,818,961,0,1.6,91,937,818,961,12.9,0,29.1,980.1,0,0,0,0,205,204,5.9,4.3,39,2024-04-13T19:30:00Z,PT5M
20,0.16,142,91,935,810,951,0,1.6,91,935,810,951,13,0,29,980,0,0,0,0,204,203,6,4.4,40,2024-04-13T19:35:00Z,PT5M
20,0.16,140,90,933,802,941,0,1.6,90,933,802,941,13,0,28.9,979.9,0,0,0,0,204,203,6.1,4.5,40,2024-04-13T19:40:00Z,PT5M
20,0.16,138,90,931,794,930,0,1.7,90,931,794,930,13.1,0,28.7,979.8,0,0,0,0,203,203,6.2,4.6,41,2024-04-13T19:45:00Z,PT5M
21,0.16,137,90,929,786,919,0,1.7,90,929,786,919,13.1,0,28.6,979.7,0,0,0,0,203,203,6.4,4.6,41,2024-04-13T19:50:00Z,PT5M
21,0.16,135,89,926,776,908,0,1.8,89,926,776,908,13.2,0,28.5,979.6,0,0,0,0,203,202,6.5,4.7,42,2024-04-13T19:55:00Z,PT5M
21,0.16,134,89,924,767,896,0,1.8,89,924,767,896,13.2,0,28.4,979.5,0,0,0,0,202,202,6.6,4.8,43,2024-04-13T20:00:00Z,PT5M
21,0.16,132,89,920,757,883,0,1.8,89,920,757,883,13.3,0,28.4,979.4,0,0,0,0,202,202,6.7,4.9,43,2024-04-13T20:05:00Z,PT5M
21,0.16,131,89,917,747,870,0,1.8,89,917,747,870,13.4,0,28.3,979.3,0,0,0,0,202,202,6.8,4.9,44,2024-04-13T20:10:00Z,PT5M
21,0.16,129,89,913,736,856,0,1.8,89,913,736,856,13.6,0,28.3,979.2,0,0,0,0,202,201,6.9,5,45,2024-04-13T20:15:00Z,PT5M
21,0.16,128,89,908,725,842,0,1.8,89,908,725,842,13.7,0,28.3,979.1,0,0,0,0,202,201,7,5,46,2024-04-13T20:20:00Z,PT5M
21,0.16,126,89,904,714,828,0,1.8,89,904,714,828,13.8,0,28.2,979,0,0,0,0,202,201,7.1,5.1,46,2024-04-13T20:25:00Z,PT5M
21,0.16,125,89,900,702,813,0,1.8,89,900,702,813,13.9,0,28.2,978.9,0,0,0,0,202,201,7.1,5.1,47,2024-04-13T20:30:00Z,PT5M
21,0.16,124,88,895,690,798,0,1.9,88,895,690,798,14.1,0,28.2,978.8,0,0,0,0,202,201,7.2,5.2,48,2024-04-13T20:35:00Z,PT5M
21,0.16,122,88,890,678,782,0,1.9,88,890,678,782,14.2,0,28.2,978.7,0,0,0,0,202,201,7.3,5.2,49,2024-04-13T20:40:00Z,PT5M
21,0.16,121,88,885,665,766,0,1.9,88,885,665,766,14.3,0,28.1,978.6,0,0,0,0,202,201,7.4,5.3,49,2024-04-13T20:45:00Z,PT5M
21,0.16,120,88,880,652,750,0,1.9,88,880,652,750,14.4,0,28.1,978.5,0,0,0,0,202,201,7.5,5.3,50,2024-04-13T20:50:00Z,PT5M
21,0.16,119,88,874,639,733,0,1.9,88,874,639,733,14.6,0,28.1,978.4,0,0,0,0,202,201,7.5,5.4,51,2024-04-13T20:55:00Z,PT5M
21,0.16,117,87,869,626,716,0,1.9,87,869,626,716,14.7,0,28.1,978.3,0,0,0,0,202,200,7.6,5.4,52,2024-04-13T21:00:00Z,PT5M
21,0.16,116,87,863,612,699,0,1.9,87,863,612,699,14.8,0,28.1,978.2,0,0,0,0,202,200,7.7,5.4,53,2024-04-13T21:05:00Z,PT5M
21,0.16,115,87,856,598,682,0,2,87,856,598,682,14.8,0,28.3,978.1,0,0,0,0,202,200,7.6,5.4,53,2024-04-13T21:10:00Z,PT5M
21,0.16,114,87,850,584,664,0,2.1,87,850,584,664,14.9,0,28.5,978,0,0,0,0,201,199,7.6,5.3,54,2024-04-13T21:15:00Z,PT5M
21,0.16,113,87,843,570,646,0,2.2,87,843,570,646,14.9,0,28.6,977.9,0,0,0,0,201,199,7.6,5.3,55,2024-04-13T21:20:00Z,PT5M
21,0.16,112,87,836,556,628,0,2.3,87,836,556,628,14.9,0,28.8,977.9,0,0,0,0,200,199,7.5,5.2,56,2024-04-13T21:25:00Z,PT5M
21,0.16,111,86,828,541,609,0,2.4,86,828,541,609,15,0,29,977.8,0,0,0,0,200,198,7.5,5.2,57,2024-04-13T21:30:00Z,PT5M
21,0.16,110,86,820,526,590,0,2.4,86,820,526,590,15,0,29.2,977.7,0,0,0,0,200,198,7.5,5.1,58,2024-04-13T21:35:00Z,PT5M
21,0.16,109,85,812,511,571,0,2.5,85,812,511,571,15.1,0,29.3,977.6,0,0,0,0,199,197,7.5,5.1,58,2024-04-13T21:40:00Z,PT5M
21,0.16,108,85,804,495,552,0,2.6,85,804,495,552,15.1,0,29.5,977.5,0,0,0,0,199,197,7.4,5,59,2024-04-13T21:45:00Z,PT5M
21,0.16,107,84,795,480,532,0,2.7,84,795,480,532,15.1,0,29.7,977.4,0,0,0,0,198,197,7.4,5,60,2024-04-13T21:50:00Z,PT5M
21,0.16,106,84,786,464,513,0,2.8,84,786,464,513,15.2,0,29.9,977.3,0,0,0,0,198,196,7.4,4.9,61,2024-04-13T21:55:00Z,PT5M
21,0.16,105,83,776,448,493,2.9,2.9,105,703,435,476,15.2,0,30,977.2,0,0,0,0,198,196,7.4,4.9,62,2024-04-13T22:00:00Z,PT5M
21,0.16,104,82,766,432,473,23.4,2.9,217,251,331,342,15.3,0,30.1,977.1,0,0,0,0,197,195,7.4,4.9,63,2024-04-13T22:05:00Z,PT5M
21,0.16,103,82,756,416,453,38.7,2.9,255,0,255,247,15.3,0,30.1,977,0,0,0,0,196,194,7.4,4.8,64,2024-04-13T22:10:00Z,PT5M
21,0.16,102,81,745,400,433,28.4,2.9,222,151,286,289,15.3,0,30.2,976.9,0,0,0,0,195,193,7.4,4.8,65,2024-04-13T22:15:00Z,PT5M
21,0.16,101,79,734,384,413,10.5,3,140,492,344,363,15.3,0,30.2,976.8,0,0,0,0,194,192,7.5,4.7,66,2024-04-13T22:20:00Z,PT5M
21,0.16,100,78,723,367,393,0,3,78,723,367,393,15.4,0,30.2,976.8,0,0,0,0,193,191,7.5,4.7,66,2024-04-13T22:25:00Z,PT5M
21,0.16,99,77,710,351,372,0,3,77,710,351,372,15.4,0,30.2,976.7,0,0,0,0,192,190,7.5,4.7,67,2024-04-13T22:30:00Z,PT5M
21,0.16,98,76,697,335,352,9.8,3,124,479,302,313,15.4,0,30.2,976.6,0,0,0,0,191,189,7.6,4.7,68,2024-04-13T22:35:00Z,PT5M
21,0.16,97,74,684,318,332,8.3,3,114,498,292,301,15.4,0,30.3,976.5,0,0,0,0,190,188,7.6,4.6,69,2024-04-13T22:40:00Z,PT5M
21,0.16,96,73,669,301,312,24,3,165,189,229,229,15.5,0,30.3,976.4,0,0,0,0,190,187,7.7,4.6,70,2024-04-13T22:45:00Z,PT5M
21,0.16,95,71,654,285,292,32.2,3.1,175,55,193,189,15.5,0,30.3,976.3,0,0,0,0,189,186,7.7,4.6,71,2024-04-13T22:50:00Z,PT5M
21,0.16,94,70,638,268,272,64.1,3.1,96,0,96,93,15.5,0,30.3,976.2,0,0,0,0,188,185,7.8,4.5,72,2024-04-13T22:55:00Z,PT5M
21,0.16,94,68,621,252,252,75.3,3.1,62,0,62,60,15.5,0,30.3,976.1,0,0,0,0,187,184,7.8,4.5,73,2024-04-13T23:00:00Z,PT5M
21,0.16,93,66,605,236,232,73.7,3.4,62,0,62,60,15.6,0,31.3,976,0,0,0,0,187,185,8,4.6,74,2024-04-13T23:05:00Z,PT5M
21,0.16,92,63,591,220,213,80.8,3.8,42,0,42,41,15.7,0,33.3,976,0,0,0,0,188,186,8.3,4.8,75,2024-04-13T23:10:00Z,PT5M
20,0.16,91,60,576,204,195,83.7,4.4,33,0,33,32,15.8,0,35.4,976,0,0,0,0,190,187,8.6,5,76,2024-04-13T23:15:00Z,PT5M
20,0.16,90,57,559,188,176,86,4.9,26,0,26,25,16,0,37.6,975.9,0,0,0,0,191,188,8.9,5.2,76,2024-04-13T23:20:00Z,PT5M
19,0.16,89,54,542,173,158,63.3,5.4,63,0,63,61,16.1,0,40,975.9,0,0,0,0,192,189,9.2,5.4,77,2024-04-13T23:25:00Z,PT5M
19,0.16,88,51,523,157,141,39.3,5.8,95,0,95,92,16.2,0,42.5,975.8,0,0,0,0,193,190,9.5,5.6,78,2024-04-13T23:30:00Z,PT5M
18,0.16,88,48,502,142,123,80.9,6.4,27,0,27,26,16.3,0,45.2,975.8,0,0,0,0,194,191,9.8,5.7,79,2024-04-13T23:35:00Z,PT5M
18,0.16,87,45,480,127,107,0,6.8,45,480,127,107,16.4,0,48,975.8,0,0,0,0,194,192,10.1,5.9,80,2024-04-13T23:40:00Z,PT5M
18,0.16,86,41,456,113,91,0,7.4,41,456,113,91,16.5,0,51.1,975.7,0,0,0,0,195,193,10.4,6.1,81,2024-04-13T23:45:00Z,PT5M
17,0.16,85,38,430,98,75,0.7,7.8,39,418,98,75,16.7,0,54.3,975.7,0,0,0,0,196,194,10.7,6.3,82,2024-04-13T23:50:00Z,PT5M
17,0.16,84,34,402,85,61,13,8.4,48,203,74,60,16.8,0,57.7,975.6,0,0,0,0,197,194,11.1,6.5,83,2024-04-13T23:55:00Z,PT5M
16,0.16,83,31,370,71,47,11.3,8.8,41,204,63,48,16.9,0,61.3,975.6,0,0,0,0,197,195,11.4,6.7,84,2024-04-14T00:00:00Z,PT5M
16,0.16,82,27,331,58,34,9.6,9.1,34,196,52,37,17,0,63.1,975.5,0,0,0,0,198,195,11.6,6.9,85,2024-04-14T00:05:00Z,PT5M
16,0.16,82,23,253,45,23,26.5,9.1,33,0,33,32,17.1,0,63,975.5,0,0,0,0,198,195,11.6,6.9,86,2024-04-14T00:10:00Z,PT5M
16,0.16,81,19,168,34,16,34.4,9,22,0,22,22,17.3,0,62.8,975.4,0,0,0,0,198,195,11.7,6.9,86,2024-04-14T00:15:00Z,PT5M
16,0.16,80,15,98,23,13,37.5,9,15,0,15,14,17.4,0,62.7,975.3,0,0,0,0,198,195,11.7,6.9,87,2024-04-14T00:20:00Z,PT5M
16,0.16,79,10,46,14,9,13,9,12,5,12,11,17.5,0,62.6,975.3,0,0,0,0,198,195,11.8,6.9,88,2024-04-14T00:25:00Z,PT5M
16,0.16,78,5,13,6,4,7.2,9,5,4,5,5,17.6,0,62.4,975.2,0,0,0,0,198,195,11.8,6.9,89,2024-04-14T00:30:00Z,PT5M
16,0.16,77,0,0,0,0,13.8,8.9,0,0,0,0,17.8,0,62.3,975.1,0,0,0,0,198,195,11.9,7,90,2024-04-14T00:35:00Z,PT5M
16,0.16,77,0,0,0,0,15.6,8.9,0,0,0,0,17.9,0,62.2,975.1,0,0,0,0,198,195,12,7,91,2024-04-14T00:40:00Z,PT5M
16,0.16,76,0,0,0,0,17.3,8.9,0,0,0,0,18,0,62,975,0,0,0,0,198,196,12,7,92,2024-04-14T00:45:00Z,PT5M
16,0.16,75,0,0,0,0,38.5,8.9,0,0,0,0,18.1,0,61.9,974.9,0,0,0,0,198,196,12.1,7,93,2024-04-14T00:50:00Z,PT5M
16,0.16,74,0,0,0,0,35.4,8.8,0,0,0,0,18.2,0,61.7,974.9,0,0,0,0,198,196,12.1,7,94,2024-04-14T00:55:00Z,PT5M
16,0.16,73,0,0,0,0,64.5,8.8,0,0,0,0,18.4,0,61.6,974.8,0,0,0,0,198,196,12.2,7.1,95,2024-04-14T01:00:00Z,PT5M
16,0.16,72,0,0,0,0,75.6,8.8,0,0,0,0,18.5,0,61.6,974.7,0,0,0,0,198,196,12.2,7.1,95,2024-04-14T01:05:00Z,PT5M
16,0.16,71,0,0,0,0,70.6,8.8,0,0,0,0,18.5,0,61.6,974.7,0,0,0,0,199,196,12.3,7.1,96,2024-04-14T01:10:00Z,PT5M
16,0.16,70,0,0,0,0,41.7,8.8,0,0,0,0,18.6,0,61.6,974.6,0,0,0,0,199,196,12.4,7.2,97,2024-04-14T01:15:00Z,PT5M
16,0.16,70,0,0,0,0,30.4,8.8,0,0,0,0,18.6,0,61.7,974.6,0,0,0,0,199,197,12.5,7.2,98,2024-04-14T01:20:00Z,PT5M
16,0.16,69,0,0,0,0,12.1,8.8,0,0,0,0,18.7,0,61.7,974.5,0,0,0,0,199,197,12.5,7.3,99,2024-04-14T01:25:00Z,PT5M
16,0.16,68,0,0,0,0,33.4,8.8,0,0,0,0,18.7,0,61.7,974.4,0,0,0,0,200,197,12.6,7.3,100,2024-04-14T01:30:00Z,PT5M
16,0.16,67,0,0,0,0,25.6,8.9,0,0,0,0,18.8,0,61.8,974.4,0,0,0,0,200,198,12.7,7.4,101,2024-04-14T01:35:00Z,PT5M
16,0.16,66,0,0,0,0,42.8,8.9,0,0,0,0,18.8,0,61.8,974.3,0,0,0,0,200,198,12.7,7.4,101,2024-04-14T01:40:00Z,PT5M
16,0.16,65,0,0,0,0,64.5,8.9,0,0,0,0,18.9,0,61.8,974.3,0,0,0,0,200,198,12.8,7.5,102,2024-04-14T01:45:00Z,PT5M
16,0.16,64,0,0,0,0,74.4,8.9,0,0,0,0,18.9,0,61.9,974.2,0,0,0,0,200,198,12.9,7.5,103,2024-04-14T01:50:00Z,PT5M
16,0.16,63,0,0,0,0,76.9,8.9,0,0,0,0,19,0,61.9,974.2,0,0,0,0,201,199,13,7.6,104,2024-04-14T01:55:00Z,PT5M
16,0.16,62,0,0,0,0,76.9,8.9,0,0,0,0,19,0,61.9,974.1,0,0,0,0,201,199,13,7.6,105,2024-04-14T02:00:00Z,PT5M
16,0.16,61,0,0,0,0,74.4,8.9,0,0,0,0,19.1,0,62.1,974,0,0,0,0,201,199,13.1,7.6,105,2024-04-14T02:05:00Z,PT5M
16,0.16,60,0,0,0,0,71.9,9,0,0,0,0,19.2,0,62.4,973.9,0,0,0,0,202,200,13.1,7.6,106,2024-04-14T02:10:00Z,PT5M
16,0.16,59,0,0,0,0,73.1,9,0,0,0,0,19.2,0,62.6,973.8,0,0,0,0,202,200,13.1,7.7,107,2024-04-14T02:15:00Z,PT5M
16,0.16,58,0,0,0,0,46,9.1,0,0,0,0,19.3,0,62.9,973.7,0,0,0,0,202,200,13.2,7.7,108,2024-04-14T02:20:00Z,PT5M
16,0.16,57,0,0,0,0,39.6,9.1,0,0,0,0,19.4,0,63.2,973.7,0,0,0,0,203,200,13.2,7.7,109,2024-04-14T02:25:00Z,PT5M
16,0.16,56,0,0,0,0,15.6,9.2,0,0,0,0,19.5,0,63.5,973.6,0,0,0,0,203,201,13.2,7.7,109,2024-04-14T02:30:00Z,PT5M
16,0.16,55,0,0,0,0,20,9.2,0,0,0,0,19.6,0,63.8,973.5,0,0,0,0,203,201,13.2,7.7,110,2024-04-14T02:35:00Z,PT5M
16,0.16,54,0,0,0,0,25.6,9.3,0,0,0,0,19.7,0,64,973.4,0,0,0,0,204,201,13.3,7.7,111,2024-04-14T02:40:00Z,PT5M
16,0.16,53,0,0,0,0,37.5,9.3,0,0,0,0,19.7,0,64.3,973.3,0,0,0,0,204,202,13.3,7.7,112,2024-04-14T02:45:00Z,PT5M
16,0.16,52,0,0,0,0,32.4,9.4,0,0,0,0,19.8,0,64.6,973.2,0,0,0,0,204,202,13.3,7.8,112,2024-04-14T02:50:00Z,PT5M
16,0.16,51,0,0,0,0,21.8,9.4,0,0,0,0,19.9,0,64.9,973.1,0,0,0,0,205,202,13.3,7.8,113,2024-04-14T02:55:00Z,PT5M
16,0.16,50,0,0,0,0,6.4,9.5,0,0,0,0,20,0,65.2,973,0,0,0,0,205,202,13.4,7.8,114,2024-04-14T03:00:00Z,PT5M
16,0.16,49,0,0,0,0,1.1,9.5,0,0,0,0,20.1,0,65.4,972.9,0,0,0,0,205,203,13.4,7.8,114,2024-04-14T03:05:00Z,PT5M
16,0.16,47,0,0,0,0,2.6,9.5,0,0,0,0,20.2,0,65.5,972.8,0,0,0,0,205,203,13.5,7.9,115,2024-04-14T03:10:00Z,PT5M
16,0.16,46,0,0,0,0,0,9.6,0,0,0,0,20.3,0,65.6,972.7,0,0,0,0,205,203,13.5,7.9,116,2024-04-14T03:15:00Z,PT5M
16,0.16,45,0,0,0,0,0,9.6,0,0,0,0,20.4,0,65.7,972.6,0,0,0,0,206,203,13.6,8,116,2024-04-14T03:20:00Z,PT5M
16,0.16,44,0,0,0,0,4.1,9.6,0,0,0,0,20.4,0,65.8,972.5,0,0,0,0,206,203,13.6,8,117,2024-04-14T03:25:00Z,PT5M
16,0.16,43,0,0,0,0,2.6,9.6,0,0,0,0,20.5,0,65.9,972.4,0,0,0,0,206,203,13.7,8.1,118,2024-04-14T03:30:00Z,PT5M
16,0.16,42,0,0,0,0,0.3,9.7,0,0,0,0,20.6,0,66.1,972.3,0,0,0,0,206,203,13.7,8.1,118,2024-04-14T03:35:00Z,PT5M
16,0.16,40,0,0,0,0,2.6,9.7,0,0,0,0,20.7,0,66.2,972.2,0,0,0,0,206,203,13.8,8.2,119,2024-04-14T03:40:00Z,PT5M
16,0.16,39,0,0,0,0,0,9.7,0,0,0,0,20.8,0,66.3,972.1,0,0,0,0,206,203,13.8,8.2,119,2024-04-14T03:45:00Z,PT5M
16,0.16,38,0,0,0,0,0,9.7,0,0,0,0,20.9,0,66.4,972,0,0,0,0,206,204,13.9,8.3,120,2024-04-14T03:50:00Z,PT5M
16,0.16,37,0,0,0,0,0,9.8,0,0,0,0,21,0,66.5,971.9,0,0,0,0,206,204,14,8.3,121,2024-04-14T03:55:00Z,PT5M
16,0.16,35,0,0,0,0,0,9.8,0,0,0,0,21.1,0,66.6,971.8,0,0,0,0,206,204,14,8.4,121,2024-04-14T04:00:00Z,PT5M
16,0.16,34,0,0,0,0,0,9.8,0,0,0,0,21.1,0,66.7,971.7,0,0,0,0,206,204,14.1,8.4,122,2024-04-14T04:05:00Z,PT5M
16,0.16,33,0,0,0,0,0,9.8,0,0,0,0,21.1,0,66.9,971.6,0,0,0,0,207,204,14.1,8.5,122,2024-04-14T04:10:00Z,PT5M
16,0.16,31,0,0,0,0,0,9.8,0,0,0,0,21,0,67,971.5,0,0,0,0,207,205,14.1,8.5,123,2024-04-14T04:15:00Z,PT5M
16,0.16,30,0,0,0,0,0,9.9,0,0,0,0,21,0,67.2,971.4,0,0,0,0,207,205,14.2,8.5,123,2024-04-14T04:20:00Z,PT5M
16,0.16,29,0,0,0,0,0,9.9,0,0,0,0,21,0,67.3,971.3,0,0,0,0,207,205,14.2,8.5,124,2024-04-14T04:25:00Z,PT5M
16,0.16,27,0,0,0,0,0,9.9,0,0,0,0,20.9,0,67.5,971.2,0,0,0,0,208,206,14.2,8.6,124,2024-04-14T04:30:00Z,PT5M
16,0.16,26,0,0,0,0,0,9.9,0,0,0,0,20.9,0,67.6,971.1,0,0,0,0,208,206,14.3,8.6,124,2024-04-14T04:35:00Z,PT5M
16,0.16,24,0,0,0,0,0,9.9,0,0,0,0,20.9,0,67.8,971,0,0,0,0,208,206,14.3,8.6,125,2024-04-14T04:40:00Z,PT5M
16,0.16,23,0,0,0,0,0,9.9,0,0,0,0,20.8,0,67.9,970.9,0,0,0,0,208,207,14.3,8.6,125,2024-04-14T04:45:00Z,PT5M
16,0.16,21,0,0,0,0,0,10,0,0,0,0,20.8,0,68.1,970.8,0,0,0,0,209,207,14.4,8.7,125,2024-04-14T04:50:00Z,PT5M
16,0.16,20,0,0,0,0,0,10,0,0,0,0,20.8,0,68.2,970.7,0,0,0,0,209,208,14.4,8.7,126,2024-04-14T04:55:00Z,PT5M
16,0.16,18,0,0,0,0,1.8,10,0,0,0,0,20.7,0,68.4,970.6,0,0,0,0,209,208,14.4,8.7,126,2024-04-14T05:00:00Z,PT5M
16,0.16,17,0,0,0,0,1.8,10,0,0,0,0,20.8,0,68.6,970.6,0,0,0,0,210,208,14.4,8.7,126,2024-04-14T05:05:00Z,PT5M
16,0.16,15,0,0,0,0,1.8,10.1,0,0,0,0,20.8,0,69,970.5,0,0,0,0,211,209,14.4,8.7,127,2024-04-14T05:10:00Z,PT5M
16,0.16,14,0,0,0,0,0.3,10.2,0,0,0,0,20.9,0,69.4,970.5,0,0,0,0,211,210,14.3,8.7,127,2024-04-14T05:15:00Z,PT5M
16,0.16,12,0,0,0,0,0.3,10.3,0,0,0,0,20.9,0,69.8,970.4,0,0,0,0,212,211,14.3,8.6,127,2024-04-14T05:20:00Z,PT5M
16,0.16,11,0,0,0,0,0,10.4,0,0,0,0,21,0,70.2,970.4,0,0,0,0,213,211,14.2,8.6,127,2024-04-14T05:25:00Z,PT5M
16,0.16,9,0,0,0,0,0,10.5,0,0,0,0,21,0,70.6,970.3,0,0,0,0,214,212,14.2,8.6,127,2024-04-14T05:30:00Z,PT5M
16,0.16,8,0,0,0,0,0,10.5,0,0,0,0,21.1,0,71,970.3,0,0,0,0,215,213,14.2,8.6,128,2024-04-14T05:35:00Z,PT5M
16,0.16,6,0,0,0,0,0,10.6,0,0,0,0,21.2,0,71.3,970.3,0,0,0,0,216,214,14.1,8.6,128,2024-04-14T05:40:00Z,PT5M
16,0.16,5,0,0,0,0,0,10.7,0,0,0,0,21.2,0,71.7,970.2,0,0,0,0,216,214,14.1,8.5,128,2024-04-14T05:45:00Z,PT5M
16,0.16,3,0,0,0,0,0,10.8,0,0,0,0,21.3,0,72.1,970.2,0,0,0,0,217,215,14.1,8.5,128,2024-04-14T05:50:00Z,PT5M
16,0.16,2,0,0,0,0,0,10.9,0,0,0,0,21.3,0,72.5,970.1,0,0,0,0,218,216,14,8.5,128,2024-04-14T05:55:00Z,PT5M
16,0.16,0,0,0,0,0,0,11,0,0,0,0,21.4,0,72.9,970.1,0,0,0,0,219,216,14,8.5,128,2024-04-14T06:00:00Z,PT5M
16,0.16,-2,0,0,0,0,0,11,0,0,0,0,21.4,0,73.2,970.1,0,0,0,0,220,217,13.9,8.5,128,2024-04-14T06:05:00Z,PT5M
16,0.16,-3,0,0,0,0,0,11,0,0,0,0,21.2,0,73.3,970.1,0,0,0,0,220,217,13.8,8.4,128,2024-04-14T06:10:00Z,PT5M
16,0.16,-5,0,0,0,0,18.2,10.9,0,0,0,0,21.1,0,73.4,970.1,0,0,0,0,220,218,13.7,8.3,128,2024-04-14T06:15:00Z,PT5M
16,0.16,-6,0,0,0,0,26.5,10.9,0,0,0,0,21,0,73.5,970.1,0,0,0,0,221,218,13.6,8.2,128,2024-04-14T06:20:00Z,PT5M
16,0.16,-8,0,0,0,0,28.4,10.9,0,0,0,0,20.9,0,73.6,970.1,0,0,0,0,221,219,13.5,8.1,128,2024-04-14T06:25:00Z,PT5M
16,0.16,-9,0,0,0,0,28.4,10.8,0,0,0,0,20.7,0,73.8,970.1,0,0,0,0,222,219,13.3,8,127,2024-04-14T06:30:00Z,PT5M
15,0.16,-11,0,0,0,0,30.4,10.8,0,0,0,0,20.6,0,73.9,970.1,0,0,0,0,222,219,13.2,8,127,2024-04-14T06:35:00Z,PT5M
15,0.16,-12,0,0,0,0,24.6,10.8,0,0,0,0,20.5,0,74,970.1,0,0,0,0,222,220,13.1,7.9,127,2024-04-14T06:40:00Z,PT5M
15,0.16,-14,0,0,0,0,17.3,10.7,0,0,0,0,20.4,0,74.1,970.1,0,0,0,0,223,220,13,7.8,127,2024-04-14T06:45:00Z,PT5M
15,0.16,-15,0,0,0,0,7.2,10.7,0,0,0,0,20.2,0,74.2,970.2,0,0,0,0,223,221,12.9,7.7,127,2024-04-14T06:50:00Z,PT5M
15,0.16,-17,0,0,0,0,13,10.7,0,0,0,0,20.1,0,74.3,970.2,0,0,0,0,224,221,12.8,7.6,126,2024-04-14T06:55:00Z,PT5M
15,0.16,-18,0,0,0,0,11.3,10.6,0,0,0,0,20,0,74.4,970.2,0,0,0,0,224,222,12.6,7.5,126,2024-04-14T07:00:00Z,PT5M
15,0.16,-20,0,0,0,0,8,10.6,0,0,0,0,19.9,0,74.7,970.2,0,0,0,0,225,222,12.5,7.5,126,2024-04-14T07:05:00Z,PT5M
15,0.16,-21,0,0,0,0,6.4,10.7,0,0,0,0,19.8,0,75,970.1,0,0,0,0,225,223,12.5,7.4,125,2024-04-14T07:10:00Z,PT5M
15,0.16,-23,0,0,0,0,8,10.7,0,0,0,0,19.7,0,75.4,970.1,0,0,0,0,226,223,12.4,7.4,125,2024-04-14T07:15:00Z,PT5M
15,0.16,-24,0,0,0,0,7.2,10.7,0,0,0,0,19.7,0,75.8,970.1,0,0,0,0,227,224,12.3,7.3,125,2024-04-14T07:20:00Z,PT5M
15,0.16,-26,0,0,0,0,7.2,10.8,0,0,0,0,19.6,0,76.2,970.1,0,0,0,0,227,225,12.3,7.3,124,2024-04-14T07:25:00Z,PT5M
15,0.16,-27,0,0,0,0,4.9,10.8,0,0,0,0,19.5,0,76.5,970,0,0,0,0,228,225,12.2,7.2,124,2024-04-14T07:30:00Z,PT5M
15,0.16,-28,0,0,0,0,8,10.8,0,0,0,0,19.4,0,76.9,970,0,0,0,0,229,226,12.1,7.2,124,2024-04-14T07:35:00Z,PT5M
15,0.16,-30,0,0,0,0,10.5,10.8,0,0,0,0,19.4,0,77.3,970,0,0,0,0,229,227,12,7.1,123,2024-04-14T07:40:00Z,PT5M
15,0.16,-31,0,0,0,0,24.6,10.9,0,0,0,0,19.3,0,77.7,970,0,0,0,0,230,227,12,7.1,123,2024-04-14T07:45:00Z,PT5M
15,0.16,-33,0,0,0,0,34.4,10.9,0,0,0,0,19.2,0,78,969.9,0,0,0,0,231,228,11.9,7.1,122,2024-04-14T07:50:00Z,PT5M
15,0.16,-34,0,0,0,0,46,11,0,0,0,0,19.1,0,78.4,969.9,0,0,0,0,231,229,11.9,7,122,2024-04-14T07:55:00Z,PT5M
15,0.16,-35,0,0,0,0,48.2,11,0,0,0,0,19.1,0,78.8,969.9,0,0,0,0,232,229,11.8,7,121,2024-04-14T08:00:00Z,PT5M
15,0.16,-36,0,0,0,0,47.1,11,0,0,0,0,19,0,79.1,969.9,0,0,0,0,232,230,11.8,7,121,2024-04-14T08:05:00Z,PT5M
15,0.16,-38,0,0,0,0,46,11.1,0,0,0,0,19,0,79.3,969.8,0,0,0,0,233,230,11.8,7,120,2024-04-14T08:10:00Z,PT5M
15,0.16,-39,0,0,0,0,44.9,11.1,0,0,0,0,19,0,79.4,969.8,0,0,0,0,233,231,11.8,7,119,2024-04-14T08:15:00Z,PT5M
15,0.16,-40,0,0,0,0,41.7,11.1,0,0,0,0,18.9,0,79.6,969.8,0,0,0,0,234,231,11.8,6.9,119,2024-04-14T08:20:00Z,PT5M
15,0.16,-41,0,0,0,0,38.5,11.2,0,0,0,0,18.9,0,79.8,969.8,0,0,0,0,234,232,11.8,6.9,118,2024-04-14T08:25:00Z,PT5M
15,0.16,-43,0,0,0,0,40.6,11.2,0,0,0,0,18.9,0,80,969.7,0,0,0,0,235,232,11.8,7,118,2024-04-14T08:30:00Z,PT5M
15,0.16,-44,0,0,0,0,40.6,11.3,0,0,0,0,18.8,0,80.2,969.7,0,0,0,0,235,233,11.8,7,117,2024-04-14T08:35:00Z,PT5M
15,0.16,-45,0,0,0,0,29.4,11.3,0,0,0,0,18.8,0,80.3,969.7,0,0,0,0,236,233,11.8,7,116,2024-04-14T08:40:00Z,PT5M
15,0.16,-46,0,0,0,0,28.4,11.4,0,0,0,0,18.8,0,80.5,969.7,0,0,0,0,236,233,11.8,7,116,2024-04-14T08:45:00Z,PT5M
15,0.16,-47,0,0,0,0,29.4,11.4,0,0,0,0,18.7,0,80.7,969.6,0,0,0,0,237,234,11.8,7,115,2024-04-14T08:50:00Z,PT5M
15,0.16,-48,0,0,0,0,27.5,11.4,0,0,0,0,18.7,0,80.9,969.6,0,0,0,0,237,234,11.8,7,114,2024-04-14T08:55:00Z,PT5M
15,0.16,-50,0,0,0,0,23.7,11.5,0,0,0,0,18.7,0,81.1,969.6,0,0,0,0,238,235,11.8,7,114,2024-04-14T09:00:00Z,PT5M
15,0.16,-51,0,0,0,0,22.7,11.5,0,0,0,0,18.6,0,81.2,969.6,0,0,0,0,238,235,11.7,6.9,113,2024-04-14T09:05:00Z,PT5M
15,0.16,-52,0,0,0,0,30.4,11.5,0,0,0,0,18.6,0,81.4,969.6,0,0,0,0,239,236,11.6,6.8,112,2024-04-14T09:10:00Z,PT5M
15,0.16,-53,0,0,0,0,30.4,11.6,0,0,0,0,18.6,0,81.6,969.6,0,0,0,0,240,237,11.4,6.7,112,2024-04-14T09:15:00Z,PT5M
15,0.16,-54,0,0,0,0,32.4,11.6,0,0,0,0,18.5,0,81.8,969.7,0,0,0,0,241,239,11.2,6.5,111,2024-04-14T09:20:00Z,PT5M
15,0.16,-55,0,0,0,0,36.4,11.6,0,0,0,0,18.5,0,81.9,969.7,0,0,0,0,242,240,11.1,6.4,110,2024-04-14T09:25:00Z,PT5M
15,0.16,-56,0,0,0,0,44.9,11.6,0,0,0,0,18.5,0,82.1,969.7,0,0,0,0,243,241,10.9,6.3,109,2024-04-14T09:30:00Z,PT5M
15,0.16,-57,0,0,0,0,28.4,11.7,0,0,0,0,18.4,0,82.3,969.7,0,0,0,0,245,242,10.8,6.2,109,2024-04-14T09:35:00Z,PT5M
15,0.16,-58,0,0,0,0,20,11.7,0,0,0,0,18.4,0,82.5,969.8,0,0,0,0,246,243,10.6,6.1,108,2024-04-14T09:40:00Z,PT5M
15,0.16,-59,0,0,0,0,9.6,11.7,0,0,0,0,18.4,0,82.7,969.8,0,0,0,0,247,245,10.5,6,107,2024-04-14T09:45:00Z,PT5M
15,0.16,-60,0,0,0,0,1.1,11.7,0,0,0,0,18.3,0,82.8,969.8,0,0,0,0,248,246,10.3,5.9,106,2024-04-14T09:50:00Z,PT5M
15,0.16,-61,0,0,0,0,2.6,11.8,0,0,0,0,18.3,0,83,969.8,0,0,0,0,249,247,10.2,5.8,105,2024-04-14T09:55:00Z,PT5M
15,0.16,-62,0,0,0,0,0,11.8,0,0,0,0,18.3,0,83.2,969.9,0,0,0,0,251,249,10.1,5.7,105,2024-04-14T10:00:00Z,PT5M
15,0.16,-63,0,0,0,0,0,11.8,0,0,0,0,18.3,0,83.4,969.9,0,0,0,0,252,249,10,5.6,104,2024-04-14T10:05:00Z,PT5M
15,0.16,-64,0,0,0,0,6.4,11.8,0,0,0,0,18.4,0,83.7,969.9,0,0,0,0,252,250,9.9,5.5,103,2024-04-14T10:10:00Z,PT5M
14,0.16,-65,0,0,0,0,6.4,11.8,0,0,0,0,18.5,0,84,970,0,0,0,0,252,250,9.8,5.4,102,2024-04-14T10:15:00Z,PT5M
14,0.16,-66,0,0,0,0,14.7,11.7,0,0,0,0,18.6,0,84.2,970,0,0,0,0,253,250,9.7,5.4,101,2024-04-14T10:20:00Z,PT5M
14,0.16,-67,0,0,0,0,20,11.7,0,0,0,0,18.6,0,84.5,970.1,0,0,0,0,253,250,9.6,5.3,100,2024-04-14T10:25:00Z,PT5M
14,0.16,-68,0,0,0,0,23.7,11.7,0,0,0,0,18.7,0,84.8,970.1,0,0,0,0,254,251,9.6,5.2,100,2024-04-14T10:30:00Z,PT5M
14,0.16,-69,0,0,0,0,24.6,11.7,0,0,0,0,18.8,0,85.1,970.1,0,0,0,0,254,251,9.5,5.1,99,2024-04-14T10:35:00Z,PT5M
14,0.16,-69,0,0,0,0,16.4,11.7,0,0,0,0,18.9,0,85.3,970.2,0,0,0,0,255,251,9.4,5,98,2024-04-14T10:40:00Z,PT5M
14,0.16,-70,0,0,0,0,16.4,11.7,0,0,0,0,19,0,85.6,970.2,0,0,0,0,255,251,9.3,4.9,97,2024-04-14T10:45:00Z,PT5M
14,0.16,-71,0,0,0,0,20,11.6,0,0,0,0,19.1,0,85.9,970.3,0,0,0,0,255,252,9.2,4.8,96,2024-04-14T10:50:00Z,PT5M
14,0.16,-72,0,0,0,0,22.7,11.6,0,0,0,0,19.2,0,86.2,970.3,0,0,0,0,256,252,9.2,4.7,95,2024-04-14T10:55:00Z,PT5M
14,0.16,-73,0,0,0,0,21.8,11.6,0,0,0,0,19.3,0,86.4,970.4,0,0,0,0,256,252,9.1,4.7,94,2024-04-14T11:00:00Z,PT5M
14,0.16,-74,0,0,0,0,18.2,11.6,0,0,0,0,19.4,0,86.7,970.4,0,0,0,0,257,253,9,4.6,94,2024-04-14T11:05:00Z,PT5M
14,0.16,-75,0,0,0,0,21.8,11.6,0,0,0,0,19.4,0,86.9,970.5,0,0,0,0,258,253,8.9,4.5,93,2024-04-14T11:10:00Z,PT5M
14,0.16,-76,0,0,0,0,34.4,11.6,0,0,0,0,19.4,0,87.2,970.6,0,0,0,0,258,253,8.9,4.4,92,2024-04-14T11:15:00Z,PT5M
14,0.16,-76,0,0,0,0,38.5,11.6,0,0,0,0,19.4,0,87.4,970.6,0,0,0,0,259,254,8.8,4.3,91,2024-04-14T11:20:00Z,PT5M
14,0.16,-77,0,0,0,0,27.5,11.6,0,0,0,0,19.5,0,87.6,970.7,0,0,0,0,260,254,8.7,4.3,90,2024-04-14T11:25:00Z,PT5M
14,0.16,-78,5,19,6,5,15.6,11.6,5,0,5,5,19.5,0,87.9,970.8,0,0,0,0,261,255,8.6,4.2,89,2024-04-14T11:30:00Z,PT5M
14,0.16,-79,10,58,15,9,13,11.6,12,14,13,11,19.5,0,88.1,970.9,0,0,0,0,262,256,8.6,4.1,88,2024-04-14T11:35:00Z,PT5M
14,0.16,-80,14,115,24,12,8.8,11.6,17,62,22,15,19.6,0,88.4,970.9,0,0,0,0,263,256,8.5,4,87,2024-04-14T11:40:00Z,PT5M
13,0.16,-81,19,187,35,15,0,11.6,19,187,35,15,19.6,0,88.6,971,0,0,0,0,263,257,8.4,3.9,86,2024-04-14T11:45:00Z,PT5M
13,0.16,-81,23,273,46,22,0,11.6,23,273,46,22,19.6,0,88.8,971.1,0,0,0,0,264,257,8.4,3.9,86,2024-04-14T11:50:00Z,PT5M
13,0.16,-82,26,342,58,33,0,11.6,26,342,58,33,19.7,0,89.1,971.2,0,0,0,0,265,258,8.3,3.8,85,2024-04-14T11:55:00Z,PT5M
13,0.16,-83,30,377,71,46,0,11.6,30,377,71,46,19.7,0,89.3,971.2,0,0,0,0,266,259,8.2,3.7,84,2024-04-14T12:00:00Z,PT5M
13,0.16,-84,33,411,84,59,0,11.6,33,411,84,59,19.7,0,89,971.3,0,0,0,0,267,260,8.1,3.7,83,2024-04-14T12:05:00Z,PT5M
14,0.16,-85,36,443,98,74,0,11.7,36,443,98,74,19.6,0,88.2,971.3,0,0,0,0,269,263,8,3.7,82,2024-04-14T12:10:00Z,PT5M
14,0.16,-86,39,473,113,89,0,11.7,39,473,113,89,19.6,0,87.4,971.3,0,0,0,0,272,265,7.9,3.7,81,2024-04-14T12:15:00Z,PT5M
14,0.16,-86,41,501,128,106,0,11.8,41,501,128,106,19.5,0,86.6,971.4,0,0,0,0,274,268,7.8,3.7,80,2024-04-14T12:20:00Z,PT5M
14,0.16,-87,44,526,143,122,0,11.9,44,526,143,122,19.4,0,85.8,971.4,0,0,0,0,276,270,7.7,3.7,79,2024-04-14T12:25:00Z,PT5M
14,0.16,-88,46,550,158,140,0,11.9,46,550,158,140,19.4,0,85.1,971.4,0,0,0,0,278,273,7.6,3.7,78,2024-04-14T12:30:00Z,PT5M
15,0.16,-89,48,572,174,158,0,12,48,572,174,158,19.3,0,84.3,971.4,0,0,0,0,280,275,7.5,3.8,77,2024-04-14T12:35:00Z,PT5M
15,0.16,-90,50,593,190,176,0,12,50,593,190,176,19.2,0,83.5,971.5,0,0,0,0,283,277,7.4,3.8,76,2024-04-14T12:40:00Z,PT5M
15,0.16,-91,52,612,206,195,0,12.1,52,612,206,195,19.2,0,82.8,971.5,0,0,0,0,285,280,7.4,3.9,75,2024-04-14T12:45:00Z,PT5M
15,0.16,-92,54,630,222,214,0,12.2,54,630,222,214,19.1,0,82,971.5,0,0,0,0,287,282,7.3,3.9,75,2024-04-14T12:50:00Z,PT5M
15,0.16,-92,56,647,238,233,13.6,12.2,102,369,205,201,19,0,81.3,971.5,0,0,0,0,290,284,7.3,4,74,2024-04-14T12:55:00Z,PT5M
16,0.16,-93,57,663,254,253,0,12.3,57,663,254,253,19,0,80.6,971.6,0,0,0,0,292,286,7.3,4,73,2024-04-14T13:00:00Z,PT5M
16,0.16,-94,59,678,270,273,0.2,12.3,60,672,270,272,18.9,0,79.8,971.6,0,0,0,0,294,288,7.2,4,72,2024-04-14T13:05:00Z,PT5M
16,0.16,-95,60,692,287,293,7.2,12.4,92,531,266,270,18.7,0,79,971.6,0,0,0,0,296,290,6.9,4,71,2024-04-14T13:10:00Z,PT5M
16,0.16,-96,62,705,303,313,6.9,12.4,94,550,282,289,18.6,0,78.2,971.6,0,0,0,0,297,291,6.7,3.9,70,2024-04-14T13:15:00Z,PT5M
16,0.16,-97,63,718,320,333,0,12.4,63,718,320,333,18.4,0,77.4,971.6,0,0,0,0,299,293,6.5,3.8,69,2024-04-14T13:20:00Z,PT5M
17,0.16,-98,65,730,336,353,0,12.5,65,730,336,353,18.3,0,76.7,971.6,0,0,0,0,301,295,6.3,3.8,68,2024-04-14T13:25:00Z,PT5M
17,0.16,-99,66,741,352,373,0,12.5,66,741,352,373,18.2,0,75.9,971.7,0,0,0,0,303,297,6.1,3.7,67,2024-04-14T13:30:00Z,PT5M
17,0.16,-100,67,752,369,393,0,12.6,67,752,369,393,18,0,75.2,971.7,0,0,0,0,305,299,5.8,3.7,66,2024-04-14T13:35:00Z,PT5M
17,0.16,-100,68,762,385,413,0,12.6,68,762,385,413,17.9,0,74.4,971.7,0,0,0,0,307,301,5.7,3.6,65,2024-04-14T13:40:00Z,PT5M
17,0.16,-101,69,772,401,433,0,12.7,69,772,401,433,17.7,0,73.7,971.7,0,0,0,0,309,304,5.5,3.6,65,2024-04-14T13:45:00Z,PT5M
18,0.16,-102,71,781,417,453,0,12.7,71,781,417,453,17.6,0,73,971.7,0,0,0,0,312,306,5.3,3.5,64,2024-04-14T13:50:00Z,PT5M
18,0.16,-103,72,790,433,473,0,12.7,72,790,433,473,17.5,0,72.2,971.7,0,0,0,0,315,308,5.1,3.5,63,2024-04-14T13:55:00Z,PT5M
18,0.16,-104,73,798,449,493,0,12.8,73,798,449,493,17.3,0,71.5,971.8,0,0,0,0,318,310,5,3.5,62,2024-04-14T14:00:00Z,PT5M
18,0.16,-105,74,806,465,512,0,12.8,74,806,465,512,17.2,0,70.6,971.8,0,0,0,0,320,313,4.9,3.5,61,2024-04-14T14:05:00Z,PT5M
18,0.16,-106,74,814,480,532,0,12.7,74,814,480,532,17,0,69.3,971.8,0,0,0,0,322,315,4.8,3.4,60,2024-04-14T14:10:00Z,PT5M
19,0.16,-107,75,821,496,551,0,12.7,75,821,496,551,16.9,0,68.1,971.8,0,0,0,0,324,318,4.8,3.4,59,2024-04-14T14:15:00Z,PT5M
19,0.16,-108,76,828,511,570,0,12.6,76,828,511,570,16.8,0,66.9,971.9,0,0,0,0,326,320,4.7,3.4,58,2024-04-14T14:20:00Z,PT5M
19,0.16,-109,77,835,526,589,0,12.5,77,835,526,589,16.6,0,65.7,971.9,0,0,0,0,329,323,4.7,3.4,57,2024-04-14T14:25:00Z,PT5M
19,0.16,-110,78,841,541,608,0,12.5,78,841,541,608,16.5,0,64.5,971.9,0,0,0,0,331,325,4.7,3.4,57,2024-04-14T14:30:00Z,PT5M
20,0.16,-111,79,848,555,626,0,12.4,79,848,555,626,16.4,0,63.4,971.9,0,0,0,0,333,328,4.6,3.4,56,2024-04-14T14:35:00Z,PT5M
20,0.16,-112,79,853,570,644,0,12.4,79,853,570,644,16.2,0,62.3,972,0,0,0,0,335,330,4.6,3.4,55,2024-04-14T14:40:00Z,PT5M
20,0.16,-114,80,859,584,662,0,12.3,80,859,584,662,16.1,0,61.2,972,0,0,0,0,337,333,4.6,3.4,54,2024-04-14T14:45:00Z,PT5M
20,0.16,-115,81,864,598,680,0,12.2,81,864,598,680,16,0,60.1,972,0,0,0,0,340,335,4.6,3.4,53,2024-04-14T14:50:00Z,PT5M
21,0.16,-116,81,870,612,697,0,12.2,81,870,612,697,15.8,0,59,972,0,0,0,0,342,338,4.6,3.4,52,2024-04-14T14:55:00Z,PT5M
21,0.16,-117,82,874,625,714,0,12.1,82,874,625,714,15.7,0,58,972.1,0,0,0,0,344,340,4.6,3.5,52,2024-04-14T15:00:00Z,PT5M
21,0.16,-118,83,879,639,731,0,12,83,879,639,731,15.6,0,56.9,972.1,0,0,0,0,345,342,4.7,3.5,51,2024-04-14T15:05:00Z,PT5M
21,0.16,-119,83,884,652,747,0,11.9,83,884,652,747,15.5,0,55.9,972.1,0,0,0,0,345,342,4.6,3.5,50,2024-04-14T15:10:00Z,PT5M
21,0.16,-121,83,889,664,763,0,11.7,83,889,664,763,15.4,0,54.8,972.2,0,0,0,0,346,343,4.6,3.5,49,2024-04-14T15:15:00Z,PT5M
21,0.16,-122,84,893,677,779,0,11.5,84,893,677,779,15.4,0,53.8,972.2,0,0,0,0,346,343,4.6,3.4,48,2024-04-14T15:20:00Z,PT5M
21,0.16,-123,84,897,689,794,0,11.4,84,897,689,794,15.3,0,52.7,972.3,0,0,0,0,346,344,4.6,3.4,48,2024-04-14T15:25:00Z,PT5M
22,0.16,-125,84,901,701,809,0,11.2,84,901,701,809,15.2,0,51.7,972.3,0,0,0,0,347,344,4.6,3.4,47,2024-04-14T15:30:00Z,PT5M
22,0.16,-126,85,905,712,824,0,11,85,905,712,824,15.1,0,50.7,972.3,0,0,0,0,347,345,4.6,3.4,46,2024-04-14T15:35:00Z,PT5M
22,0.16,-127,85,909,723,838,0,10.9,85,909,723,838,15,0,49.8,972.4,0,0,0,0,347,346,4.6,3.4,45,2024-04-14T15:40:00Z,PT5M
22,0.16,-129,85,913,734,852,0,10.7,85,913,734,852,14.9,0,48.8,972.4,0,0,0,0,347,346,4.5,3.4,45,2024-04-14T15:45:00Z,PT5M
22,0.16,-130,85,916,745,865,0,10.5,85,916,745,865,14.9,0,47.9,972.5,0,0,0,0,348,347,4.5,3.4,44,2024-04-14T15:50:00Z,PT5M
22,0.16,-132,85,919,755,878,0,10.4,85,919,755,878,14.8,0,47,972.5,0,0,0,0,348,347,4.5,3.4,43,2024-04-14T15:55:00Z,PT5M
22,0.16,-133,86,923,765,891,0,10.2,86,923,765,891,14.7,0,46.1,972.5,0,0,0,0,348,348,4.5,3.4,43,2024-04-14T16:00:00Z,PT5M
22,0.16,-135,86,925,774,903,0,10,86,925,774,903,14.6,0,45.3,972.6,0,0,0,0,348,348,4.5,3.4,42,2024-04-14T16:05:00Z,PT5M
23,0.16,-136,86,928,783,914,0,9.8,86,928,783,914,14.5,0,44.5,972.6,0,0,0,0,348,348,4.5,3.4,41,2024-04-14T16:10:00Z,PT5M
23,0.16,-138,86,930,792,926,0,9.7,86,930,792,926,14.5,0,43.7,972.6,0,0,0,0,348,347,4.5,3.4,41,2024-04-14T16:15:00Z,PT5M
23,0.16,-140,87,932,800,936,0,9.5,87,932,800,936,14.4,0,43,972.6,0,0,0,0,347,347,4.5,3.4,40,2024-04-14T16:20:00Z,PT5M
23,0.16,-141,87,934,808,946,0,9.3,87,934,808,946,14.4,0,42.2,972.6,0,0,0,0,347,347,4.5,3.4,39,2024-04-14T16:25:00Z,PT5M
23,0.16,-143,87,936,816,956,0,9.1,87,936,816,956,14.3,0,41.5,972.7,0,0,0,0,347,347,4.5,3.4,39,2024-04-14T16:30:00Z,PT5M
23,0.16,-145,88,938,823,965,0,9,88,938,823,965,14.2,0,40.8,972.7,0,0,0,0,346,346,4.5,3.5,38,2024-04-14T16:35:00Z,PT5M
23,0.16,-147,88,940,830,974,0,8.8,88,940,830,974,14.2,0,40.1,972.7,0,0,0,0,346,346,4.5,3.5,38,2024-04-14T16:40:00Z,PT5M
23,0.16,-148,88,942,837,982,0,8.6,88,942,837,982,14.1,0,39.4,972.7,0,0,0,0,346,346,4.5,3.5,37,2024-04-14T16:45:00Z,PT5M
23,0.16,-150,88,943,843,990,0,8.4,88,943,843,990,14,0,38.7,972.7,0,0,0,0,346,346,4.5,3.5,37,2024-04-14T16:50:00Z,PT5M
23,0.16,-152,89,945,849,997,0,8.3,89,945,849,997,14,0,38.1,972.7,0,0,0,0,345,346,4.6,3.5,36,2024-04-14T16:55:00Z,PT5M
24,0.16,-154,89,946,854,1004,0,8.1,89,946,854,1004,13.9,0,37.4,972.8,0,0,0,0,345,345,4.6,3.5,36,2024-04-14T17:00:00Z,PT5M
24,0.16,-156,89,947,859,1010,0,8,89,947,859,1010,13.8,0,37,972.8,0,0,0,0,344,345,4.6,3.5,36,2024-04-14T17:05:00Z,PT5M
24,0.16,-158,89,948,863,1016,0,8,89,948,863,1016,13.8,0,37,972.8,0,0,0,0,343,343,4.6,3.6,35,2024-04-14T17:10:00Z,PT5M
24,0.16,-160,89,949,867,1021,0,8,89,949,867,1021,13.8,0,36.9,972.9,0,0,0,0,341,342,4.6,3.6,35,2024-04-14T17:15:00Z,PT5M
24,0.16,-162,89,950,871,1025,0,8,89,950,871,1025,13.8,0,36.8,972.9,0,0,0,0,340,341,4.6,3.6,35,2024-04-14T17:20:00Z,PT5M
24,0.16,-165,89,950,874,1029,0,8,89,950,874,1029,13.8,0,36.7,972.9,0,0,0,0,339,339,4.7,3.6,34,2024-04-14T17:25:00Z,PT5M
24,0.16,-167,90,951,876,1033,0,8,90,951,876,1033,13.8,0,36.7,973,0,0,0,0,338,338,4.7,3.7,34,2024-04-14T17:30:00Z,PT5M
24,0.16,-169,90,951,879,1035,0,7.9,90,951,879,1035,13.8,0,36.6,973,0,0,0,0,336,337,4.7,3.7,34,2024-04-14T17:35:00Z,PT5M
24,0.16,-171,90,952,881,1038,0,7.9,90,952,881,1038,13.8,0,36.5,973,0,0,0,0,335,336,4.8,3.7,34,2024-04-14T17:40:00Z,PT5M
24,0.16,-173,90,952,882,1040,0,7.9,90,952,882,1040,13.8,0,36.4,973.1,0,0,0,0,334,335,4.8,3.8,34,2024-04-14T17:45:00Z,PT5M
24,0.16,-175,90,952,883,1041,0,7.9,90,952,883,1041,13.8,0,36.4,973.1,0,0,0,0,333,334,4.9,3.8,34,2024-04-14T17:50:00Z,PT5M
24,0.16,-178,90,953,884,1042,0,7.9,90,953,884,1042,13.8,0,36.3,973.1,0,0,0,0,332,332,4.9,3.8,34,2024-04-14T17:55:00Z,PT5M
24,0.16,-180,90,953,884,1042,0,7.9,90,953,884,1042,13.8,0,36.2,973.2,0,0,0,0,330,331,5,3.9,34,2024-04-14T18:00:00Z,PT5M
24,0.16,178,90,953,884,1042,0,7.9,90,953,884,1042,13.8,0,36.1,973.2,0,0,0,0,329,330,5,3.9,34,2024-04-14T18:05:00Z,PT5M
24,0.16,176,90,952,883,1041,0,7.9,90,952,883,1041,13.8,0,36,973.2,0,0,0,0,327,328,5,3.9,34,2024-04-14T18:10:00Z,PT5M
24,0.16,173,90,952,882,1040,0,7.9,90,952,882,1040,13.8,0,35.9,973.3,0,0,0,0,326,327,5,3.9,34,2024-04-14T18:15:00Z,PT5M
24,0.16,171,90,952,881,1038,0,7.8,90,952,881,1038,13.8,0,35.8,973.3,0,0,0,0,324,325,5,4,34,2024-04-14T18:20:00Z,PT5M
24,0.16,169,90,951,879,1036,0,7.8,90,951,879,1036,13.8,0,35.7,973.4,0,0,0,0,323,324,5.1,4,34,2024-04-14T18:25:00Z,PT5M
24,0.16,167,90,951,877,1033,0,7.8,90,951,877,1033,13.8,0,35.6,973.4,0,0,0,0,321,322,5.1,4,34,2024-04-14T18:30:00Z,PT5M
24,0.16,165,90,950,874,1029,0,7.8,90,950,874,1029,13.8,0,35.5,973.4,0,0,0,0,320,321,5.1,4,34,2024-04-14T18:35:00Z,PT5M
24,0.16,163,89,950,871,1025,0,7.8,89,950,871,1025,13.8,0,35.5,973.5,0,0,0,0,318,319,5.2,4.1,35,2024-04-14T18:40:00Z,PT5M
24,0.16,160,89,949,867,1021,0,7.8,89,949,867,1021,13.8,0,35.4,973.5,0,0,0,0,317,318,5.2,4.1,35,2024-04-14T18:45:00Z,PT5M
24,0.16,158,89,948,864,1016,0,7.7,89,948,864,1016,13.8,0,35.3,973.6,0,0,0,0,315,317,5.3,4.1,35,2024-04-14T18:50:00Z,PT5M
24,0.16,156,89,947,859,1010,0,7.7,89,947,859,1010,13.8,0,35.2,973.6,0,0,0,0,314,315,5.3,4.2,36,2024-04-14T18:55:00Z,PT5M
24,0.16,154,89,946,855,1004,0,7.7,89,946,855,1004,13.8,0,35.1,973.6,0,0,0,0,313,314,5.4,4.2,36,2024-04-14T19:00:00Z,PT5M
24,0.16,152,89,945,849,998,0,7.7,89,945,849,998,13.8,0,35.1,973.7,0,0,0,0,312,313,5.4,4.3,36,2024-04-14T19:05:00Z,PT5M
24,0.16,150,89,943,843,990,0,7.7,89,943,843,990,13.9,0,35.1,973.7,0,0,0,0,311,312,5.5,4.3,37,2024-04-14T19:10:00Z,PT5M
24,0.16,148,89,941,837,983,0,7.8,89,941,837,983,14,0,35.2,973.7,0,0,0,0,311,312,5.5,4.3,37,2024-04-14T19:15:00Z,PT5M
24,0.16,147,89,939,831,974,0,7.8,89,939,831,974,14,0,35.2,973.7,0,0,0,0,310,311,5.6,4.3,38,2024-04-14T19:20:00Z,PT5M
24,0.16,145,89,936,824,965,0,7.8,89,936,824,965,14.1,0,35.3,973.7,0,0,0,0,309,310,5.7,4.4,38,2024-04-14T19:25:00Z,PT5M
24,0.16,143,89,934,817,956,0,7.8,89,934,817,956,14.2,0,35.4,973.7,0,0,0,0,309,310,5.7,4.4,39,2024-04-14T19:30:00Z,PT5M
24,0.16,141,89,932,809,946,0,7.9,89,932,809,946,14.3,0,35.4,973.7,0,0,0,0,308,309,5.8,4.4,39,2024-04-14T19:35:00Z,PT5M
24,0.16,140,89,929,801,936,0,7.9,89,929,801,936,14.4,0,35.5,973.7,0,0,0,0,308,309,5.9,4.4,40,2024-04-14T19:40:00Z,PT5M
24,0.16,138,88,926,792,925,0,7.9,88,926,792,925,14.5,0,35.5,973.7,0,0,0,0,307,308,5.9,4.5,41,2024-04-14T19:45:00Z,PT5M
24,0.16,136,88,924,784,914,0,7.9,88,924,784,914,14.5,0,35.6,973.7,0,0,0,0,307,307,6,4.5,41,2024-04-14T19:50:00Z,PT5M
24,0.16,135,88,921,774,902,0,8,88,921,774,902,14.6,0,35.7,973.7,0,0,0,0,306,307,6.1,4.5,42,2024-04-14T19:55:00Z,PT5M
24,0.16,133,88,918,765,890,0,8,88,918,765,890,14.7,0,35.7,973.7,0,0,0,0,306,306,6.1,4.6,42,2024-04-14T20:00:00Z,PT5M
24,0.16,132,88,914,755,878,0,8,88,914,755,878,14.8,0,35.8,973.7,0,0,0,0,306,306,6.2,4.6,43,2024-04-14T20:05:00Z,PT5M
24,0.16,130,88,911,745,865,0,8.1,88,911,745,865,14.9,0,35.9,973.7,0,0,0,0,305,306,6.2,4.6,44,2024-04-14T20:10:00Z,PT5M
24,0.16,129,88,907,734,851,0,8.1,88,907,734,851,15,0,36.1,973.6,0,0,0,0,305,305,6.3,4.6,45,2024-04-14T20:15:00Z,PT5M
24,0.16,127,88,903,723,837,0,8.1,88,903,723,837,15.1,0,36.2,973.6,0,0,0,0,304,305,6.3,4.6,45,2024-04-14T20:20:00Z,PT5M
24,0.16,126,88,899,712,823,0,8.2,88,899,712,823,15.2,0,36.3,973.6,0,0,0,0,304,304,6.3,4.7,46,2024-04-14T20:25:00Z,PT5M
24,0.16,125,88,894,700,808,0,8.2,88,894,700,808,15.3,0,36.4,973.6,0,0,0,0,303,304,6.4,4.7,47,2024-04-14T20:30:00Z,PT5M
24,0.16,123,88,890,689,793,0,8.3,88,890,689,793,15.3,0,36.5,973.6,0,0,0,0,303,303,6.4,4.7,48,2024-04-14T20:35:00Z,PT5M
24,0.16,122,88,885,676,778,0,8.3,88,885,676,778,15.4,0,36.7,973.6,0,0,0,0,303,303,6.5,4.7,48,2024-04-14T20:40:00Z,PT5M
24,0.16,121,88,880,664,762,0,8.4,88,880,664,762,15.5,0,36.8,973.6,0,0,0,0,302,303,6.5,4.7,49,2024-04-14T20:45:00Z,PT5M
24,0.16,119,87,875,651,746,0,8.4,87,875,651,746,15.6,0,36.9,973.6,0,0,0,0,302,302,6.5,4.8,50,2024-04-14T20:50:00Z,PT5M
24,0.16,118,87,869,638,730,0,8.4,87,869,638,730,15.7,0,37,973.6,0,0,0,0,301,302,6.6,4.8,51,2024-04-14T20:55:00Z,PT5M
24,0.16,117,87,864,625,713,0,8.5,87,864,625,713,15.8,0,37.2,973.6,0,0,0,0,301,302,6.6,4.8,51,2024-04-14T21:00:00Z,PT5M
24,0.16,116,87,858,611,696,0,8.6,87,858,611,696,15.9,0,37.5,973.6,0,0,0,0,301,301,6.6,4.8,52,2024-04-14T21:05:00Z,PT5M
24,0.16,115,86,852,597,678,0,8.8,86,852,597,678,16.1,0,38.1,973.6,0,0,0,0,301,301,6.5,4.7,53,2024-04-14T21:10:00Z,PT5M
24,0.16,114,86,845,583,660,0,9,86,845,583,660,16.2,0,38.7,973.6,0,0,0,0,301,301,6.4,4.6,54,2024-04-14T21:15:00Z,PT5M
24,0.16,112,85,839,569,642,0,9.3,85,839,569,642,16.4,0,39.3,973.7,0,0,0,0,301,302,6.3,4.5,55,2024-04-14T21:20:00Z,PT5M
24,0.16,111,85,832,554,624,0,9.5,85,832,554,624,16.5,0,39.9,973.7,0,0,0,0,302,302,6.3,4.4,56,2024-04-14T21:25:00Z,PT5M
24,0.16,110,85,825,540,605,0,9.7,85,825,540,605,16.7,0,40.5,973.7,0,0,0,0,302,302,6.2,4.3,56,2024-04-14T21:30:00Z,PT5M
24,0.16,109,84,817,525,586,0,9.9,84,817,525,586,16.8,0,41.2,973.7,0,0,0,0,302,302,6.1,4.2,57,2024-04-14T21:35:00Z,PT5M
24,0.16,108,83,809,509,567,0,10.1,83,809,509,567,17,0,41.8,973.8,0,0,0,0,302,302,6,4.2,58,2024-04-14T21:40:00Z,PT5M
24,0.16,107,83,801,494,548,0,10.3,83,801,494,548,17.1,0,42.5,973.8,0,0,0,0,303,302,5.9,4.1,59,2024-04-14T21:45:00Z,PT5M
24,0.16,106,82,792,479,529,0,10.6,82,792,479,529,17.3,0,43.1,973.8,0,0,0,0,303,302,5.8,4,60,2024-04-14T21:50:00Z,PT5M
24,0.16,105,81,783,463,509,0,10.8,81,783,463,509,17.4,0,43.8,973.8,0,0,0,0,303,302,5.8,3.9,61,2024-04-14T21:55:00Z,PT5M
24,0.16,104,81,774,447,489,0,11,81,774,447,489,17.6,0,44.5,973.9,0,0,0,0,303,302,5.7,3.8,62,2024-04-14T22:00:00Z,PT5M
24,0.16,103,79,765,431,470,0,11.2,79,765,431,470,17.7,0,45.2,973.9,0,0,0,0,304,302,5.6,3.7,63,2024-04-14T22:05:00Z,PT5M
24,0.16,102,78,757,415,450,0,11.3,78,757,415,450,17.8,0,46,973.9,0,0,0,0,305,303,5.6,3.7,64,2024-04-14T22:10:00Z,PT5M
23,0.16,101,77,748,400,430,0,11.4,77,748,400,430,17.9,0,46.8,974,0,0,0,0,306,304,5.6,3.6,64,2024-04-14T22:15:00Z,PT5M
23,0.16,100,75,738,383,410,0,11.5,75,738,383,410,18,0,47.6,974,0,0,0,0,307,305,5.7,3.6,65,2024-04-14T22:20:00Z,PT5M
23,0.16,99,74,728,367,391,0,11.7,74,728,367,391,18.2,0,48.5,974,0,0,0,0,308,305,5.7,3.5,66,2024-04-14T22:25:00Z,PT5M
23,0.16,99,72,718,351,371,0,11.8,72,718,351,371,18.3,0,49.3,974.1,0,0,0,0,309,306,5.7,3.5,67,2024-04-14T22:30:00Z,PT5M
23,0.16,98,71,707,335,351,0,11.9,71,707,335,351,18.4,0,50.2,974.1,0,0,0,0,310,307,5.7,3.4,68,2024-04-14T22:35:00Z,PT5M
23,0.16,97,69,695,319,331,0,12,69,695,319,331,18.5,0,51.1,974.1,0,0,0,0,311,308,5.7,3.3,69,2024-04-14T22:40:00Z,PT5M
23,0.16,96,67,683,302,311,0,12.2,67,683,302,311,18.6,0,51.9,974.2,0,0,0,0,312,309,5.7,3.3,70,2024-04-14T22:45:00Z,PT5M
22,0.16,95,66,669,286,291,0,12.3,66,669,286,291,18.7,0,52.9,974.2,0,0,0,0,313,310,5.7,3.2,71,2024-04-14T22:50:00Z,PT5M
22,0.16,94,64,656,270,272,0,12.4,64,656,270,272,18.9,0,53.8,974.2,0,0,0,0,314,311,5.8,3.2,72,2024-04-14T22:55:00Z,PT5M
22,0.16,93,62,641,254,252,0,12.5,62,641,254,252,19,0,54.7,974.3,0,0,0,0,315,312,5.8,3.1,73,2024-04-14T23:00:00Z,PT5M
22,0.16,92,59,629,238,233,0,12.6,59,629,238,233,19,0,55.5,974.3,0,0,0,0,316,314,5.8,3.1,73,2024-04-14T23:05:00Z,PT5M
22,0.16,92,56,619,223,215,0,12.6,56,619,223,215,19,0,56.1,974.3,0,0,0,0,318,316,6,3.2,74,2024-04-14T23:10:00Z,PT5M
22,0.16,91,53,608,207,196,0,12.5,53,608,207,196,19.1,0,56.7,974.4,0,0,0,0,321,318,6.1,3.2,75,2024-04-14T23:15:00Z,PT5M
21,0.16,90,50,597,192,178,0,12.5,50,597,192,178,19.1,0,57.4,974.4,0,0,0,0,323,320,6.2,3.3,76,2024-04-14T23:20:00Z,PT5M
21,0.16,89,47,585,177,160,0,12.5,47,585,177,160,19.1,0,58,974.4,0,0,0,0,325,322,6.3,3.4,77,2024-04-14T23:25:00Z,PT5M
21,0.16,88,44,572,162,143,0,12.4,44,572,162,143,19.1,0,58.7,974.5,0,0,0,0,327,324,6.5,3.4,78,2024-04-14T23:30:00Z,PT5M
21,0.16,87,41,558,147,126,0,12.4,41,558,147,126,19.1,0,59.3,974.5,0,0,0,0,329,326,6.6,3.5,79,2024-04-14T23:35:00Z,PT5M
20,0.16,86,37,543,133,109,0,12.4,37,543,133,109,19.1,0,60,974.5,0,0,0,0,330,328,6.8,3.6,80,2024-04-14T23:40:00Z,PT5M
20,0.16,86,34,527,118,92,0,12.3,34,527,118,92,19.1,0,60.7,974.6,0,0,0,0,332,329,7,3.7,81,2024-04-14T23:45:00Z,PT5M
20,0.16,85,31,509,104,77,0,12.3,31,509,104,77,19.1,0,61.4,974.6,0,0,0,0,334,331,7.1,3.8,82,2024-04-14T23:50:00Z,PT5M
20,0.16,84,28,489,90,61,0,12.3,28,489,90,61,19.1,0,62,974.6,0,0,0,0,335,333,7.3,3.8,83,2024-04-14T23:55:00Z,PT5M
20,0.16,83,24,468,77,47,0,12.2,24,468,77,47,19.1,0,62.7,974.7,0,0,0,0,337,334,7.5,3.9,84,2024-04-15T00:00:00Z,PT5M
