Time,Irradiance
0,800
10,800
20,800
30,800
40,800
50,800
60,800
70,800
80,800
90,800
100,800
110,800
120,800
130,800
140,800
150,800
160,800
170,800
180,800
190,800
200,800
210,800
220,800
230,800
240,800
250,800
260,800
270,800
280,800
290,800
300,800
310,800
320,800
330,800
340,800
350,800
360,800
370,800
380,800
390,800
400,800
410,800
420,800
430,800
440,800
450,800
460,800
470,800
480,800
490,800
500,800
510,800
520,800
530,800
540,800
550,800
560,800
570,800
580,800
590,800
600,800
610,800
620,800
630,800
640,800
650,800
660,800
670,800
680,800
690,800
700,800
710,800
720,800
730,800
740,800
750,800
760,800
770,800
780,800
790,800
800,800
810,800
820,800
830,800
840,800
850,800
860,800
870,800
880,800
890,800
900,800
910,800
920,800
930,800
940,800
950,800
960,800
970,800
980,800
990,800
1000,800
1010,800
1020,800
1030,800
1040,800
1050,800
1060,800
1070,800
1080,800
1090,800
1100,800
1110,800
1120,800
1130,800
1140,800
1150,800
1160,800
1170,800
1180,800
1190,800
1200,800
1210,800
1220,800
1230,800
1240,800
1250,800
1260,800
1270,800
1280,800
1290,800
1300,800
1310,800
1320,800
1330,800
1340,800
1350,800
1360,800
1370,800
1380,800
1390,800
1400,800
1410,800
1420,800
1430,800
1440,800
1450,800
1460,800
1470,800
1480,800
1490,800
1500,800
1510,800
1520,800
1530,800
1540,800
1550,800
1560,800
1570,800
1580,800
1590,800
1600,800
1610,800
1620,800
1630,800
1640,800
1650,800
1660,800
1670,800
1680,800
1690,800
1700,800
1710,800
1720,800
1730,800
1740,800
1750,800
1760,800
1770,800
1780,800
1790,800
1800,800
1810,800
1820,800
1830,800
1840,800
1850,800
1860,800
1870,800
1880,800
1890,800
1900,800
1910,800
1920,800
1930,800
1940,800
1950,800
1960,800
1970,800
1980,800
1990,800
2000,800
2010,800
2020,800
2030,800
2040,800
2050,800
2060,800
2070,800
2080,800
2090,800
2100,800
2110,800
2120,800
2130,800
2140,800
2150,800
2160,800
2170,800
2180,800
2190,800
2200,800
2210,800
2220,800
2230,800
2240,800
2250,800
2260,800
2270,800
2280,800
2290,800
2300,800
2310,800
2320,800
2330,800
2340,800
2350,800
2360,800
2370,800
2380,800
2390,800
2400,800
2410,800
2420,800
2430,800
2440,800
2450,800
2460,800
2470,800
2480,800
2490,800
2500,800
2510,800
2520,800
2530,800
2540,800
2550,800
2560,800
2570,800
2580,800
2590,800
2600,800
2610,800
2620,800
2630,800
2640,800
2650,800
2660,800
2670,800
2680,800
2690,800
2700,800
2710,800
2720,800
2730,800
2740,800
2750,800
2760,800
2770,800
2780,800
2790,800
2800,800
2810,800
2820,800
2830,800
2840,800
2850,800
2860,800
2870,800
2880,800
2890,800
2900,800
2910,800
2920,800
2930,800
2940,800
2950,800
2960,800
2970,800
2980,800
2990,800
3000,800
3010,800
3020,800
3030,800
3040,800
3050,800
3060,800
3070,800
3080,800
3090,800
3100,800
3110,800
3120,800
3130,800
3140,800
3150,800
3160,800
3170,800
3180,800
3190,800
3200,800
3210,800
3220,800
3230,800
3240,800
3250,800
3260,800
3270,800
3280,800
3290,800
3300,800
3310,800
3320,800
3330,800
3340,800
3350,800
3360,800
3370,800
3380,800
3390,800
3400,800
3410,800
3420,800
3430,800
3440,800
3450,800
3460,800
3470,800
3480,800
3490,800
3500,800
3510,800
3520,800
3530,800
3540,800
3550,800
3560,800
3570,800
3580,800
3590,800
3600,800
3610,800
3620,800
3630,800
3640,800
3650,800
3660,800
3670,800
3680,800
3690,800
3700,800
3710,800
3720,800
3730,800
3740,800
3750,800
3760,800
3770,800
3780,800
3790,800
3800,800
3810,800
3820,800
3830,800
3840,800
3850,800
3860,800
3870,800
3880,800
3890,800
3900,800
3910,800
3920,800
3930,800
3940,800
3950,800
3960,800
3970,800
3980,800
3990,800
4000,800
4010,800
4020,800
4030,800
4040,800
4050,800
4060,800
4070,800
4080,800
4090,800
4100,800
4110,800
4120,800
4130,800
4140,800
4150,800
4160,800
4170,800
4180,800
4190,800
4200,800
4210,800
4220,800
4230,800
4240,800
4250,800
4260,800
4270,800
4280,800
4290,800
4300,800
4310,800
4320,800
4330,800
4340,800
4350,800
4360,800
4370,800
4380,800
4390,800
4400,800
4410,800
4420,800
4430,800
4440,800
4450,800
4460,800
4470,800
4480,800
4490,800
4500,800
4510,800
4520,800
4530,800
4540,800
4550,800
4560,800
4570,800
4580,800
4590,800
4600,800
4610,800
4620,800
4630,800
4640,800
4650,800
4660,800
4670,800
4680,800
4690,800
4700,800
4710,800
4720,800
4730,800
4740,800
4750,800
4760,800
4770,800
4780,800
4790,800
4800,800
4810,800
4820,800
4830,800
4840,800
4850,800
4860,800
4870,800
4880,800
4890,800
4900,800
4910,800
4920,800
4930,800
4940,800
4950,800
4960,800
4970,800
4980,800
4990,800
5000,800
5010,800
5020,800
5030,800
5040,800
5050,800
5060,800
5070,800
5080,800
5090,800
5100,800
5110,800
5120,800
5130,800
5140,800
5150,800
5160,800
5170,800
5180,800
5190,800
5200,800
5210,800
5220,800
5230,800
5240,800
5250,800
5260,800
5270,800
5280,800
5290,800
5300,800
5310,800
5320,800
5330,800
5340,800
5350,800
5360,800
5370,800
5380,800
5390,800
5400,800
5410,800
5420,800
5430,800
5440,800
5450,800
5460,800
5470,800
5480,800
5490,800
5500,800
5510,800
5520,800
5530,800
5540,800
5550,800
5560,800
5570,800
5580,800
5590,800
5600,800
5610,800
5620,800
5630,800
5640,800
5650,800
5660,800
5670,800
5680,800
5690,800
5700,800
5710,800
5720,800
5730,800
5740,800
5750,800
5760,800
5770,800
5780,800
5790,800
5800,800
5810,800
5820,800
5830,800
5840,800
5850,800
5860,800
5870,800
5880,800
5890,800
5900,800
5910,800
5920,800
5930,800
5940,800
5950,800
5960,800
5970,800
5980,800
5990,800
6000,800
6010,800
6020,800
6030,800
6040,800
6050,800
6060,800
6070,800
6080,800
6090,800
6100,800
6110,800
6120,800
6130,800
6140,800
6150,800
6160,800
6170,800
6180,800
6190,800
6200,800
6210,800
6220,800
6230,800
6240,800
6250,800
6260,800
6270,800
6280,800
6290,800
6300,800
6310,800
6320,800
6330,800
6340,800
6350,800
6360,800
6370,800
6380,800
6390,800
6400,800
6410,800
6420,800
6430,800
6440,800
6450,800
6460,800
6470,800
6480,800
6490,800
6500,800
6510,800
6520,800
6530,800
6540,800
6550,800
6560,800
6570,800
6580,800
6590,800
6600,800
6610,800
6620,800
6630,800
6640,800
6650,800
6660,800
6670,800
6680,800
6690,800
6700,800
6710,800
6720,800
6730,800
6740,800
6750,800
6760,800
6770,800
6780,800
6790,800
6800,800
6810,800
6820,800
6830,800
6840,800
6850,800
6860,800
6870,800
6880,800
6890,800
6900,800
6910,800
6920,800
6930,800
6940,800
6950,800
6960,800
6970,800
6980,800
6990,800
7000,800
7010,800
7020,800
7030,800
7040,800
7050,800
7060,800
7070,800
7080,800
7090,800
7100,800
7110,800
7120,800
7130,800
7140,800
7150,800
7160,800
7170,800
7180,800
7190,800
7200,800
7210,800
7220,800
7230,800
7240,800
7250,800
7260,800
7270,800
7280,800
7290,800
7300,800
7310,800
7320,800
7330,800
7340,800
7350,800
7360,800
7370,800
7380,800
7390,800
7400,800
7410,800
7420,800
7430,800
7440,800
7450,800
7460,800
7470,800
7480,800
7490,800
7500,800
7510,800
7520,800
7530,800
7540,800
7550,800
7560,800
7570,800
7580,800
7590,800
7600,800
7610,800
7620,800
7630,800
7640,800
7650,800
7660,800
7670,800
7680,800
7690,800
7700,800
7710,800
7720,800
7730,800
7740,800
7750,800
7760,800
7770,800
7780,800
7790,800
7800,800
7810,800
7820,800
7830,800
7840,800
7850,800
7860,800
7870,800
7880,800
7890,800
7900,800
7910,800
7920,800
7930,800
7940,800
7950,800
7960,800
7970,800
7980,800
7990,800
8000,800
8010,800
8020,800
8030,800
8040,800
8050,800
8060,800
8070,800
8080,800
8090,800
8100,800
8110,800
8120,800
8130,800
8140,800
8150,800
8160,800
8170,800
8180,800
8190,800
8200,800
8210,800
8220,800
8230,800
8240,800
8250,800
8260,800
8270,800
8280,800
8290,800
8300,800
8310,800
8320,800
8330,800
8340,800
8350,800
8360,800
8370,800
8380,800
8390,800
8400,800
8410,800
8420,800
8430,800
8440,800
8450,800
8460,800
8470,800
8480,800
8490,800
8500,800
8510,800
8520,800
8530,800
8540,800
8550,800
8560,800
8570,800
8580,800
8590,800
8600,800
8610,800
8620,800
8630,800
8640,800
8650,800
8660,800
8670,800
8680,800
8690,800
8700,800
8710,800
8720,800
8730,800
8740,800
8750,800
8760,800
8770,800
8780,800
8790,800
8800,800
8810,800
8820,800
8830,800
8840,800
8850,800
8860,800
8870,800
8880,800
8890,800
8900,800
8910,800
8920,800
8930,800
8940,800
8950,800
8960,800
8970,800
8980,800
8990,800
9000,800
9010,800
9020,800
9030,800
9040,800
9050,800
9060,800
9070,800
9080,800
9090,800
9100,800
9110,800
9120,800
9130,800
9140,800
9150,800
9160,800
9170,800
9180,800
9190,800
9200,800
9210,800
9220,800
9230,800
9240,800
9250,800
9260,800
9270,800
9280,800
9290,800
9300,800
9310,800
9320,800
9330,800
9340,800
9350,800
9360,800
9370,800
9380,800
9390,800
9400,800
9410,800
9420,800
9430,800
9440,800
9450,800
9460,800
9470,800
9480,800
9490,800
9500,800
9510,800
9520,800
9530,800
9540,800
9550,800
9560,800
9570,800
9580,800
9590,800
9600,800
9610,800
9620,800
9630,800
9640,800
9650,800
9660,800
9670,800
9680,800
9690,800
9700,800
9710,800
9720,800
9730,800
9740,800
9750,800
9760,800
9770,800
9780,800
9790,800
9800,800
9810,800
9820,800
9830,800
9840,800
9850,800
9860,800
9870,800
9880,800
9890,800
9900,800
9910,800
9920,800
9930,800
9940,800
9950,800
9960,800
9970,800
9980,800
9990,800
10000,800
10010,800
10020,800
10030,800
10040,800
10050,800
10060,800
10070,800
10080,800
10090,800
10100,800
10110,800
10120,800
10130,800
10140,800
10150,800
10160,800
10170,800
10180,800
10190,800
10200,800
10210,800
10220,800
10230,800
10240,800
10250,800
10260,800
10270,800
10280,800
10290,800
10300,800
10310,800
10320,800
10330,800
10340,800
10350,800
10360,800
10370,800
10380,800
10390,800
10400,800
10410,800
10420,800
10430,800
10440,800
10450,800
10460,800
10470,800
10480,800
10490,800
10500,800
10510,800
10520,800
10530,800
10540,800
10550,800
10560,800
10570,800
10580,800
10590,800
10600,800
10610,800
10620,800
10630,800
10640,800
10650,800
10660,800
10670,800
10680,800
10690,800
10700,800
10710,800
10720,800
10730,800
10740,800
10750,800
10760,800
10770,800
10780,800
10790,800
10800,800
10810,800
10820,800
10830,800
10840,800
10850,800
10860,800
10870,800
10880,800
10890,800
10900,800
10910,800
10920,800
10930,800
10940,800
10950,800
10960,800
10970,800
10980,800
10990,800
11000,800
11010,800
11020,800
11030,800
11040,800
11050,800
11060,800
11070,800
11080,800
11090,800
11100,800
11110,800
11120,800
11130,800
11140,800
11150,800
11160,800
11170,800
11180,800
11190,800
11200,800
11210,800
11220,800
11230,800
11240,800
11250,800
11260,800
11270,800
11280,800
11290,800
11300,800
11310,800
11320,800
11330,800
11340,800
11350,800
11360,800
11370,800
11380,800
11390,800
11400,800
11410,800
11420,800
11430,800
11440,800
11450,800
11460,800
11470,800
11480,800
11490,800
11500,800
11510,800
11520,800
11530,800
11540,800
11550,800
11560,800
11570,800
11580,800
11590,800
11600,800
11610,800
11620,800
11630,800
11640,800
11650,800
11660,800
11670,800
11680,800
11690,800
11700,800
11710,800
11720,800
11730,800
11740,800
11750,800
11760,800
11770,800
11780,800
11790,800
11800,800
11810,800
11820,800
11830,800
11840,800
11850,800
11860,800
11870,800
11880,800
11890,800
11900,800
11910,800
11920,800
11930,800
11940,800
11950,800
11960,800
11970,800
11980,800
11990,800
12000,800
12010,800
12020,800
12030,800
12040,800
12050,800
12060,800
12070,800
12080,800
12090,800
12100,800
12110,800
12120,800
12130,800
12140,800
12150,800
12160,800
12170,800
12180,800
12190,800
12200,800
12210,800
12220,800
12230,800
12240,800
12250,800
12260,800
12270,800
12280,800
12290,800
12300,800
12310,800
12320,800
12330,800
12340,800
12350,800
12360,800
12370,800
12380,800
12390,800
12400,800
12410,800
12420,800
12430,800
12440,800
12450,800
12460,800
12470,800
12480,800
12490,800
12500,800
12510,800
12520,800
12530,800
12540,800
12550,800
12560,800
12570,800
12580,800
12590,800
12600,800
12610,800
12620,800
12630,800
12640,800
12650,800
12660,800
12670,800
12680,800
12690,800
12700,800
12710,800
12720,800
12730,800
12740,800
12750,800
12760,800
12770,800
12780,800
12790,800
12800,800
12810,800
12820,800
12830,800
12840,800
12850,800
12860,800
12870,800
12880,800
12890,800
12900,800
12910,800
12920,800
12930,800
12940,800
12950,800
12960,800
12970,800
12980,800
12990,800
13000,800
13010,800
13020,800
13030,800
13040,800
13050,800
13060,800
13070,800
13080,800
13090,800
13100,800
13110,800
13120,800
13130,800
13140,800
13150,800
13160,800
13170,800
13180,800
13190,800
13200,800
13210,800
13220,800
13230,800
13240,800
13250,800
13260,800
13270,800
13280,800
13290,800
13300,800
13310,800
13320,800
13330,800
13340,800
13350,800
13360,800
13370,800
13380,800
13390,800
13400,800
13410,800
13420,800
13430,800
13440,800
13450,800
13460,800
13470,800
13480,800
13490,800
13500,800
13510,800
13520,800
13530,800
13540,800
13550,800
13560,800
13570,800
13580,800
13590,800
13600,800
13610,800
13620,800
13630,800
13640,800
13650,800
13660,800
13670,800
13680,800
13690,800
13700,800
13710,800
13720,800
13730,800
13740,800
13750,800
13760,800
13770,800
13780,800
13790,800
13800,800
13810,800
13820,800
13830,800
13840,800
13850,800
13860,800
13870,800
13880,800
13890,800
13900,800
13910,800
13920,800
13930,800
13940,800
13950,800
13960,800
13970,800
13980,800
13990,800
14000,800
14010,800
14020,800
14030,800
14040,800
14050,800
14060,800
14070,800
14080,800
14090,800
14100,800
14110,800
14120,800
14130,800
14140,800
14150,800
14160,800
14170,800
14180,800
14190,800
14200,800
14210,800
14220,800
14230,800
14240,800
14250,800
14260,800
14270,800
14280,800
14290,800
14300,800
14310,800
14320,800
14330,800
14340,800
14350,800
14360,800
14370,800
14380,800
14390,800
14400,800
14410,800
14420,800
14430,800
14440,800
14450,800
14460,800
14470,800
14480,800
14490,800
14500,800
14510,800
14520,800
14530,800
14540,800
14550,800
14560,800
14570,800
14580,800
14590,800
14600,800
14610,800
14620,800
14630,800
14640,800
14650,800
14660,800
14670,800
14680,800
14690,800
14700,800
14710,800
14720,800
14730,800
14740,800
14750,800
14760,800
14770,800
14780,800
14790,800
14800,800
14810,800
14820,800
14830,800
14840,800
14850,800
14860,800
14870,800
14880,800
14890,800
14900,800
14910,800
14920,800
14930,800
14940,800
14950,800
14960,800
14970,800
14980,800
14990,800
15000,800
15010,800
15020,800
15030,800
15040,800
15050,800
15060,800
15070,800
15080,800
15090,800
15100,800
15110,800
15120,800
15130,800
15140,800
15150,800
15160,800
15170,800
15180,800
15190,800
15200,800
15210,800
15220,800
15230,800
15240,800
15250,800
15260,800
15270,800
15280,800
15290,800
15300,800
15310,800
15320,800
15330,800
15340,800
15350,800
15360,800
15370,800
15380,800
15390,800
15400,800
15410,800
15420,800
15430,800
15440,800
15450,800
15460,800
15470,800
15480,800
15490,800
15500,800
15510,800
15520,800
15530,800
15540,800
15550,800
15560,800
15570,800
15580,800
15590,800
15600,800
15610,800
15620,800
15630,800
15640,800
15650,800
15660,800
15670,800
15680,800
15690,800
15700,800
15710,800
15720,800
15730,800
15740,800
15750,800
15760,800
15770,800
15780,800
15790,800
15800,800
15810,800
15820,800
15830,800
15840,800
15850,800
15860,800
15870,800
15880,800
15890,800
15900,800
15910,800
15920,800
15930,800
15940,800
15950,800
15960,800
15970,800
15980,800
15990,800
16000,800
16010,800
16020,800
16030,800
16040,800
16050,800
16060,800
16070,800
16080,800
16090,800
16100,800
16110,800
16120,800
16130,800
16140,800
16150,800
16160,800
16170,800
16180,800
16190,800
16200,800
16210,800
16220,800
16230,800
16240,800
16250,800
16260,800
16270,800
16280,800
16290,800
16300,800
16310,800
16320,800
16330,800
16340,800
16350,800
16360,800
16370,800
16380,800
16390,800
16400,800
16410,800
16420,800
16430,800
16440,800
16450,800
16460,800
16470,800
16480,800
16490,800
16500,800
16510,800
16520,800
16530,800
16540,800
16550,800
16560,800
16570,800
16580,800
16590,800
16600,800
16610,800
16620,800
16630,800
16640,800
16650,800
16660,800
16670,800
16680,800
16690,800
16700,800
16710,800
16720,800
16730,800
16740,800
16750,800
16760,800
16770,800
16780,800
16790,800
16800,800
16810,800
16820,800
16830,800
16840,800
16850,800
16860,800
16870,800
16880,800
16890,800
16900,800
16910,800
16920,800
16930,800
16940,800
16950,800
16960,800
16970,800
16980,800
16990,800
17000,800
17010,800
17020,800
17030,800
17040,800
17050,800
17060,800
17070,800
17080,800
17090,800
17100,800
17110,800
17120,800
17130,800
17140,800
17150,800
17160,800
17170,800
17180,800
17190,800
17200,800
17210,800
17220,800
17230,800
17240,800
17250,800
17260,800
17270,800
17280,800
17290,800
17300,800
17310,800
17320,800
17330,800
17340,800
17350,800
17360,800
17370,800
17380,800
17390,800
17400,800
17410,800
17420,800
17430,800
17440,800
17450,800
17460,800
17470,800
17480,800
17490,800
17500,800
17510,800
17520,800
17530,800
17540,800
17550,800
17560,800
17570,800
17580,800
17590,800
17600,800
17610,800
17620,800
17630,800
17640,800
17650,800
17660,800
17670,800
17680,800
17690,800
17700,800
17710,800
17720,800
17730,800
17740,800
17750,800
17760,800
17770,800
17780,800
17790,800
17800,800
17810,800
17820,800
17830,800
17840,800
17850,800
17860,800
17870,800
17880,800
17890,800
17900,800
17910,800
17920,800
17930,800
17940,800
17950,800
17960,800
17970,800
17980,800
17990,800
18000,800
18010,800
18020,800
18030,800
18040,800
18050,800
18060,800
18070,800
18080,800
18090,800
18100,800
18110,800
18120,800
18130,800
18140,800
18150,800
18160,800
18170,800
18180,800
18190,800
18200,800
18210,800
18220,800
18230,800
18240,800
18250,800
18260,800
18270,800
18280,800
18290,800
18300,800
18310,800
18320,800
18330,800
18340,800
18350,800
18360,800
18370,800
18380,800
18390,800
18400,800
18410,800
18420,800
18430,800
18440,800
18450,800
18460,800
18470,800
18480,800
18490,800
18500,800
18510,800
18520,800
18530,800
18540,800
18550,800
18560,800
18570,800
18580,800
18590,800
18600,800
18610,800
18620,800
18630,800
18640,800
18650,800
18660,800
18670,800
18680,800
18690,800
18700,800
18710,800
18720,800
18730,800
18740,800
18750,800
18760,800
18770,800
18780,800
18790,800
18800,800
18810,800
18820,800
18830,800
18840,800
18850,800
18860,800
18870,800
18880,800
18890,800
18900,800
18910,800
18920,800
18930,800
18940,800
18950,800
18960,800
18970,800
18980,800
18990,800
19000,800
19010,800
19020,800
19030,800
19040,800
19050,800
19060,800
19070,800
19080,800
19090,800
19100,800
19110,800
19120,800
19130,800
19140,800
19150,800
19160,800
19170,800
19180,800
19190,800
19200,800
19210,800
19220,800
19230,800
19240,800
19250,800
19260,800
19270,800
19280,800
19290,800
19300,800
19310,800
19320,800
19330,800
19340,800
19350,800
19360,800
19370,800
19380,800
19390,800
19400,800
19410,800
19420,800
19430,800
19440,800
19450,800
19460,800
19470,800
19480,800
19490,800
19500,800
19510,800
19520,800
19530,800
19540,800
19550,800
19560,800
19570,800
19580,800
19590,800
19600,800
19610,800
19620,800
19630,800
19640,800
19650,800
19660,800
19670,800
19680,800
19690,800
19700,800
19710,800
19720,800
19730,800
19740,800
19750,800
19760,800
19770,800
19780,800
19790,800
19800,800
19810,800
19820,800
19830,800
19840,800
19850,800
19860,800
19870,800
19880,800
19890,800
19900,800
19910,800
19920,800
19930,800
19940,800
19950,800
19960,800
19970,800
19980,800
19990,800
20000,800
20010,800
20020,800
20030,800
20040,800
20050,800
20060,800
20070,800
20080,800
20090,800
20100,800
20110,800
20120,800
20130,800
20140,800
20150,800
20160,800
20170,800
20180,800
20190,800
20200,800
20210,800
20220,800
20230,800
20240,800
20250,800
20260,800
20270,800
20280,800
20290,800
20300,800
20310,800
20320,800
20330,800
20340,800
20350,800
20360,800
20370,800
20380,800
20390,800
20400,800
20410,800
20420,800
20430,800
20440,800
20450,800
20460,800
20470,800
20480,800
20490,800
20500,800
20510,800
20520,800
20530,800
20540,800
20550,800
20560,800
20570,800
20580,800
20590,800
20600,800
20610,800
20620,800
20630,800
20640,800
20650,800
20660,800
20670,800
20680,800
20690,800
20700,800
20710,800
20720,800
20730,800
20740,800
20750,800
20760,800
20770,800
20780,800
20790,800
20800,800
20810,800
20820,800
20830,800
20840,800
20850,800
20860,800
20870,800
20880,800
20890,800
20900,800
20910,800
20920,800
20930,800
20940,800
20950,800
20960,800
20970,800
20980,800
20990,800
21000,800
21010,800
21020,800
21030,800
21040,800
21050,800
21060,800
21070,800
21080,800
21090,800
21100,800
21110,800
21120,800
21130,800
21140,800
21150,800
21160,800
21170,800
21180,800
21190,800
21200,800
21210,800
21220,800
21230,800
21240,800
21250,800
21260,800
21270,800
21280,800
21290,800
21300,800
21310,800
21320,800
21330,800
21340,800
21350,800
21360,800
21370,800
21380,800
21390,800
21400,800
21410,800
21420,800
21430,800
21440,800
21450,800
21460,800
21470,800
21480,800
21490,800
21500,800
21510,800
21520,800
21530,800
21540,800
21550,800
21560,800
21570,800
21580,800
21590,800
21600,800
21610,800
21620,800
21630,800
21640,800
21650,800
21660,800
21670,800
21680,800
21690,800
21700,800
21710,800
21720,800
21730,800
21740,800
21750,800
21760,800
21770,800
21780,800
21790,800
21800,800
21810,800
21820,800
21830,800
21840,800
21850,800
21860,800
21870,800
21880,800
21890,800
21900,800
21910,800
21920,800
21930,800
21940,800
21950,800
21960,800
21970,800
21980,800
21990,800
22000,800
22010,800
22020,800
22030,800
22040,800
22050,800
22060,800
22070,800
22080,800
22090,800
22100,800
22110,800
22120,800
22130,800
22140,800
22150,800
22160,800
22170,800
22180,800
22190,800
22200,800
22210,800
22220,800
22230,800
22240,800
22250,800
22260,800
22270,800
22280,800
22290,800
22300,800
22310,800
22320,800
22330,800
22340,800
22350,800
22360,800
22370,800
22380,800
22390,800
22400,800
22410,800
22420,800
22430,800
22440,800
22450,800
22460,800
22470,800
22480,800
22490,800
22500,800
22510,800
22520,800
22530,800
22540,800
22550,800
22560,800
22570,800
22580,800
22590,800
22600,800
22610,800
22620,800
22630,800
22640,800
22650,800
22660,800
22670,800
22680,800
22690,800
22700,800
22710,800
22720,800
22730,800
22740,800
22750,800
22760,800
22770,800
22780,800
22790,800
22800,800
22810,800
22820,800
22830,800
22840,800
22850,800
22860,800
22870,800
22880,800
22890,800
22900,800
22910,800
22920,800
22930,800
22940,800
22950,800
22960,800
22970,800
22980,800
22990,800
23000,800
23010,800
23020,800
23030,800
23040,800
23050,800
23060,800
23070,800
23080,800
23090,800
23100,800
23110,800
23120,800
23130,800
23140,800
23150,800
23160,800
23170,800
23180,800
23190,800
23200,800
23210,800
23220,800
23230,800
23240,800
23250,800
23260,800
23270,800
23280,800
23290,800
23300,800
23310,800
23320,800
23330,800
23340,800
23350,800
23360,800
23370,800
23380,800
23390,800
23400,800
23410,800
23420,800
23430,800
23440,800
23450,800
23460,800
23470,800
23480,800
23490,800
23500,800
23510,800
23520,800
23530,800
23540,800
23550,800
23560,800
23570,800
23580,800
23590,800
23600,800
23610,800
23620,800
23630,800
23640,800
23650,800
23660,800
23670,800
23680,800
23690,800
23700,800
23710,800
23720,800
23730,800
23740,800
23750,800
23760,800
23770,800
23780,800
23790,800
23800,800
23810,800
23820,800
23830,800
23840,800
23850,800
23860,800
23870,800
23880,800
23890,800
23900,800
23910,800
23920,800
23930,800
23940,800
23950,800
23960,800
23970,800
23980,800
23990,800
24000,800
24010,800
24020,800
24030,800
24040,800
24050,800
24060,800
24070,800
24080,800
24090,800
24100,800
24110,800
24120,800
24130,800
24140,800
24150,800
24160,800
24170,800
24180,800
24190,800
24200,800
24210,800
24220,800
24230,800
24240,800
24250,800
24260,800
24270,800
24280,800
24290,800
24300,800
24310,800
24320,800
24330,800
24340,800
24350,800
24360,800
24370,800
24380,800
24390,800
24400,800
24410,800
24420,800
24430,800
24440,800
24450,800
24460,800
24470,800
24480,800
24490,800
24500,800
24510,800
24520,800
24530,800
24540,800
24550,800
24560,800
24570,800
24580,800
24590,800
24600,800
24610,800
24620,800
24630,800
24640,800
24650,800
24660,800
24670,800
24680,800
24690,800
24700,800
24710,800
24720,800
24730,800
24740,800
24750,800
24760,800
24770,800
24780,800
24790,800
24800,800
24810,800
24820,800
24830,800
24840,800
24850,800
24860,800
24870,800
24880,800
24890,800
24900,800
24910,800
24920,800
24930,800
24940,800
24950,800
24960,800
24970,800
24980,800
24990,800
25000,800
25010,800
25020,800
25030,800
25040,800
25050,800
25060,800
25070,800
25080,800
25090,800
25100,800
25110,800
25120,800
25130,800
25140,800
25150,800
25160,800
25170,800
25180,800
25190,800
25200,800
25210,800
25220,800
25230,800
25240,800
25250,800
25260,800
25270,800
25280,800
25290,800
25300,800
25310,800
25320,800
25330,800
25340,800
25350,800
25360,800
25370,800
25380,800
25390,800
25400,800
25410,800
25420,800
25430,800
25440,800
25450,800
25460,800
25470,800
25480,800
25490,800
25500,800
25510,800
25520,800
25530,800
25540,800
25550,800
25560,800
25570,800
25580,800
25590,800
25600,800
25610,800
25620,800
25630,800
25640,800
25650,800
25660,800
25670,800
25680,800
25690,800
25700,800
25710,800
25720,800
25730,800
25740,800
25750,800
25760,800
25770,800
25780,800
25790,800
25800,800
25810,800
25820,800
25830,800
25840,800
25850,800
25860,800
25870,800
25880,800
25890,800
25900,800
25910,800
25920,800
25930,800
25940,800
25950,800
25960,800
25970,800
25980,800
25990,800
26000,800
26010,800
26020,800
26030,800
26040,800
26050,800
26060,800
26070,800
26080,800
26090,800
26100,800
26110,800
26120,800
26130,800
26140,800
26150,800
26160,800
26170,800
26180,800
26190,800
26200,800
26210,800
26220,800
26230,800
26240,800
26250,800
26260,800
26270,800
26280,800
26290,800
26300,800
26310,800
26320,800
26330,800
26340,800
26350,800
26360,800
26370,800
26380,800
26390,800
26400,800
26410,800
26420,800
26430,800
26440,800
26450,800
26460,800
26470,800
26480,800
26490,800
26500,800
26510,800
26520,800
26530,800
26540,800
26550,800
26560,800
26570,800
26580,800
26590,800
26600,800
26610,800
26620,800
26630,800
26640,800
26650,800
26660,800
26670,800
26680,800
26690,800
26700,800
26710,800
26720,800
26730,800
26740,800
26750,800
26760,800
26770,800
26780,800
26790,800
26800,800
26810,800
26820,800
26830,800
26840,800
26850,800
26860,800
26870,800
26880,800
26890,800
26900,800
26910,800
26920,800
26930,800
26940,800
26950,800
26960,800
26970,800
26980,800
26990,800
27000,800
27010,800
27020,800
27030,800
27040,800
27050,800
27060,800
27070,800
27080,800
27090,800
27100,800
27110,800
27120,800
27130,800
27140,800
27150,800
27160,800
27170,800
27180,800
27190,800
27200,800
27210,800
27220,800
27230,800
27240,800
27250,800
27260,800
27270,800
27280,800
27290,800
27300,800
27310,800
27320,800
27330,800
27340,800
27350,800
27360,800
27370,800
27380,800
27390,800
27400,800
27410,800
27420,800
27430,800
27440,800
27450,800
27460,800
27470,800
27480,800
27490,800
27500,800
27510,800
27520,800
27530,800
27540,800
27550,800
27560,800
27570,800
27580,800
27590,800
27600,800
27610,800
27620,800
27630,800
27640,800
27650,800
27660,800
27670,800
27680,800
27690,800
27700,800
27710,800
27720,800
27730,800
27740,800
27750,800
27760,800
27770,800
27780,800
27790,800
27800,800
27810,800
27820,800
27830,800
27840,800
27850,800
27860,800
27870,800
27880,800
27890,800
27900,800
27910,800
27920,800
27930,800
27940,800
27950,800
27960,800
27970,800
27980,800
27990,800
28000,800
28010,800
28020,800
28030,800
28040,800
28050,800
28060,800
28070,800
28080,800
28090,800
28100,800
28110,800
28120,800
28130,800
28140,800
28150,800
28160,800
28170,800
28180,800
28190,800
28200,800
28210,800
28220,800
28230,800
28240,800
28250,800
28260,800
28270,800
28280,800
28290,800
28300,800
28310,800
28320,800
28330,800
28340,800
28350,800
28360,800
28370,800
28380,800
28390,800
28400,800
28410,800
28420,800
28430,800
28440,800
28450,800
28460,800
28470,800
28480,800
28490,800
28500,800
28510,800
28520,800
28530,800
28540,800
28550,800
28560,800
28570,800
28580,800
28590,800
28600,800
28610,800
28620,800
28630,800
28640,800
28650,800
28660,800
28670,800
28680,800
28690,800
28700,800
28710,800
28720,800
28730,800
28740,800
28750,800
28760,800
28770,800
28780,800
28790,800
28800,800
28810,800
28820,800
28830,800
28840,800
28850,800
28860,800
28870,800
28880,800
28890,800
28900,800
28910,800
28920,800
28930,800
28940,800
28950,800
28960,800
28970,800
28980,800
28990,800
29000,800
29010,800
29020,800
29030,800
29040,800
29050,800
29060,800
29070,800
29080,800
29090,800
29100,800
29110,800
29120,800
29130,800
29140,800
29150,800
29160,800
29170,800
29180,800
29190,800
29200,800
29210,800
29220,800
29230,800
29240,800
29250,800
29260,800
29270,800
29280,800
29290,800
29300,800
29310,800
29320,800
29330,800
29340,800
29350,800
29360,800
29370,800
29380,800
29390,800
29400,800
29410,800
29420,800
29430,800
29440,800
29450,800
29460,800
29470,800
29480,800
29490,800
29500,800
29510,800
29520,800
29530,800
29540,800
29550,800
29560,800
29570,800
29580,800
29590,800
29600,800
29610,800
29620,800
29630,800
29640,800
29650,800
29660,800
29670,800
29680,800
29690,800
29700,800
29710,800
29720,800
29730,800
29740,800
29750,800
29760,800
29770,800
29780,800
29790,800
29800,800
29810,800
29820,800
29830,800
29840,800
29850,800
29860,800
29870,800
29880,800
29890,800
29900,800
29910,800
29920,800
29930,800
29940,800
29950,800
29960,800
29970,800
29980,800
29990,800
30000,800
30010,800
30020,800
30030,800
30040,800
30050,800
30060,800
30070,800
30080,800
30090,800
30100,800
30110,800
30120,800
30130,800
30140,800
30150,800
30160,800
30170,800
30180,800
30190,800
30200,800
30210,800
30220,800
30230,800
30240,800
30250,800
30260,800
30270,800
30280,800
30290,800
30300,800
30310,800
30320,800
30330,800
30340,800
30350,800
30360,800
30370,800
30380,800
30390,800
30400,800
30410,800
30420,800
30430,800
30440,800
30450,800
30460,800
30470,800
30480,800
30490,800
30500,800
30510,800
30520,800
30530,800
30540,800
30550,800
30560,800
30570,800
30580,800
30590,800
30600,800
30610,800
30620,800
30630,800
30640,800
30650,800
30660,800
30670,800
30680,800
30690,800
30700,800
30710,800
30720,800
30730,800
30740,800
30750,800
30760,800
30770,800
30780,800
30790,800
30800,800
30810,800
30820,800
30830,800
30840,800
30850,800
30860,800
30870,800
30880,800
30890,800
30900,800
30910,800
30920,800
30930,800
30940,800
30950,800
30960,800
30970,800
30980,800
30990,800
31000,800
31010,800
31020,800
31030,800
31040,800
31050,800
31060,800
31070,800
31080,800
31090,800
31100,800
31110,800
31120,800
31130,800
31140,800
31150,800
31160,800
31170,800
31180,800
31190,800
31200,800
31210,800
31220,800
31230,800
31240,800
31250,800
31260,800
31270,800
31280,800
31290,800
31300,800
31310,800
31320,800
31330,800
31340,800
31350,800
31360,800
31370,800
31380,800
31390,800
31400,800
31410,800
31420,800
31430,800
31440,800
31450,800
31460,800
31470,800
31480,800
31490,800
31500,800
31510,800
31520,800
31530,800
31540,800
31550,800
31560,800
31570,800
31580,800
31590,800
31600,800
31610,800
31620,800
31630,800
31640,800
31650,800
31660,800
31670,800
31680,800
31690,800
31700,800
31710,800
31720,800
31730,800
31740,800
31750,800
31760,800
31770,800
31780,800
31790,800
31800,800
31810,800
31820,800
31830,800
31840,800
31850,800
31860,800
31870,800
31880,800
31890,800
31900,800
31910,800
31920,800
31930,800
31940,800
31950,800
31960,800
31970,800
31980,800
31990,800
32000,800
32010,800
32020,800
32030,800
32040,800
32050,800
32060,800
32070,800
32080,800
32090,800
32100,800
32110,800
32120,800
32130,800
32140,800
32150,800
32160,800
32170,800
32180,800
32190,800
32200,800
32210,800
32220,800
32230,800
32240,800
32250,800
32260,800
32270,800
32280,800
32290,800
32300,800
32310,800
32320,800
32330,800
32340,800
32350,800
32360,800
32370,800
32380,800
32390,800
32400,800
32410,800
32420,800
32430,800
32440,800
32450,800
32460,800
32470,800
32480,800
32490,800
32500,800
32510,800
32520,800
32530,800
32540,800
32550,800
32560,800
32570,800
32580,800
32590,800
32600,800
32610,800
32620,800
32630,800
32640,800
32650,800
32660,800
32670,800
32680,800
32690,800
32700,800
32710,800
32720,800
32730,800
32740,800
32750,800
32760,800
32770,800
32780,800
32790,800
32800,800
32810,800
32820,800
32830,800
32840,800
32850,800
32860,800
32870,800
32880,800
32890,800
32900,800
32910,800
32920,800
32930,800
32940,800
32950,800
32960,800
32970,800
32980,800
32990,800
33000,800
33010,800
33020,800
33030,800
33040,800
33050,800
33060,800
33070,800
33080,800
33090,800
33100,800
33110,800
33120,800
33130,800
33140,800
33150,800
33160,800
33170,800
33180,800
33190,800
33200,800
33210,800
33220,800
33230,800
33240,800
33250,800
33260,800
33270,800
33280,800
33290,800
33300,800
33310,800
33320,800
33330,800
33340,800
33350,800
33360,800
33370,800
33380,800
33390,800
33400,800
33410,800
33420,800
33430,800
33440,800
33450,800
33460,800
33470,800
33480,800
33490,800
33500,800
33510,800
33520,800
33530,800
33540,800
33550,800
33560,800
33570,800
33580,800
33590,800
33600,800
33610,800
33620,800
33630,800
33640,800
33650,800
33660,800
33670,800
33680,800
33690,800
33700,800
33710,800
33720,800
33730,800
33740,800
33750,800
33760,800
33770,800
33780,800
33790,800
33800,800
33810,800
33820,800
33830,800
33840,800
33850,800
33860,800
33870,800
33880,800
33890,800
33900,800
33910,800
33920,800
33930,800
33940,800
33950,800
33960,800
33970,800
33980,800
33990,800
34000,800
34010,800
34020,800
34030,800
34040,800
34050,800
34060,800
34070,800
34080,800
34090,800
34100,800
34110,800
34120,800
34130,800
34140,800
34150,800
34160,800
34170,800
34180,800
34190,800
34200,800
34210,800
34220,800
34230,800
34240,800
34250,800
34260,800
34270,800
34280,800
34290,800
34300,800
34310,800
34320,800
34330,800
34340,800
34350,800
34360,800
34370,800
34380,800
34390,800
34400,800
34410,800
34420,800
34430,800
34440,800
34450,800
34460,800
34470,800
34480,800
34490,800
34500,800
34510,800
34520,800
34530,800
34540,800
34550,800
34560,800
34570,800
34580,800
34590,800
34600,800
34610,800
34620,800
34630,800
34640,800
34650,800
34660,800
34670,800
34680,800
34690,800
34700,800
34710,800
34720,800
34730,800
34740,800
34750,800
34760,800
34770,800
34780,800
34790,800
34800,800
34810,800
34820,800
34830,800
34840,800
34850,800
34860,800
34870,800
34880,800
34890,800
34900,800
34910,800
34920,800
34930,800
34940,800
34950,800
34960,800
34970,800
34980,800
34990,800
35000,800
35010,800
35020,800
35030,800
35040,800
35050,800
35060,800
35070,800
35080,800
35090,800
35100,800
35110,800
35120,800
35130,800
35140,800
35150,800
35160,800
35170,800
35180,800
35190,800
35200,800
35210,800
35220,800
35230,800
35240,800
35250,800
35260,800
35270,800
35280,800
35290,800
35300,800
35310,800
35320,800
35330,800
35340,800
35350,800
35360,800
35370,800
35380,800
35390,800
35400,800
35410,800
35420,800
35430,800
35440,800
35450,800
35460,800
35470,800
35480,800
35490,800
35500,800
35510,800
35520,800
35530,800
35540,800
35550,800
35560,800
35570,800
35580,800
35590,800
35600,800
35610,800
35620,800
35630,800
35640,800
35650,800
35660,800
35670,800
35680,800
35690,800
35700,800
35710,800
35720,800
35730,800
35740,800
35750,800
35760,800
35770,800
35780,800
35790,800
35800,800
35810,800
35820,800
35830,800
35840,800
35850,800
35860,800
35870,800
35880,800
35890,800
35900,800
35910,800
35920,800
35930,800
35940,800
35950,800
35960,800
35970,800
35980,800
35990,800
36000,800
36010,800
36020,800
36030,800
36040,800
36050,800
36060,800
36070,800
36080,800
36090,800
36100,800
36110,800
36120,800
36130,800
36140,800
36150,800
36160,800
36170,800
36180,800
36190,800
36200,800
36210,800
36220,800
36230,800
36240,800
36250,800
36260,800
36270,800
36280,800
36290,800
36300,800
36310,800
36320,800
36330,800
36340,800
36350,800
36360,800
36370,800
36380,800
36390,800
36400,800
36410,800
36420,800
36430,800
36440,800
36450,800
36460,800
36470,800
36480,800
36490,800
36500,800
36510,800
36520,800
36530,800
36540,800
36550,800
36560,800
36570,800
36580,800
36590,800
36600,800
36610,800
36620,800
36630,800
36640,800
36650,800
36660,800
36670,800
36680,800
36690,800
36700,800
36710,800
36720,800
36730,800
36740,800
36750,800
36760,800
36770,800
36780,800
36790,800
36800,800
36810,800
36820,800
36830,800
36840,800
36850,800
36860,800
36870,800
36880,800
36890,800
36900,800
36910,800
36920,800
36930,800
36940,800
36950,800
36960,800
36970,800
36980,800
36990,800
37000,800
37010,800
37020,800
37030,800
37040,800
37050,800
37060,800
37070,800
37080,800
37090,800
37100,800
37110,800
37120,800
37130,800
37140,800
37150,800
37160,800
37170,800
37180,800
37190,800
37200,800
37210,800
37220,800
37230,800
37240,800
37250,800
37260,800
37270,800
37280,800
37290,800
37300,800
37310,800
37320,800
37330,800
37340,800
37350,800
37360,800
37370,800
37380,800
37390,800
37400,800
37410,800
37420,800
37430,800
37440,800
37450,800
37460,800
37470,800
37480,800
37490,800
37500,800
37510,800
37520,800
37530,800
37540,800
37550,800
37560,800
37570,800
37580,800
37590,800
37600,800
37610,800
37620,800
37630,800
37640,800
37650,800
37660,800
37670,800
37680,800
37690,800
37700,800
37710,800
37720,800
37730,800
37740,800
37750,800
37760,800
37770,800
37780,800
37790,800
37800,800
37810,800
37820,800
37830,800
37840,800
37850,800
37860,800
37870,800
37880,800
37890,800
37900,800
37910,800
37920,800
37930,800
37940,800
37950,800
37960,800
37970,800
37980,800
37990,800
38000,800
38010,800
38020,800
38030,800
38040,800
38050,800
38060,800
38070,800
38080,800
38090,800
38100,800
38110,800
38120,800
38130,800
38140,800
38150,800
38160,800
38170,800
38180,800
38190,800
38200,800
38210,800
38220,800
38230,800
38240,800
38250,800
38260,800
38270,800
38280,800
38290,800
38300,800
38310,800
38320,800
38330,800
38340,800
38350,800
38360,800
38370,800
38380,800
38390,800
38400,800
38410,800
38420,800
38430,800
38440,800
38450,800
38460,800
38470,800
38480,800
38490,800
38500,800
38510,800
38520,800
38530,800
38540,800
38550,800
38560,800
38570,800
38580,800
38590,800
38600,800
38610,800
38620,800
38630,800
38640,800
38650,800
38660,800
38670,800
38680,800
38690,800
38700,800
38710,800
38720,800
38730,800
38740,800
38750,800
38760,800
38770,800
38780,800
38790,800
38800,800
38810,800
38820,800
38830,800
38840,800
38850,800
38860,800
38870,800
38880,800
38890,800
38900,800
38910,800
38920,800
38930,800
38940,800
38950,800
38960,800
38970,800
38980,800
38990,800
39000,800
39010,800
39020,800
39030,800
39040,800
39050,800
39060,800
39070,800
39080,800
39090,800
39100,800
39110,800
39120,800
39130,800
39140,800
39150,800
39160,800
39170,800
39180,800
39190,800
39200,800
39210,800
39220,800
39230,800
39240,800
39250,800
39260,800
39270,800
39280,800
39290,800
39300,800
39310,800
39320,800
39330,800
39340,800
39350,800
39360,800
39370,800
39380,800
39390,800
39400,800
39410,800
39420,800
39430,800
39440,800
39450,800
39460,800
39470,800
39480,800
39490,800
39500,800
39510,800
39520,800
39530,800
39540,800
39550,800
39560,800
39570,800
39580,800
39590,800
39600,800
39610,800
39620,800
39630,800
39640,800
39650,800
39660,800
39670,800
39680,800
39690,800
39700,800
39710,800
39720,800
39730,800
39740,800
39750,800
39760,800
39770,800
39780,800
39790,800
39800,800
39810,800
39820,800
39830,800
39840,800
39850,800
39860,800
39870,800
39880,800
39890,800
39900,800
39910,800
39920,800
39930,800
39940,800
39950,800
39960,800
39970,800
39980,800
39990,800
40000,800
40010,800
40020,800
40030,800
40040,800
40050,800
40060,800
40070,800
40080,800
40090,800
40100,800
40110,800
40120,800
40130,800
40140,800
40150,800
40160,800
40170,800
40180,800
40190,800
40200,800
40210,800
40220,800
40230,800
40240,800
40250,800
40260,800
40270,800
40280,800
40290,800
40300,800
40310,800
40320,800
40330,800
40340,800
40350,800
40360,800
40370,800
40380,800
40390,800
40400,800
40410,800
40420,800
40430,800
40440,800
40450,800
40460,800
40470,800
40480,800
40490,800
40500,800
40510,800
40520,800
40530,800
40540,800
40550,800
40560,800
40570,800
40580,800
40590,800
40600,800
40610,800
40620,800
40630,800
40640,800
40650,800
40660,800
40670,800
40680,800
40690,800
40700,800
40710,800
40720,800
40730,800
40740,800
40750,800
40760,800
40770,800
40780,800
40790,800
40800,800
40810,800
40820,800
40830,800
40840,800
40850,800
40860,800
40870,800
40880,800
40890,800
40900,800
40910,800
40920,800
40930,800
40940,800
40950,800
40960,800
40970,800
40980,800
40990,800
41000,800
41010,800
41020,800
41030,800
41040,800
41050,800
41060,800
41070,800
41080,800
41090,800
41100,800
41110,800
41120,800
41130,800
41140,800
41150,800
41160,800
41170,800
41180,800
41190,800
41200,800
41210,800
41220,800
41230,800
41240,800
41250,800
41260,800
41270,800
41280,800
41290,800
41300,800
41310,800
41320,800
41330,800
41340,800
41350,800
41360,800
41370,800
41380,800
41390,800
41400,800
41410,800
41420,800
41430,800
41440,800
41450,800
41460,800
41470,800
41480,800
41490,800
41500,800
41510,800
41520,800
41530,800
41540,800
41550,800
41560,800
41570,800
41580,800
41590,800
41600,800
41610,800
41620,800
41630,800
41640,800
41650,800
41660,800
41670,800
41680,800
41690,800
41700,800
41710,800
41720,800
41730,800
41740,800
41750,800
41760,800
41770,800
41780,800
41790,800
41800,800
41810,800
41820,800
41830,800
41840,800
41850,800
41860,800
41870,800
41880,800
41890,800
41900,800
41910,800
41920,800
41930,800
41940,800
41950,800
41960,800
41970,800
41980,800
41990,800
42000,800
42010,800
42020,800
42030,800
42040,800
42050,800
42060,800
42070,800
42080,800
42090,800
42100,800
42110,800
42120,800
42130,800
42140,800
42150,800
42160,800
42170,800
42180,800
42190,800
42200,800
42210,800
42220,800
42230,800
42240,800
42250,800
42260,800
42270,800
42280,800
42290,800
42300,800
42310,800
42320,800
42330,800
42340,800
42350,800
42360,800
42370,800
42380,800
42390,800
42400,800
42410,800
42420,800
42430,800
42440,800
42450,800
42460,800
42470,800
42480,800
42490,800
42500,800
42510,800
42520,800
42530,800
42540,800
42550,800
42560,800
42570,800
42580,800
42590,800
42600,800
42610,800
42620,800
42630,800
42640,800
42650,800
42660,800
42670,800
42680,800
42690,800
42700,800
42710,800
42720,800
42730,800
42740,800
42750,800
42760,800
42770,800
42780,800
42790,800
42800,800
42810,800
42820,800
42830,800
42840,800
42850,800
42860,800
42870,800
42880,800
42890,800
42900,800
42910,800
42920,800
42930,800
42940,800
42950,800
42960,800
42970,800
42980,800
42990,800
43000,800
43010,800
43020,800
43030,800
43040,800
43050,800
43060,800
43070,800
43080,800
43090,800
43100,800
43110,800
43120,800
43130,800
43140,800
43150,800
43160,800
43170,800
43180,800
43190,800
43200,800
43210,800
43220,800
43230,800
43240,800
43250,800
43260,800
43270,800
43280,800
43290,800
43300,800
43310,800
43320,800
43330,800
43340,800
43350,800
43360,800
43370,800
43380,800
43390,800
43400,800
43410,800
43420,800
43430,800
43440,800
43450,800
43460,800
43470,800
43480,800
43490,800
43500,800
43510,800
43520,800
43530,800
43540,800
43550,800
43560,800
43570,800
43580,800
43590,800
43600,800
43610,800
43620,800
43630,800
43640,800
43650,800
43660,800
43670,800
43680,800
43690,800
43700,800
43710,800
43720,800
43730,800
43740,800
43750,800
43760,800
43770,800
43780,800
43790,800
43800,800
43810,800
43820,800
43830,800
43840,800
43850,800
43860,800
43870,800
43880,800
43890,800
43900,800
43910,800
43920,800
43930,800
43940,800
43950,800
43960,800
43970,800
43980,800
43990,800
44000,800
44010,800
44020,800
44030,800
44040,800
44050,800
44060,800
44070,800
44080,800
44090,800
44100,800
44110,800
44120,800
44130,800
44140,800
44150,800
44160,800
44170,800
44180,800
44190,800
44200,800
44210,800
44220,800
44230,800
44240,800
44250,800
44260,800
44270,800
44280,800
44290,800
44300,800
44310,800
44320,800
44330,800
44340,800
44350,800
44360,800
44370,800
44380,800
44390,800
44400,800
44410,800
44420,800
44430,800
44440,800
44450,800
44460,800
44470,800
44480,800
44490,800
44500,800
44510,800
44520,800
44530,800
44540,800
44550,800
44560,800
44570,800
44580,800
44590,800
44600,800
44610,800
44620,800
44630,800
44640,800
44650,800
44660,800
44670,800
44680,800
44690,800
44700,800
44710,800
44720,800
44730,800
44740,800
44750,800
44760,800
44770,800
44780,800
44790,800
44800,800
44810,800
44820,800
44830,800
44840,800
44850,800
44860,800
44870,800
44880,800
44890,800
44900,800
44910,800
44920,800
44930,800
44940,800
44950,800
44960,800
44970,800
44980,800
44990,800
45000,800
45010,800
45020,800
45030,800
45040,800
45050,800
45060,800
45070,800
45080,800
45090,800
45100,800
45110,800
45120,800
45130,800
45140,800
45150,800
45160,800
45170,800
45180,800
45190,800
45200,800
45210,800
45220,800
45230,800
45240,800
45250,800
45260,800
45270,800
45280,800
45290,800
45300,800
45310,800
45320,800
45330,800
45340,800
45350,800
45360,800
45370,800
45380,800
45390,800
45400,800
45410,800
45420,800
45430,800
45440,800
45450,800
45460,800
45470,800
45480,800
45490,800
45500,800
45510,800
45520,800
45530,800
45540,800
45550,800
45560,800
45570,800
45580,800
45590,800
45600,800
45610,800
45620,800
45630,800
45640,800
45650,800
45660,800
45670,800
45680,800
45690,800
45700,800
45710,800
45720,800
45730,800
45740,800
45750,800
45760,800
45770,800
45780,800
45790,800
45800,800
45810,800
45820,800
45830,800
45840,800
45850,800
45860,800
45870,800
45880,800
45890,800
45900,800
45910,800
45920,800
45930,800
45940,800
45950,800
45960,800
45970,800
45980,800
45990,800
46000,800
46010,800
46020,800
46030,800
46040,800
46050,800
46060,800
46070,800
46080,800
46090,800
46100,800
46110,800
46120,800
46130,800
46140,800
46150,800
46160,800
46170,800
46180,800
46190,800
46200,800
46210,800
46220,800
46230,800
46240,800
46250,800
46260,800
46270,800
46280,800
46290,800
46300,800
46310,800
46320,800
46330,800
46340,800
46350,800
46360,800
46370,800
46380,800
46390,800
46400,800
46410,800
46420,800
46430,800
46440,800
46450,800
46460,800
46470,800
46480,800
46490,800
46500,800
46510,800
46520,800
46530,800
46540,800
46550,800
46560,800
46570,800
46580,800
46590,800
46600,800
46610,800
46620,800
46630,800
46640,800
46650,800
46660,800
46670,800
46680,800
46690,800
46700,800
46710,800
46720,800
46730,800
46740,800
46750,800
46760,800
46770,800
46780,800
46790,800
46800,800
46810,800
46820,800
46830,800
46840,800
46850,800
46860,800
46870,800
46880,800
46890,800
46900,800
46910,800
46920,800
46930,800
46940,800
46950,800
46960,800
46970,800
46980,800
46990,800
47000,800
47010,800
47020,800
47030,800
47040,800
47050,800
47060,800
47070,800
47080,800
47090,800
47100,800
47110,800
47120,800
47130,800
47140,800
47150,800
47160,800
47170,800
47180,800
47190,800
47200,800
47210,800
47220,800
47230,800
47240,800
47250,800
47260,800
47270,800
47280,800
47290,800
47300,800
47310,800
47320,800
47330,800
47340,800
47350,800
47360,800
47370,800
47380,800
47390,800
47400,800
47410,800
47420,800
47430,800
47440,800
47450,800
47460,800
47470,800
47480,800
47490,800
47500,800
47510,800
47520,800
47530,800
47540,800
47550,800
47560,800
47570,800
47580,800
47590,800
47600,800
47610,800
47620,800
47630,800
47640,800
47650,800
47660,800
47670,800
47680,800
47690,800
47700,800
47710,800
47720,800
47730,800
47740,800
47750,800
47760,800
47770,800
47780,800
47790,800
47800,800
47810,800
47820,800
47830,800
47840,800
47850,800
47860,800
47870,800
47880,800
47890,800
47900,800
47910,800
47920,800
47930,800
47940,800
47950,800
47960,800
47970,800
47980,800
47990,800
48000,800
48010,800
48020,800
48030,800
48040,800
48050,800
48060,800
48070,800
48080,800
48090,800
48100,800
48110,800
48120,800
48130,800
48140,800
48150,800
48160,800
48170,800
48180,800
48190,800
48200,800
48210,800
48220,800
48230,800
48240,800
48250,800
48260,800
48270,800
48280,800
48290,800
48300,800
48310,800
48320,800
48330,800
48340,800
48350,800
48360,800
48370,800
48380,800
48390,800
48400,800
48410,800
48420,800
48430,800
48440,800
48450,800
48460,800
48470,800
48480,800
48490,800
48500,800
48510,800
48520,800
48530,800
48540,800
48550,800
48560,800
48570,800
48580,800
48590,800
48600,800
48610,800
48620,800
48630,800
48640,800
48650,800
48660,800
48670,800
48680,800
48690,800
48700,800
48710,800
48720,800
48730,800
48740,800
48750,800
48760,800
48770,800
48780,800
48790,800
48800,800
48810,800
48820,800
48830,800
48840,800
48850,800
48860,800
48870,800
48880,800
48890,800
48900,800
48910,800
48920,800
48930,800
48940,800
48950,800
48960,800
48970,800
48980,800
48990,800
49000,800
49010,800
49020,800
49030,800
49040,800
49050,800
49060,800
49070,800
49080,800
49090,800
49100,800
49110,800
49120,800
49130,800
49140,800
49150,800
49160,800
49170,800
49180,800
49190,800
49200,800
49210,800
49220,800
49230,800
49240,800
49250,800
49260,800
49270,800
49280,800
49290,800
49300,800
49310,800
49320,800
49330,800
49340,800
49350,800
49360,800
49370,800
49380,800
49390,800
49400,800
49410,800
49420,800
49430,800
49440,800
49450,800
49460,800
49470,800
49480,800
49490,800
49500,800
49510,800
49520,800
49530,800
49540,800
49550,800
49560,800
49570,800
49580,800
49590,800
49600,800
49610,800
49620,800
49630,800
49640,800
49650,800
49660,800
49670,800
49680,800
49690,800
49700,800
49710,800
49720,800
49730,800
49740,800
49750,800
49760,800
49770,800
49780,800
49790,800
49800,800
49810,800
49820,800
49830,800
49840,800
49850,800
49860,800
49870,800
49880,800
49890,800
49900,800
49910,800
49920,800
49930,800
49940,800
49950,800
49960,800
49970,800
49980,800
49990,800
50000,800
50010,800
50020,800
50030,800
50040,800
50050,800
50060,800
50070,800
50080,800
50090,800
50100,800
50110,800
50120,800
50130,800
50140,800
50150,800
50160,800
50170,800
50180,800
50190,800
50200,800
50210,800
50220,800
50230,800
50240,800
50250,800
50260,800
50270,800
50280,800
50290,800
50300,800
50310,800
50320,800
50330,800
50340,800
50350,800
50360,800
50370,800
50380,800
50390,800
50400,800
50410,800
50420,800
50430,800
50440,800
50450,800
50460,800
50470,800
50480,800
50490,800
50500,800
50510,800
50520,800
50530,800
50540,800
50550,800
50560,800
50570,800
50580,800
50590,800
50600,800
50610,800
50620,800
50630,800
50640,800
50650,800
50660,800
50670,800
50680,800
50690,800
50700,800
50710,800
50720,800
50730,800
50740,800
50750,800
50760,800
50770,800
50780,800
50790,800
50800,800
50810,800
50820,800
50830,800
50840,800
50850,800
50860,800
50870,800
50880,800
50890,800
50900,800
50910,800
50920,800
50930,800
50940,800
50950,800
50960,800
50970,800
50980,800
50990,800
51000,800
51010,800
51020,800
51030,800
51040,800
51050,800
51060,800
51070,800
51080,800
51090,800
51100,800
51110,800
51120,800
51130,800
51140,800
51150,800
51160,800
51170,800
51180,800
51190,800
51200,800
51210,800
51220,800
51230,800
51240,800
51250,800
51260,800
51270,800
51280,800
51290,800
51300,800
51310,800
51320,800
51330,800
51340,800
51350,800
51360,800
51370,800
51380,800
51390,800
51400,800
51410,800
51420,800
51430,800
51440,800
51450,800
51460,800
51470,800
51480,800
51490,800
51500,800
51510,800
51520,800
51530,800
51540,800
51550,800
51560,800
51570,800
51580,800
51590,800
51600,800
51610,800
51620,800
51630,800
51640,800
51650,800
51660,800
51670,800
51680,800
51690,800
51700,800
51710,800
51720,800
51730,800
51740,800
51750,800
51760,800
51770,800
51780,800
51790,800
51800,800
51810,800
51820,800
51830,800
51840,800
51850,800
51860,800
51870,800
51880,800
51890,800
51900,800
51910,800
51920,800
51930,800
51940,800
51950,800
51960,800
51970,800
51980,800
51990,800
52000,800
52010,800
52020,800
52030,800
52040,800
52050,800
52060,800
52070,800
52080,800
52090,800
52100,800
52110,800
52120,800
52130,800
52140,800
52150,800
52160,800
52170,800
52180,800
52190,800
52200,800
52210,800
52220,800
52230,800
52240,800
52250,800
52260,800
52270,800
52280,800
52290,800
52300,800
52310,800
52320,800
52330,800
52340,800
52350,800
52360,800
52370,800
52380,800
52390,800
52400,800
52410,800
52420,800
52430,800
52440,800
52450,800
52460,800
52470,800
52480,800
52490,800
52500,800
52510,800
52520,800
52530,800
52540,800
52550,800
52560,800
52570,800
52580,800
52590,800
52600,800
52610,800
52620,800
52630,800
52640,800
52650,800
52660,800
52670,800
52680,800
52690,800
52700,800
52710,800
52720,800
52730,800
52740,800
52750,800
52760,800
52770,800
52780,800
52790,800
52800,800
52810,800
52820,800
52830,800
52840,800
52850,800
52860,800
52870,800
52880,800
52890,800
52900,800
52910,800
52920,800
52930,800
52940,800
52950,800
52960,800
52970,800
52980,800
52990,800
53000,800
53010,800
53020,800
53030,800
53040,800
53050,800
53060,800
53070,800
53080,800
53090,800
53100,800
53110,800
53120,800
53130,800
53140,800
53150,800
53160,800
53170,800
53180,800
53190,800
53200,800
53210,800
53220,800
53230,800
53240,800
53250,800
53260,800
53270,800
53280,800
53290,800
53300,800
53310,800
53320,800
53330,800
53340,800
53350,800
53360,800
53370,800
53380,800
53390,800
53400,800
53410,800
53420,800
53430,800
53440,800
53450,800
53460,800
53470,800
53480,800
53490,800
53500,800
53510,800
53520,800
53530,800
53540,800
53550,800
53560,800
53570,800
53580,800
53590,800
53600,800
53610,800
53620,800
53630,800
53640,800
53650,800
53660,800
53670,800
53680,800
53690,800
53700,800
53710,800
53720,800
53730,800
53740,800
53750,800
53760,800
53770,800
53780,800
53790,800
53800,800
53810,800
53820,800
53830,800
53840,800
53850,800
53860,800
53870,800
53880,800
53890,800
53900,800
53910,800
53920,800
53930,800
53940,800
53950,800
53960,800
53970,800
53980,800
53990,800
54000,800
54010,800
54020,800
54030,800
54040,800
54050,800
54060,800
54070,800
54080,800
54090,800
54100,800
54110,800
54120,800
54130,800
54140,800
54150,800
54160,800
54170,800
54180,800
54190,800
54200,800
54210,800
54220,800
54230,800
54240,800
54250,800
54260,800
54270,800
54280,800
54290,800
54300,800
54310,800
54320,800
54330,800
54340,800
54350,800
54360,800
54370,800
54380,800
54390,800
54400,800
54410,800
54420,800
54430,800
54440,800
54450,800
54460,800
54470,800
54480,800
54490,800
54500,800
54510,800
54520,800
54530,800
54540,800
54550,800
54560,800
54570,800
54580,800
54590,800
54600,800
54610,800
54620,800
54630,800
54640,800
54650,800
54660,800
54670,800
54680,800
54690,800
54700,800
54710,800
54720,800
54730,800
54740,800
54750,800
54760,800
54770,800
54780,800
54790,800
54800,800
54810,800
54820,800
54830,800
54840,800
54850,800
54860,800
54870,800
54880,800
54890,800
54900,800
54910,800
54920,800
54930,800
54940,800
54950,800
54960,800
54970,800
54980,800
54990,800
55000,800
55010,800
55020,800
55030,800
55040,800
55050,800
55060,800
55070,800
55080,800
55090,800
55100,800
55110,800
55120,800
55130,800
55140,800
55150,800
55160,800
55170,800
55180,800
55190,800
55200,800
55210,800
55220,800
55230,800
55240,800
55250,800
55260,800
55270,800
55280,800
55290,800
55300,800
55310,800
55320,800
55330,800
55340,800
55350,800
55360,800
55370,800
55380,800
55390,800
55400,800
55410,800
55420,800
55430,800
55440,800
55450,800
55460,800
55470,800
55480,800
55490,800
55500,800
55510,800
55520,800
55530,800
55540,800
55550,800
55560,800
55570,800
55580,800
55590,800
55600,800
55610,800
55620,800
55630,800
55640,800
55650,800
55660,800
55670,800
55680,800
55690,800
55700,800
55710,800
55720,800
55730,800
55740,800
55750,800
55760,800
55770,800
55780,800
55790,800
55800,800
55810,800
55820,800
55830,800
55840,800
55850,800
55860,800
55870,800
55880,800
55890,800
55900,800
55910,800
55920,800
55930,800
55940,800
55950,800
55960,800
55970,800
55980,800
55990,800
56000,800
56010,800
56020,800
56030,800
56040,800
56050,800
56060,800
56070,800
56080,800
56090,800
56100,800
56110,800
56120,800
56130,800
56140,800
56150,800
56160,800
56170,800
56180,800
56190,800
56200,800
56210,800
56220,800
56230,800
56240,800
56250,800
56260,800
56270,800
56280,800
56290,800
56300,800
56310,800
56320,800
56330,800
56340,800
56350,800
56360,800
56370,800
56380,800
56390,800
56400,800
56410,800
56420,800
56430,800
56440,800
56450,800
56460,800
56470,800
56480,800
56490,800
56500,800
56510,800
56520,800
56530,800
56540,800
56550,800
56560,800
56570,800
56580,800
56590,800
56600,800
56610,800
56620,800
56630,800
56640,800
56650,800
56660,800
56670,800
56680,800
56690,800
56700,800
56710,800
56720,800
56730,800
56740,800
56750,800
56760,800
56770,800
56780,800
56790,800
56800,800
56810,800
56820,800
56830,800
56840,800
56850,800
56860,800
56870,800
56880,800
56890,800
56900,800
56910,800
56920,800
56930,800
56940,800
56950,800
56960,800
56970,800
56980,800
56990,800
57000,800
57010,800
57020,800
57030,800
57040,800
57050,800
57060,800
57070,800
57080,800
57090,800
57100,800
57110,800
57120,800
57130,800
57140,800
57150,800
57160,800
57170,800
57180,800
57190,800
57200,800
57210,800
57220,800
57230,800
57240,800
57250,800
57260,800
57270,800
57280,800
57290,800
57300,800
57310,800
57320,800
57330,800
57340,800
57350,800
57360,800
57370,800
57380,800
57390,800
57400,800
57410,800
57420,800
57430,800
57440,800
57450,800
57460,800
57470,800
57480,800
57490,800
57500,800
57510,800
57520,800
57530,800
57540,800
57550,800
57560,800
57570,800
57580,800
57590,800
57600,800
57610,800
57620,800
57630,800
57640,800
57650,800
57660,800
57670,800
57680,800
57690,800
57700,800
57710,800
57720,800
57730,800
57740,800
57750,800
57760,800
57770,800
57780,800
57790,800
57800,800
57810,800
57820,800
57830,800
57840,800
57850,800
57860,800
57870,800
57880,800
57890,800
57900,800
57910,800
57920,800
57930,800
57940,800
57950,800
57960,800
57970,800
57980,800
57990,800
58000,800
58010,800
58020,800
58030,800
58040,800
58050,800
58060,800
58070,800
58080,800
58090,800
58100,800
58110,800
58120,800
58130,800
58140,800
58150,800
58160,800
58170,800
58180,800
58190,800
58200,800
58210,800
58220,800
58230,800
58240,800
58250,800
58260,800
58270,800
58280,800
58290,800
58300,800
58310,800
58320,800
58330,800
58340,800
58350,800
58360,800
58370,800
58380,800
58390,800
58400,800
58410,800
58420,800
58430,800
58440,800
58450,800
58460,800
58470,800
58480,800
58490,800
58500,800
58510,800
58520,800
58530,800
58540,800
58550,800
58560,800
58570,800
58580,800
58590,800
58600,800
58610,800
58620,800
58630,800
58640,800
58650,800
58660,800
58670,800
58680,800
58690,800
58700,800
58710,800
58720,800
58730,800
58740,800
58750,800
58760,800
58770,800
58780,800
58790,800
58800,800
58810,800
58820,800
58830,800
58840,800
58850,800
58860,800
58870,800
58880,800
58890,800
58900,800
58910,800
58920,800
58930,800
58940,800
58950,800
58960,800
58970,800
58980,800
58990,800
59000,800
59010,800
59020,800
59030,800
59040,800
59050,800
59060,800
59070,800
59080,800
59090,800
59100,800
59110,800
59120,800
59130,800
59140,800
59150,800
59160,800
59170,800
59180,800
59190,800
59200,800
59210,800
59220,800
59230,800
59240,800
59250,800
59260,800
59270,800
59280,800
59290,800
59300,800
59310,800
59320,800
59330,800
59340,800
59350,800
59360,800
59370,800
59380,800
59390,800
59400,800
59410,800
59420,800
59430,800
59440,800
59450,800
59460,800
59470,800
59480,800
59490,800
59500,800
59510,800
59520,800
59530,800
59540,800
59550,800
59560,800
59570,800
59580,800
59590,800
59600,800
59610,800
59620,800
59630,800
59640,800
59650,800
59660,800
59670,800
59680,800
59690,800
59700,800
59710,800
59720,800
59730,800
59740,800
59750,800
59760,800
59770,800
59780,800
59790,800
59800,800
59810,800
59820,800
59830,800
59840,800
59850,800
59860,800
59870,800
59880,800
59890,800
59900,800
59910,800
59920,800
59930,800
59940,800
59950,800
59960,800
59970,800
59980,800
59990,800
60000,800
60010,800
60020,800
60030,800
60040,800
60050,800
60060,800
60070,800
60080,800
60090,800
60100,800
60110,800
60120,800
60130,800
60140,800
60150,800
60160,800
60170,800
60180,800
60190,800
60200,800
60210,800
60220,800
60230,800
60240,800
60250,800
60260,800
60270,800
60280,800
60290,800
60300,800
60310,800
60320,800
60330,800
60340,800
60350,800
60360,800
60370,800
60380,800
60390,800
60400,800
60410,800
60420,800
60430,800
60440,800
60450,800
60460,800
60470,800
60480,800
60490,800
60500,800
60510,800
60520,800
60530,800
60540,800
60550,800
60560,800
60570,800
60580,800
60590,800
60600,800
60610,800
60620,800
60630,800
60640,800
60650,800
60660,800
60670,800
60680,800
60690,800
60700,800
60710,800
60720,800
60730,800
60740,800
60750,800
60760,800
60770,800
60780,800
60790,800
60800,800
60810,800
60820,800
60830,800
60840,800
60850,800
60860,800
60870,800
60880,800
60890,800
60900,800
60910,800
60920,800
60930,800
60940,800
60950,800
60960,800
60970,800
60980,800
60990,800
61000,800
61010,800
61020,800
61030,800
61040,800
61050,800
61060,800
61070,800
61080,800
61090,800
61100,800
61110,800
61120,800
61130,800
61140,800
61150,800
61160,800
61170,800
61180,800
61190,800
61200,800
61210,800
61220,800
61230,800
61240,800
61250,800
61260,800
61270,800
61280,800
61290,800
61300,800
61310,800
61320,800
61330,800
61340,800
61350,800
61360,800
61370,800
61380,800
61390,800
61400,800
61410,800
61420,800
61430,800
61440,800
61450,800
61460,800
61470,800
61480,800
61490,800
61500,800
61510,800
61520,800
61530,800
61540,800
61550,800
61560,800
61570,800
61580,800
61590,800
61600,800
61610,800
61620,800
61630,800
61640,800
61650,800
61660,800
61670,800
61680,800
61690,800
61700,800
61710,800
61720,800
61730,800
61740,800
61750,800
61760,800
61770,800
61780,800
61790,800
61800,800
61810,800
61820,800
61830,800
61840,800
61850,800
61860,800
61870,800
61880,800
61890,800
61900,800
61910,800
61920,800
61930,800
61940,800
61950,800
61960,800
61970,800
61980,800
61990,800
62000,800
62010,800
62020,800
62030,800
62040,800
62050,800
62060,800
62070,800
62080,800
62090,800
62100,800
62110,800
62120,800
62130,800
62140,800
62150,800
62160,800
62170,800
62180,800
62190,800
62200,800
62210,800
62220,800
62230,800
62240,800
62250,800
62260,800
62270,800
62280,800
62290,800
62300,800
62310,800
62320,800
62330,800
62340,800
62350,800
62360,800
62370,800
62380,800
62390,800
62400,800
62410,800
62420,800
62430,800
62440,800
62450,800
62460,800
62470,800
62480,800
62490,800
62500,800
62510,800
62520,800
62530,800
62540,800
62550,800
62560,800
62570,800
62580,800
62590,800
62600,800
62610,800
62620,800
62630,800
62640,800
62650,800
62660,800
62670,800
62680,800
62690,800
62700,800
62710,800
62720,800
62730,800
62740,800
62750,800
62760,800
62770,800
62780,800
62790,800
62800,800
62810,800
62820,800
62830,800
62840,800
62850,800
62860,800
62870,800
62880,800
62890,800
62900,800
62910,800
62920,800
62930,800
62940,800
62950,800
62960,800
62970,800
62980,800
62990,800
63000,800
63010,800
63020,800
63030,800
63040,800
63050,800
63060,800
63070,800
63080,800
63090,800
63100,800
63110,800
63120,800
63130,800
63140,800
63150,800
63160,800
63170,800
63180,800
63190,800
63200,800
63210,800
63220,800
63230,800
63240,800
63250,800
63260,800
63270,800
63280,800
63290,800
63300,800
63310,800
63320,800
63330,800
63340,800
63350,800
63360,800
63370,800
63380,800
63390,800
63400,800
63410,800
63420,800
63430,800
63440,800
63450,800
63460,800
63470,800
63480,800
63490,800
63500,800
63510,800
63520,800
63530,800
63540,800
63550,800
63560,800
63570,800
63580,800
63590,800
63600,800
63610,800
63620,800
63630,800
63640,800
63650,800
63660,800
63670,800
63680,800
63690,800
63700,800
63710,800
63720,800
63730,800
63740,800
63750,800
63760,800
63770,800
63780,800
63790,800
63800,800
63810,800
63820,800
63830,800
63840,800
63850,800
63860,800
63870,800
63880,800
63890,800
63900,800
63910,800
63920,800
63930,800
63940,800
63950,800
63960,800
63970,800
63980,800
63990,800
64000,800
64010,800
64020,800
64030,800
64040,800
64050,800
64060,800
64070,800
64080,800
64090,800
64100,800
64110,800
64120,800
64130,800
64140,800
64150,800
64160,800
64170,800
64180,800
64190,800
64200,800
64210,800
64220,800
64230,800
64240,800
64250,800
64260,800
64270,800
64280,800
64290,800
64300,800
64310,800
64320,800
64330,800
64340,800
64350,800
64360,800
64370,800
64380,800
64390,800
64400,800
64410,800
64420,800
64430,800
64440,800
64450,800
64460,800
64470,800
64480,800
64490,800
64500,800
64510,800
64520,800
64530,800
64540,800
64550,800
64560,800
64570,800
64580,800
64590,800
64600,800
64610,800
64620,800
64630,800
64640,800
64650,800
64660,800
64670,800
64680,800
64690,800
64700,800
64710,800
64720,800
64730,800
64740,800
64750,800
64760,800
64770,800
64780,800
64790,800
64800,800
64810,800
64820,800
64830,800
64840,800
64850,800
64860,800
64870,800
64880,800
64890,800
64900,800
64910,800
64920,800
64930,800
64940,800
64950,800
64960,800
64970,800
64980,800
64990,800
65000,800
65010,800
65020,800
65030,800
65040,800
65050,800
65060,800
65070,800
65080,800
65090,800
65100,800
65110,800
65120,800
65130,800
65140,800
65150,800
65160,800
65170,800
65180,800
65190,800
65200,800
65210,800
65220,800
65230,800
65240,800
65250,800
65260,800
65270,800
65280,800
65290,800
65300,800
65310,800
65320,800
65330,800
65340,800
65350,800
65360,800
65370,800
65380,800
65390,800
65400,800
65410,800
65420,800
65430,800
65440,800
65450,800
65460,800
65470,800
65480,800
65490,800
65500,800
65510,800
65520,800
65530,800
65540,800
65550,800
65560,800
65570,800
65580,800
65590,800
65600,800
65610,800
65620,800
65630,800
65640,800
65650,800
65660,800
65670,800
65680,800
65690,800
65700,800
65710,800
65720,800
65730,800
65740,800
65750,800
65760,800
65770,800
65780,800
65790,800
65800,800
65810,800
65820,800
65830,800
65840,800
65850,800
65860,800
65870,800
65880,800
65890,800
65900,800
65910,800
65920,800
65930,800
65940,800
65950,800
65960,800
65970,800
65980,800
65990,800
66000,800
66010,800
66020,800
66030,800
66040,800
66050,800
66060,800
66070,800
66080,800
66090,800
66100,800
66110,800
66120,800
66130,800
66140,800
66150,800
66160,800
66170,800
66180,800
66190,800
66200,800
66210,800
66220,800
66230,800
66240,800
66250,800
66260,800
66270,800
66280,800
66290,800
66300,800
66310,800
66320,800
66330,800
66340,800
66350,800
66360,800
66370,800
66380,800
66390,800
66400,800
66410,800
66420,800
66430,800
66440,800
66450,800
66460,800
66470,800
66480,800
66490,800
66500,800
66510,800
66520,800
66530,800
66540,800
66550,800
66560,800
66570,800
66580,800
66590,800
66600,800
66610,800
66620,800
66630,800
66640,800
66650,800
66660,800
66670,800
66680,800
66690,800
66700,800
66710,800
66720,800
66730,800
66740,800
66750,800
66760,800
66770,800
66780,800
66790,800
66800,800
66810,800
66820,800
66830,800
66840,800
66850,800
66860,800
66870,800
66880,800
66890,800
66900,800
66910,800
66920,800
66930,800
66940,800
66950,800
66960,800
66970,800
66980,800
66990,800
67000,800
67010,800
67020,800
67030,800
67040,800
67050,800
67060,800
67070,800
67080,800
67090,800
67100,800
67110,800
67120,800
67130,800
67140,800
67150,800
67160,800
67170,800
67180,800
67190,800
67200,800
67210,800
67220,800
67230,800
67240,800
67250,800
67260,800
67270,800
67280,800
67290,800
67300,800
67310,800
67320,800
67330,800
67340,800
67350,800
67360,800
67370,800
67380,800
67390,800
67400,800
67410,800
67420,800
67430,800
67440,800
67450,800
67460,800
67470,800
67480,800
67490,800
67500,800
67510,800
67520,800
67530,800
67540,800
67550,800
67560,800
67570,800
67580,800
67590,800
67600,800
67610,800
67620,800
67630,800
67640,800
67650,800
67660,800
67670,800
67680,800
67690,800
67700,800
67710,800
67720,800
67730,800
67740,800
67750,800
67760,800
67770,800
67780,800
67790,800
67800,800
67810,800
67820,800
67830,800
67840,800
67850,800
67860,800
67870,800
67880,800
67890,800
67900,800
67910,800
67920,800
67930,800
67940,800
67950,800
67960,800
67970,800
67980,800
67990,800
68000,800
68010,800
68020,800
68030,800
68040,800
68050,800
68060,800
68070,800
68080,800
68090,800
68100,800
68110,800
68120,800
68130,800
68140,800
68150,800
68160,800
68170,800
68180,800
68190,800
68200,800
68210,800
68220,800
68230,800
68240,800
68250,800
68260,800
68270,800
68280,800
68290,800
68300,800
68310,800
68320,800
68330,800
68340,800
68350,800
68360,800
68370,800
68380,800
68390,800
68400,800
68410,800
68420,800
68430,800
68440,800
68450,800
68460,800
68470,800
68480,800
68490,800
68500,800
68510,800
68520,800
68530,800
68540,800
68550,800
68560,800
68570,800
68580,800
68590,800
68600,800
68610,800
68620,800
68630,800
68640,800
68650,800
68660,800
68670,800
68680,800
68690,800
68700,800
68710,800
68720,800
68730,800
68740,800
68750,800
68760,800
68770,800
68780,800
68790,800
68800,800
68810,800
68820,800
68830,800
68840,800
68850,800
68860,800
68870,800
68880,800
68890,800
68900,800
68910,800
68920,800
68930,800
68940,800
68950,800
68960,800
68970,800
68980,800
68990,800
69000,800
69010,800
69020,800
69030,800
69040,800
69050,800
69060,800
69070,800
69080,800
69090,800
69100,800
69110,800
69120,800
69130,800
69140,800
69150,800
69160,800
69170,800
69180,800
69190,800
69200,800
69210,800
69220,800
69230,800
69240,800
69250,800
69260,800
69270,800
69280,800
69290,800
69300,800
69310,800
69320,800
69330,800
69340,800
69350,800
69360,800
69370,800
69380,800
69390,800
69400,800
69410,800
69420,800
69430,800
69440,800
69450,800
69460,800
69470,800
69480,800
69490,800
69500,800
69510,800
69520,800
69530,800
69540,800
69550,800
69560,800
69570,800
69580,800
69590,800
69600,800
69610,800
69620,800
69630,800
69640,800
69650,800
69660,800
69670,800
69680,800
69690,800
69700,800
69710,800
69720,800
69730,800
69740,800
69750,800
69760,800
69770,800
69780,800
69790,800
69800,800
69810,800
69820,800
69830,800
69840,800
69850,800
69860,800
69870,800
69880,800
69890,800
69900,800
69910,800
69920,800
69930,800
69940,800
69950,800
69960,800
69970,800
69980,800
69990,800
70000,800
70010,800
70020,800
70030,800
70040,800
70050,800
70060,800
70070,800
70080,800
70090,800
70100,800
70110,800
70120,800
70130,800
70140,800
70150,800
70160,800
70170,800
70180,800
70190,800
70200,800
70210,800
70220,800
70230,800
70240,800
70250,800
70260,800
70270,800
70280,800
70290,800
70300,800
70310,800
70320,800
70330,800
70340,800
70350,800
70360,800
70370,800
70380,800
70390,800
70400,800
70410,800
70420,800
70430,800
70440,800
70450,800
70460,800
70470,800
70480,800
70490,800
70500,800
70510,800
70520,800
70530,800
70540,800
70550,800
70560,800
70570,800
70580,800
70590,800
70600,800
70610,800
70620,800
70630,800
70640,800
70650,800
70660,800
70670,800
70680,800
70690,800
70700,800
70710,800
70720,800
70730,800
70740,800
70750,800
70760,800
70770,800
70780,800
70790,800
70800,800
70810,800
70820,800
70830,800
70840,800
70850,800
70860,800
70870,800
70880,800
70890,800
70900,800
70910,800
70920,800
70930,800
70940,800
70950,800
70960,800
70970,800
70980,800
70990,800
71000,800
71010,800
71020,800
71030,800
71040,800
71050,800
71060,800
71070,800
71080,800
71090,800
71100,800
71110,800
71120,800
71130,800
71140,800
71150,800
71160,800
71170,800
71180,800
71190,800
71200,800
71210,800
71220,800
71230,800
71240,800
71250,800
71260,800
71270,800
71280,800
71290,800
71300,800
71310,800
71320,800
71330,800
71340,800
71350,800
71360,800
71370,800
71380,800
71390,800
71400,800
71410,800
71420,800
71430,800
71440,800
71450,800
71460,800
71470,800
71480,800
71490,800
71500,800
71510,800
71520,800
71530,800
71540,800
71550,800
71560,800
71570,800
71580,800
71590,800
71600,800
71610,800
71620,800
71630,800
71640,800
71650,800
71660,800
71670,800
71680,800
71690,800
71700,800
71710,800
71720,800
71730,800
71740,800
71750,800
71760,800
71770,800
71780,800
71790,800
71800,800
71810,800
71820,800
71830,800
71840,800
71850,800
71860,800
71870,800
71880,800
71890,800
71900,800
71910,800
71920,800
71930,800
71940,800
71950,800
71960,800
71970,800
71980,800
71990,800
72000,800
72010,800
72020,800
72030,800
72040,800
72050,800
72060,800
72070,800
72080,800
72090,800
72100,800
72110,800
72120,800
72130,800
72140,800
72150,800
72160,800
72170,800
72180,800
72190,800
72200,800
72210,800
72220,800
72230,800
72240,800
72250,800
72260,800
72270,800
72280,800
72290,800
72300,800
72310,800
72320,800
72330,800
72340,800
72350,800
72360,800
72370,800
72380,800
72390,800
72400,800
72410,800
72420,800
72430,800
72440,800
72450,800
72460,800
72470,800
72480,800
72490,800
72500,800
72510,800
72520,800
72530,800
72540,800
72550,800
72560,800
72570,800
72580,800
72590,800
72600,800
72610,800
72620,800
72630,800
72640,800
72650,800
72660,800
72670,800
72680,800
72690,800
72700,800
72710,800
72720,800
72730,800
72740,800
72750,800
72760,800
72770,800
72780,800
72790,800
72800,800
72810,800
72820,800
72830,800
72840,800
72850,800
72860,800
72870,800
72880,800
72890,800
72900,800
72910,800
72920,800
72930,800
72940,800
72950,800
72960,800
72970,800
72980,800
72990,800
73000,800
73010,800
73020,800
73030,800
73040,800
73050,800
73060,800
73070,800
73080,800
73090,800
73100,800
73110,800
73120,800
73130,800
73140,800
73150,800
73160,800
73170,800
73180,800
73190,800
73200,800
73210,800
73220,800
73230,800
73240,800
73250,800
73260,800
73270,800
73280,800
73290,800
73300,800
73310,800
73320,800
73330,800
73340,800
73350,800
73360,800
73370,800
73380,800
73390,800
73400,800
73410,800
73420,800
73430,800
73440,800
73450,800
73460,800
73470,800
73480,800
73490,800
73500,800
73510,800
73520,800
73530,800
73540,800
73550,800
73560,800
73570,800
73580,800
73590,800
73600,800
73610,800
73620,800
73630,800
73640,800
73650,800
73660,800
73670,800
73680,800
73690,800
73700,800
73710,800
73720,800
73730,800
73740,800
73750,800
73760,800
73770,800
73780,800
73790,800
73800,800
73810,800
73820,800
73830,800
73840,800
73850,800
73860,800
73870,800
73880,800
73890,800
73900,800
73910,800
73920,800
73930,800
73940,800
73950,800
73960,800
73970,800
73980,800
73990,800
74000,800
74010,800
74020,800
74030,800
74040,800
74050,800
74060,800
74070,800
74080,800
74090,800
74100,800
74110,800
74120,800
74130,800
74140,800
74150,800
74160,800
74170,800
74180,800
74190,800
74200,800
74210,800
74220,800
74230,800
74240,800
74250,800
74260,800
74270,800
74280,800
74290,800
74300,800
74310,800
74320,800
74330,800
74340,800
74350,800
74360,800
74370,800
74380,800
74390,800
74400,800
74410,800
74420,800
74430,800
74440,800
74450,800
74460,800
74470,800
74480,800
74490,800
74500,800
74510,800
74520,800
74530,800
74540,800
74550,800
74560,800
74570,800
74580,800
74590,800
74600,800
74610,800
74620,800
74630,800
74640,800
74650,800
74660,800
74670,800
74680,800
74690,800
74700,800
74710,800
74720,800
74730,800
74740,800
74750,800
74760,800
74770,800
74780,800
74790,800
74800,800
74810,800
74820,800
74830,800
74840,800
74850,800
74860,800
74870,800
74880,800
74890,800
74900,800
74910,800
74920,800
74930,800
74940,800
74950,800
74960,800
74970,800
74980,800
74990,800
75000,800
75010,800
75020,800
75030,800
75040,800
75050,800
75060,800
75070,800
75080,800
75090,800
75100,800
75110,800
75120,800
75130,800
75140,800
75150,800
75160,800
75170,800
75180,800
75190,800
75200,800
75210,800
75220,800
75230,800
75240,800
75250,800
75260,800
75270,800
75280,800
75290,800
75300,800
75310,800
75320,800
75330,800
75340,800
75350,800
75360,800
75370,800
75380,800
75390,800
75400,800
75410,800
75420,800
75430,800
75440,800
75450,800
75460,800
75470,800
75480,800
75490,800
75500,800
75510,800
75520,800
75530,800
75540,800
75550,800
75560,800
75570,800
75580,800
75590,800
75600,800
75610,800
75620,800
75630,800
75640,800
75650,800
75660,800
75670,800
75680,800
75690,800
75700,800
75710,800
75720,800
75730,800
75740,800
75750,800
75760,800
75770,800
75780,800
75790,800
75800,800
75810,800
75820,800
75830,800
75840,800
75850,800
75860,800
75870,800
75880,800
75890,800
75900,800
75910,800
75920,800
75930,800
75940,800
75950,800
75960,800
75970,800
75980,800
75990,800
76000,800
76010,800
76020,800
76030,800
76040,800
76050,800
76060,800
76070,800
76080,800
76090,800
76100,800
76110,800
76120,800
76130,800
76140,800
76150,800
76160,800
76170,800
76180,800
76190,800
76200,800
76210,800
76220,800
76230,800
76240,800
76250,800
76260,800
76270,800
76280,800
76290,800
76300,800
76310,800
76320,800
76330,800
76340,800
76350,800
76360,800
76370,800
76380,800
76390,800
76400,800
76410,800
76420,800
76430,800
76440,800
76450,800
76460,800
76470,800
76480,800
76490,800
76500,800
76510,800
76520,800
76530,800
76540,800
76550,800
76560,800
76570,800
76580,800
76590,800
76600,800
76610,800
76620,800
76630,800
76640,800
76650,800
76660,800
76670,800
76680,800
76690,800
76700,800
76710,800
76720,800
76730,800
76740,800
76750,800
76760,800
76770,800
76780,800
76790,800
76800,800
76810,800
76820,800
76830,800
76840,800
76850,800
76860,800
76870,800
76880,800
76890,800
76900,800
76910,800
76920,800
76930,800
76940,800
76950,800
76960,800
76970,800
76980,800
76990,800
77000,800
77010,800
77020,800
77030,800
77040,800
77050,800
77060,800
77070,800
77080,800
77090,800
77100,800
77110,800
77120,800
77130,800
77140,800
77150,800
77160,800
77170,800
77180,800
77190,800
77200,800
77210,800
77220,800
77230,800
77240,800
77250,800
77260,800
77270,800
77280,800
77290,800
77300,800
77310,800
77320,800
77330,800
77340,800
77350,800
77360,800
77370,800
77380,800
77390,800
77400,800
77410,800
77420,800
77430,800
77440,800
77450,800
77460,800
77470,800
77480,800
77490,800
77500,800
77510,800
77520,800
77530,800
77540,800
77550,800
77560,800
77570,800
77580,800
77590,800
77600,800
77610,800
77620,800
77630,800
77640,800
77650,800
77660,800
77670,800
77680,800
77690,800
77700,800
77710,800
77720,800
77730,800
77740,800
77750,800
77760,800
77770,800
77780,800
77790,800
77800,800
77810,800
77820,800
77830,800
77840,800
77850,800
77860,800
77870,800
77880,800
77890,800
77900,800
77910,800
77920,800
77930,800
77940,800
77950,800
77960,800
77970,800
77980,800
77990,800
78000,800
78010,800
78020,800
78030,800
78040,800
78050,800
78060,800
78070,800
78080,800
78090,800
78100,800
78110,800
78120,800
78130,800
78140,800
78150,800
78160,800
78170,800
78180,800
78190,800
78200,800
78210,800
78220,800
78230,800
78240,800
78250,800
78260,800
78270,800
78280,800
78290,800
78300,800
78310,800
78320,800
78330,800
78340,800
78350,800
78360,800
78370,800
78380,800
78390,800
78400,800
78410,800
78420,800
78430,800
78440,800
78450,800
78460,800
78470,800
78480,800
78490,800
78500,800
78510,800
78520,800
78530,800
78540,800
78550,800
78560,800
78570,800
78580,800
78590,800
78600,800
78610,800
78620,800
78630,800
78640,800
78650,800
78660,800
78670,800
78680,800
78690,800
78700,800
78710,800
78720,800
78730,800
78740,800
78750,800
78760,800
78770,800
78780,800
78790,800
78800,800
78810,800
78820,800
78830,800
78840,800
78850,800
78860,800
78870,800
78880,800
78890,800
78900,800
78910,800
78920,800
78930,800
78940,800
78950,800
78960,800
78970,800
78980,800
78990,800
79000,800
79010,800
79020,800
79030,800
79040,800
79050,800
79060,800
79070,800
79080,800
79090,800
79100,800
79110,800
79120,800
79130,800
79140,800
79150,800
79160,800
79170,800
79180,800
79190,800
79200,800
79210,800
79220,800
79230,800
79240,800
79250,800
79260,800
79270,800
79280,800
79290,800
79300,800
79310,800
79320,800
79330,800
79340,800
79350,800
79360,800
79370,800
79380,800
79390,800
79400,800
79410,800
79420,800
79430,800
79440,800
79450,800
79460,800
79470,800
79480,800
79490,800
79500,800
79510,800
79520,800
79530,800
79540,800
79550,800
79560,800
79570,800
79580,800
79590,800
79600,800
79610,800
79620,800
79630,800
79640,800
79650,800
79660,800
79670,800
79680,800
79690,800
79700,800
79710,800
79720,800
79730,800
79740,800
79750,800
79760,800
79770,800
79780,800
79790,800
79800,800
79810,800
79820,800
79830,800
79840,800
79850,800
79860,800
79870,800
79880,800
79890,800
79900,800
79910,800
79920,800
79930,800
79940,800
79950,800
79960,800
79970,800
79980,800
79990,800
80000,800
80010,800
80020,800
80030,800
80040,800
80050,800
80060,800
80070,800
80080,800
80090,800
80100,800
80110,800
80120,800
80130,800
80140,800
80150,800
80160,800
80170,800
80180,800
80190,800
80200,800
80210,800
80220,800
80230,800
80240,800
80250,800
80260,800
80270,800
80280,800
80290,800
80300,800
80310,800
80320,800
80330,800
80340,800
80350,800
80360,800
80370,800
80380,800
80390,800
80400,800
80410,800
80420,800
80430,800
80440,800
80450,800
80460,800
80470,800
80480,800
80490,800
80500,800
80510,800
80520,800
80530,800
80540,800
80550,800
80560,800
80570,800
80580,800
80590,800
80600,800
80610,800
80620,800
80630,800
80640,800
80650,800
80660,800
80670,800
80680,800
80690,800
80700,800
80710,800
80720,800
80730,800
80740,800
80750,800
80760,800
80770,800
80780,800
80790,800
80800,800
80810,800
80820,800
80830,800
80840,800
80850,800
80860,800
80870,800
80880,800
80890,800
80900,800
80910,800
80920,800
80930,800
80940,800
80950,800
80960,800
80970,800
80980,800
80990,800
81000,800
81010,800
81020,800
81030,800
81040,800
81050,800
81060,800
81070,800
81080,800
81090,800
81100,800
81110,800
81120,800
81130,800
81140,800
81150,800
81160,800
81170,800
81180,800
81190,800
81200,800
81210,800
81220,800
81230,800
81240,800
81250,800
81260,800
81270,800
81280,800
81290,800
81300,800
81310,800
81320,800
81330,800
81340,800
81350,800
81360,800
81370,800
81380,800
81390,800
81400,800
81410,800
81420,800
81430,800
81440,800
81450,800
81460,800
81470,800
81480,800
81490,800
81500,800
81510,800
81520,800
81530,800
81540,800
81550,800
81560,800
81570,800
81580,800
81590,800
81600,800
81610,800
81620,800
81630,800
81640,800
81650,800
81660,800
81670,800
81680,800
81690,800
81700,800
81710,800
81720,800
81730,800
81740,800
81750,800
81760,800
81770,800
81780,800
81790,800
81800,800
81810,800
81820,800
81830,800
81840,800
81850,800
81860,800
81870,800
81880,800
81890,800
81900,800
81910,800
81920,800
81930,800
81940,800
81950,800
81960,800
81970,800
81980,800
81990,800
82000,800
82010,800
82020,800
82030,800
82040,800
82050,800
82060,800
82070,800
82080,800
82090,800
82100,800
82110,800
82120,800
82130,800
82140,800
82150,800
82160,800
82170,800
82180,800
82190,800
82200,800
82210,800
82220,800
82230,800
82240,800
82250,800
82260,800
82270,800
82280,800
82290,800
82300,800
82310,800
82320,800
82330,800
82340,800
82350,800
82360,800
82370,800
82380,800
82390,800
82400,800
82410,800
82420,800
82430,800
82440,800
82450,800
82460,800
82470,800
82480,800
82490,800
82500,800
82510,800
82520,800
82530,800
82540,800
82550,800
82560,800
82570,800
82580,800
82590,800
82600,800
82610,800
82620,800
82630,800
82640,800
82650,800
82660,800
82670,800
82680,800
82690,800
82700,800
82710,800
82720,800
82730,800
82740,800
82750,800
82760,800
82770,800
82780,800
82790,800
82800,800
82810,800
82820,800
82830,800
82840,800
82850,800
82860,800
82870,800
82880,800
82890,800
82900,800
82910,800
82920,800
82930,800
82940,800
82950,800
82960,800
82970,800
82980,800
82990,800
83000,800
83010,800
83020,800
83030,800
83040,800
83050,800
83060,800
83070,800
83080,800
83090,800
83100,800
83110,800
83120,800
83130,800
83140,800
83150,800
83160,800
83170,800
83180,800
83190,800
83200,800
83210,800
83220,800
83230,800
83240,800
83250,800
83260,800
83270,800
83280,800
83290,800
83300,800
83310,800
83320,800
83330,800
83340,800
83350,800
83360,800
83370,800
83380,800
83390,800
83400,800
83410,800
83420,800
83430,800
83440,800
83450,800
83460,800
83470,800
83480,800
83490,800
83500,800
83510,800
83520,800
83530,800
83540,800
83550,800
83560,800
83570,800
83580,800
83590,800
83600,800
83610,800
83620,800
83630,800
83640,800
83650,800
83660,800
83670,800
83680,800
83690,800
83700,800
83710,800
83720,800
83730,800
83740,800
83750,800
83760,800
83770,800
83780,800
83790,800
83800,800
83810,800
83820,800
83830,800
83840,800
83850,800
83860,800
83870,800
83880,800
83890,800
83900,800
83910,800
83920,800
83930,800
83940,800
83950,800
83960,800
83970,800
83980,800
83990,800
84000,800
84010,800
84020,800
84030,800
84040,800
84050,800
84060,800
84070,800
84080,800
84090,800
84100,800
84110,800
84120,800
84130,800
84140,800
84150,800
84160,800
84170,800
84180,800
84190,800
84200,800
84210,800
84220,800
84230,800
84240,800
84250,800
84260,800
84270,800
84280,800
84290,800
84300,800
84310,800
84320,800
84330,800
84340,800
84350,800
84360,800
84370,800
84380,800
84390,800
84400,800
84410,800
84420,800
84430,800
84440,800
84450,800
84460,800
84470,800
84480,800
84490,800
84500,800
84510,800
84520,800
84530,800
84540,800
84550,800
84560,800
84570,800
84580,800
84590,800
84600,800
84610,800
84620,800
84630,800
84640,800
84650,800
84660,800
84670,800
84680,800
84690,800
84700,800
84710,800
84720,800
84730,800
84740,800
84750,800
84760,800
84770,800
84780,800
84790,800
84800,800
84810,800
84820,800
84830,800
84840,800
84850,800
84860,800
84870,800
84880,800
84890,800
84900,800
84910,800
84920,800
84930,800
84940,800
84950,800
84960,800
84970,800
84980,800
84990,800
85000,800
85010,800
85020,800
85030,800
85040,800
85050,800
85060,800
85070,800
85080,800
85090,800
85100,800
85110,800
85120,800
85130,800
85140,800
85150,800
85160,800
85170,800
85180,800
85190,800
85200,800
85210,800
85220,800
85230,800
85240,800
85250,800
85260,800
85270,800
85280,800
85290,800
85300,800
85310,800
85320,800
85330,800
85340,800
85350,800
85360,800
85370,800
85380,800
85390,800
85400,800
85410,800
85420,800
85430,800
85440,800
85450,800
85460,800
85470,800
85480,800
85490,800
85500,800
85510,800
85520,800
85530,800
85540,800
85550,800
85560,800
85570,800
85580,800
85590,800
85600,800
85610,800
85620,800
85630,800
85640,800
85650,800
85660,800
85670,800
85680,800
85690,800
85700,800
85710,800
85720,800
85730,800
85740,800
85750,800
85760,800
85770,800
85780,800
85790,800
85800,800
85810,800
85820,800
85830,800
85840,800
85850,800
85860,800
85870,800
85880,800
85890,800
85900,800
85910,800
85920,800
85930,800
85940,800
85950,800
85960,800
85970,800
85980,800
85990,800
86000,800
86010,800
86020,800
86030,800
86040,800
86050,800
86060,800
86070,800
86080,800
86090,800
86100,800
86110,800
86120,800
86130,800
86140,800
86150,800
86160,800
86170,800
86180,800
86190,800
86200,800
86210,800
86220,800
86230,800
86240,800
86250,800
86260,800
86270,800
86280,800
86290,800
86300,800
86310,800
86320,800
86330,800
86340,800
86350,800
86360,800
86370,800
86380,800
86390,800
