distance,TargetSpeed
0,10
100,10
200,10
300,10
400,10
500,10
600,10
700,10
800,10
900,10
1000,10
1100,10
1200,10
1300,10
1400,10
1500,10
1600,10
1700,10
1800,10
1900,10
2000,10
2100,10
2200,10
2300,10
2400,10
2500,10
2600,10
2700,10
2800,10
2900,10
3000,10
3100,10
3200,10
3300,10
3400,10
3500,10
3600,10
3700,10
3800,10
3900,10
4000,10
4100,10
4200,10
4300,10
4400,10
4500,10
4600,10
4700,10
4800,10
4900,10
5000,10
5100,10
5200,10
5300,10
5400,10
5500,10
5600,10
5700,10
5800,10
5900,10
6000,10
6100,10
6200,10
6300,10
6400,10
6500,10
6600,10
6700,10
6800,10
6900,10
7000,10
7100,10
7200,10
7300,10
7400,10
7500,10
7600,10
7700,10
7800,10
7900,10
8000,10
8100,10
8200,10
8300,10
8400,10
8500,10
8600,10
8700,10
8800,10
8900,10
9000,10
9100,10
9200,10
9300,10
9400,10
9500,10
9600,10
9700,10
9800,10
9900,10
10000,10
10100,10
10200,10
10300,10
10400,10
10500,10
10600,10
10700,10
10800,10
10900,10
11000,10
11100,10
11200,10
11300,10
11400,10
11500,10
11600,10
11700,10
11800,10
11900,10
12000,10
12100,10
12200,10
12300,10
12400,10
12500,10
12600,10
12700,10
12800,10
12900,10
13000,10
13100,10
13200,10
13300,10
13400,10
13500,10
13600,10
13700,10
13800,10
13900,10
14000,10
14100,10
14200,10
14300,10
14400,10
14500,10
14600,10
14700,10
14800,10
14900,10
15000,10
15100,10
15200,10
15300,10
15400,10
15500,10
15600,10
15700,10
15800,10
15900,10
16000,10
16100,10
16200,10
16300,10
16400,10
16500,10
16600,10
16700,10
16800,10
16900,10
17000,10
17100,10
17200,10
17300,10
17400,10
17500,10
17600,10
17700,10
17800,10
17900,10
18000,10
18100,10
18200,10
18300,10
18400,10
18500,10
18600,10
18700,10
18800,10
18900,10
19000,10
19100,10
19200,10
19300,10
19400,10
19500,10
19600,10
19700,10
19800,10
19900,10
20000,10
20100,10
20200,10
20300,10
20400,10
20500,10
20600,10
20700,10
20800,10
20900,10
21000,10
21100,10
21200,10
21300,10
21400,10
21500,10
21600,10
21700,10
21800,10
21900,10
22000,10
22100,10
22200,10
22300,10
22400,10
22500,10
22600,10
22700,10
22800,10
22900,10
23000,10
23100,10
23200,10
23300,10
23400,10
23500,10
23600,10
23700,10
23800,10
23900,10
24000,10
24100,10
24200,10
24300,10
24400,10
24500,10
24600,10
24700,10
24800,10
24900,10
25000,10
25100,10
25200,10
25300,10
25400,10
25500,10
25600,10
25700,10
25800,10
25900,10
26000,10
26100,10
26200,10
26300,10
26400,10
26500,10
26600,10
26700,10
26800,10
26900,10
27000,10
27100,10
27200,10
27300,10
27400,10
27500,10
27600,10
27700,10
27800,10
27900,10
28000,10
28100,10
28200,10
28300,10
28400,10
28500,10
28600,10
28700,10
28800,10
28900,10
29000,10
29100,10
29200,10
29300,10
29400,10
29500,10
29600,10
29700,10
29800,10
29900,10
30000,10
30100,10
30200,10
30300,10
30400,10
30500,10
30600,10
30700,10
30800,10
30900,10
31000,10
31100,10
31200,10
31300,10
31400,10
31500,10
31600,10
31700,10
31800,10
31900,10
32000,10
32100,10
32200,10
32300,10
32400,10
32500,10
32600,10
32700,10
32800,10
32900,10
33000,10
33100,10
33200,10
33300,10
33400,10
33500,10
33600,10
33700,10
33800,10
33900,10
34000,10
34100,10
34200,10
34300,10
34400,10
34500,10
34600,10
34700,10
34800,10
34900,10
35000,10
35100,10
35200,10
35300,10
35400,10
35500,10
35600,10
35700,10
35800,10
35900,10
36000,10
36100,10
36200,10
36300,10
36400,10
36500,10
36600,10
36700,10
36800,10
36900,10
37000,10
37100,10
37200,10
37300,10
37400,10
37500,10
37600,10
37700,10
37800,10
37900,10
38000,10
38100,10
38200,10
38300,10
38400,10
38500,10
38600,10
38700,10
38800,10
38900,10
39000,10
39100,10
39200,10
39300,10
39400,10
39500,10
39600,10
39700,10
39800,10
39900,10
40000,10
40100,10
40200,10
40300,10
40400,10
40500,10
40600,10
40700,10
40800,10
40900,10
41000,10
41100,10
41200,10
41300,10
41400,10
41500,10
41600,10
41700,10
41800,10
41900,10
42000,10
42100,10
42200,10
42300,10
42400,10
42500,10
42600,10
42700,10
42800,10
42900,10
43000,10
43100,10
43200,10
43300,10
43400,10
43500,10
43600,10
43700,10
43800,10
43900,10
44000,10
44100,10
44200,10
44300,10
44400,10
44500,10
44600,10
44700,10
44800,10
44900,10
45000,10
45100,10
45200,10
45300,10
45400,10
45500,10
45600,10
45700,10
45800,10
45900,10
46000,10
46100,10
46200,10
46300,10
46400,10
46500,10
46600,10
46700,10
46800,10
46900,10
47000,10
47100,10
47200,10
47300,10
47400,10
47500,10
47600,10
47700,10
47800,10
47900,10
48000,10
48100,10
48200,10
48300,10
48400,10
48500,10
48600,10
48700,10
48800,10
48900,10
49000,10
49100,10
49200,10
49300,10
49400,10
49500,10
49600,10
49700,10
49800,10
49900,10
50000,10
50100,10
50200,10
50300,10
50400,10
50500,10
50600,10
50700,10
50800,10
50900,10
51000,10
51100,10
51200,10
51300,10
51400,10
51500,10
51600,10
51700,10
51800,10
51900,10
52000,10
52100,10
52200,10
52300,10
52400,10
52500,10
52600,10
52700,10
52800,10
52900,10
53000,10
53100,10
53200,10
53300,10
53400,10
53500,10
53600,10
53700,10
53800,10
53900,10
54000,10
54100,10
54200,10
54300,10
54400,10
54500,10
54600,10
54700,10
54800,10
54900,10
55000,10
55100,10
55200,10
55300,10
55400,10
55500,10
55600,10
55700,10
55800,10
55900,10
56000,10
56100,10
56200,10
56300,10
56400,10
56500,10
56600,10
56700,10
56800,10
56900,10
57000,10
57100,10
57200,10
57300,10
57400,10
57500,10
57600,10
57700,10
57800,10
57900,10
58000,10
58100,10
58200,10
58300,10
58400,10
58500,10
58600,10
58700,10
58800,10
58900,10
59000,10
59100,10
59200,10
59300,10
59400,10
59500,10
59600,10
59700,10
59800,10
59900,10
60000,10
60100,10
60200,10
60300,10
60400,10
60500,10
60600,10
60700,10
60800,10
60900,10
61000,10
61100,10
61200,10
61300,10
61400,10
61500,10
61600,10
61700,10
61800,10
61900,10
62000,10
62100,10
62200,10
62300,10
62400,10
62500,10
62600,10
62700,10
62800,10
62900,10
63000,10
63100,10
63200,10
63300,10
63400,10
63500,10
63600,10
63700,10
63800,10
63900,10
64000,10
64100,10
64200,10
64300,10
64400,10
64500,10
64600,10
64700,10
64800,10
64900,10
65000,10
65100,10
65200,10
65300,10
65400,10
65500,10
65600,10
65700,10
65800,10
65900,10
66000,10
66100,10
66200,10
66300,10
66400,10
66500,10
66600,10
66700,10
66800,10
66900,10
67000,10
67100,10
67200,10
67300,10
67400,10
67500,10
67600,10
67700,10
67800,10
67900,10
68000,10
68100,10
68200,10
68300,10
68400,10
68500,10
68600,10
68700,10
68800,10
68900,10
69000,10
69100,10
69200,10
69300,10
69400,10
69500,10
69600,10
69700,10
69800,10
69900,10
70000,10
70100,10
70200,10
70300,10
70400,10
70500,10
70600,10
70700,10
70800,10
70900,10
71000,10
71100,10
71200,10
71300,10
71400,10
71500,10
71600,10
71700,10
71800,10
71900,10
72000,10
72100,10
72200,10
72300,10
72400,10
72500,10
72600,10
72700,10
72800,10
72900,10
73000,10
73100,10
73200,10
73300,10
73400,10
73500,10
73600,10
73700,10
73800,10
73900,10
74000,10
74100,10
74200,10
74300,10
74400,10
74500,10
74600,10
74700,10
74800,10
74900,10
75000,10
75100,10
75200,10
75300,10
75400,10
75500,10
75600,10
75700,10
75800,10
75900,10
76000,10
76100,10
76200,10
76300,10
76400,10
76500,10
76600,10
76700,10
76800,10
76900,10
77000,10
77100,10
77200,10
77300,10
77400,10
77500,10
77600,10
77700,10
77800,10
77900,10
78000,10
78100,10
78200,10
78300,10
78400,10
78500,10
78600,10
78700,10
78800,10
78900,10
79000,10
79100,10
79200,10
79300,10
79400,10
79500,10
79600,10
79700,10
79800,10
79900,10
80000,10
80100,10
80200,10
80300,10
80400,10
80500,10
80600,10
80700,10
80800,10
80900,10
81000,10
81100,10
81200,10
81300,10
81400,10
81500,10
81600,10
81700,10
81800,10
81900,10
82000,10
82100,10
82200,10
82300,10
82400,10
82500,10
82600,10
82700,10
82800,10
82900,10
83000,10
83100,10
83200,10
83300,10
83400,10
83500,10
83600,10
83700,10
83800,10
83900,10
84000,10
84100,10
84200,10
84300,10
84400,10
84500,10
84600,10
84700,10
84800,10
84900,10
85000,10
85100,10
85200,10
85300,10
85400,10
85500,10
85600,10
85700,10
85800,10
85900,10
86000,10
86100,10
86200,10
86300,10
86400,10
86500,10
86600,10
86700,10
86800,10
86900,10
87000,10
87100,10
87200,10
87300,10
87400,10
87500,10
87600,10
87700,10
87800,10
87900,10
88000,10
88100,10
88200,10
88300,10
88400,10
88500,10
88600,10
88700,10
88800,10
88900,10
89000,10
89100,10
89200,10
89300,10
89400,10
89500,10
89600,10
89700,10
89800,10
89900,10
90000,10
90100,10
90200,10
90300,10
90400,10
90500,10
90600,10
90700,10
90800,10
90900,10
91000,10
91100,10
91200,10
91300,10
91400,10
91500,10
91600,10
91700,10
91800,10
91900,10
92000,10
92100,10
92200,10
92300,10
92400,10
92500,10
92600,10
92700,10
92800,10
92900,10
93000,10
93100,10
93200,10
93300,10
93400,10
93500,10
93600,10
93700,10
93800,10
93900,10
94000,10
94100,10
94200,10
94300,10
94400,10
94500,10
94600,10
94700,10
94800,10
94900,10
95000,10
95100,10
95200,10
95300,10
95400,10
95500,10
95600,10
95700,10
95800,10
95900,10
96000,10
96100,10
96200,10
96300,10
96400,10
96500,10
96600,10
96700,10
96800,10
96900,10
97000,10
97100,10
97200,10
97300,10
97400,10
97500,10
97600,10
97700,10
97800,10
97900,10
98000,10
98100,10
98200,10
98300,10
98400,10
98500,10
98600,10
98700,10
98800,10
98900,10
99000,10
99100,10
99200,10
99300,10
99400,10
99500,10
99600,10
99700,10
99800,10
99900,10
