Time,SOC [-],Control Signal [A],Target Speed [m/s],Motor Control Signal [A],Air Density [kg/m^3],Irradiance [W/m^2],Surface Grade,Net Force [N],Normal Force [N],Parallel Gravitational Force [N],Motor Propulsion Force [N],Resistive Forces [N],Drag Force [N],Rolling Resistance [N],Solar Power [W],Acceleration [m/s^2],Position [m],Velocity [m/s]
0 sec,1,25,10,25,1,19.7859162439546,0,98.7831066571224,2776.19350329783,-0,98.7831066571224,-0,0,6.94048375824458,100,0.349061502793384,0,0
3.7322e-30 sec,1,25,NaN,25,NaN,19.7859162439546,0,91.8426228988778,2776.19350329783,-0,98.7831066571224,-6.94048375824458,2.54579444173646e-61,6.94048375824458,NaN,0.324536502793384,2.43108489608435e-60,1.3027648653886e-30
0.00020095 sec,0.999999983215556,25.0000379103432,NaN,25.0000379103432,NaN,19.7859163604869,0,91.8427902000259,2776.19350329783,-0,98.7832739589084,-6.94048375888254,6.3796834163072e-10,6.94048375824458,NaN,0.32453709397129,6.55260205846309e-09,6.52159664310676e-05
0.0012057 sec,0.999999899292938,25.0002274379467,NaN,25.0002274379467,NaN,19.7859169431486,0,91.843626581769,2776.19350329783,-0,98.7841103629806,-6.94048378121164,2.29670694629281e-08,6.94048375824458,NaN,0.324540049422663,2.35894390235596e-07,0.000391297580390578
0.0062295 sec,0.999999479669936,25.001174473202,NaN,25.001174473202,NaN,19.7859198564572,0,91.8478054059542,2776.19350329783,-0,98.7882897773198,-6.94048437136564,6.13121064097605e-07,6.94048375824458,NaN,0.324554815779982,6.29716524323637e-06,0.00202175017265999
0.031348 sec,0.999997381307609,25.0058945863374,NaN,25.0058945863374,NaN,19.7859344230003,0,91.8686224261475,2776.19350329783,-0,98.8091217143624,-6.94049928821491,1.55299703300507e-05,6.94048375824458,NaN,0.324628375122245,0.000159479103265008,0.0101751233670001
0.15694 sec,0.999986883380896,25.0291193140399,NaN,25.0291193140399,NaN,19.7860072557155,0,91.9707818660745,2776.19350329783,-0,98.9116553061544,-6.94087344007994,0.000389681835359723,6.94048375824458,NaN,0.324989367288134,0.00399870653306843,0.0509693918189942
0.78491 sec,0.999934249280429,25.1359400208534,NaN,25.1359400208534,NaN,19.7863714192915,0,92.4336788325512,2776.19350329783,-0,99.3839608987688,-6.95028206621755,0.00979830797297257,6.94048375824458,NaN,0.326625067118043,0.100197675906872,0.255581793469626
3.9248 sec,0.999668478205654,25.4493277957111,NaN,25.4493277957111,NaN,19.7881922371718,0,93.586801507495,2776.19350329783,-0,100.776625535747,-7.18982402825197,0.249340270007394,6.94048375824458,NaN,0.330699759111868,2.52219745943935,1.28928990794001
12.612 sec,0.9989350189117,24.7353305358347,NaN,24.7353305358347,NaN,19.7932298371213,0,88.1476956480912,2776.19350329783,-0,97.6185094635327,-9.47081381544145,2.53033005719687,6.94048375824458,NaN,0.311480051113356,26.0845734251456,4.10717263430443
26.025 sec,0.997908575877261,20.870137188376,NaN,20.870137188376,NaN,19.8010084886537,0,65.0192543551515,2776.19350329783,-0,81.0393359681893,-16.0200816130378,9.07959785479323,6.94048375824458,NaN,0.229753035754298,107.048966416402,7.78014475220662
43.954 sec,0.996870052092782,14.435154894025,NaN,14.435154894025,NaN,19.8114055124038,0,29.7802137531249,2776.19350329783,-0,54.0487694312615,-24.2685556781366,17.328071919892,6.94048375824458,NaN,0.105231820682211,276.489817380428,10.7480453788559
64.983 sec,0.996113028352731,8.66555753438752,NaN,8.66555753438752,NaN,19.8236003639847,0,2.51759546599997,2776.19350329783,-0,30.4494264202799,-27.9318309542799,20.9913471960353,6.94048375824458,NaN,0.00889621400385871,517.434562514425,11.829721663684
91.567 sec,0.995587679012929,5.25840630416536,NaN,5.25840630416536,NaN,19.8390162882348,0,-9.18410962655162,2776.19350329783,-0,17.2090439030795,-26.3931535296311,19.4526697713865,6.94048375824458,NaN,-0.0324531108258292,828.386956099356,11.3879087255991
121.61 sec,0.995173081598517,4.96600100228079,NaN,4.96600100228079,NaN,19.8564386095214,0,-7.30562359228386,2776.19350329783,-0,15.963559647714,-23.2691832399979,16.3286994817533,6.94048375824458,NaN,-0.0258152637253744,1155.6054438915,10.4335035604068
151.35 sec,0.994716697474836,5.78015648716063,NaN,5.78015648716063,NaN,19.8736861523601,0,-2.2863682443903,2776.19350329783,-0,19.4716774797496,-21.7580457241399,14.8175619658953,6.94048375824458,NaN,-0.00807914594239384,1457.2468340522,9.93900127977163
183.08 sec,0.994146963422833,6.3689610558611,NaN,6.3689610558611,NaN,19.8920833871537,0,0.36127560917274,2776.19350329783,-0,21.8875245649585,-21.5262489557858,14.5857651975412,6.94048375824458,NaN,0.0012766090410393,1770.55587056783,9.86095505771497
225.06 sec,0.993339928657508,6.51159165603387,NaN,6.51159165603387,NaN,19.9164306048186,0,0.625093164065252,2776.19350329783,-0,22.4405450565213,-21.815451892456,14.8749681342115,6.94048375824458,NaN,0.00220883880471435,2186.54628171232,9.9582354977213
278.99 sec,0.992308712892311,6.40051787093149,NaN,6.40051787093149,NaN,19.9477063845079,0,0.0321636746475455,2776.19350329783,-0,22.0107977950275,-21.97863412038,15.0381503621354,6.94048375824458,NaN,0.000113654054703899,2725.62155105742,10.0127087118107
330.96 sec,0.991328222253078,6.37074767912514,NaN,6.37074767912514,NaN,19.9778412593542,0,-0.0604569961619816,2776.19350329783,-0,21.8945184047068,-21.9549754008688,15.0144916426242,6.94048375824458,NaN,-0.000213631770135806,3245.76858629791,10.0048293813952
406.13 sec,0.989910030160926,6.37805883580965,NaN,6.37805883580965,NaN,20.0214331078988,0,-0.0175979873483136,2776.19350329783,-0,21.9231199690542,-21.9407179564026,15.000234198158,6.94048375824458,NaN,-6.21845183636814e-05,3997.5215952275,10.0000780657479
486.53 sec,0.988392213392258,6.38134745080968,NaN,6.38134745080968,NaN,20.0680573843594,0,-0.00282876371291252,2776.19350329783,-0,21.9359755801241,-21.9388043438371,14.9983205855925,6.94048375824458,NaN,-9.99576290006712e-06,4801.50384177049,9.99944017952755
582.69 sec,0.986576744644356,6.38199448082702,NaN,6.38199448082702,NaN,20.1238217014454,0,0.00178731903015006,2776.19350329783,-0,21.9385042042898,-21.9367168852596,14.9962331270151,6.94048375824458,NaN,6.31569797456264e-06,5763.12680678645,9.99874429683216
700.55 sec,0.984353030928731,6.38712641534614,NaN,6.38712641534614,NaN,20.1921664694092,0,0.0444349242077529,2776.19350329783,-0,21.9585519345904,-21.9141170103827,14.9736332521381,6.94048375824458,NaN,0.000157015930611553,6941.81598962985,9.99120721839561
781.23 sec,0.982828773967457,6.38973070254016,NaN,6.38973070254016,NaN,20.2389552365028,0,0.0389619093615465,2776.19350329783,-0,21.9687200009222,-21.9297580915607,14.9892743333161,6.94048375824458,NaN,0.000137676401296501,7748.49522162272,9.99642413843273
861.91 sec,0.981304802777767,6.38666831724759,NaN,6.38666831724759,NaN,20.2857440035964,0,0.0184375858326717,2776.19350329783,-0,21.9567629741003,-21.9383253882676,14.9978416300231,6.94048375824458,NaN,6.51513364625527e-05,8555.29013386575,9.99928051745826
950.77 sec,0.979626948913308,6.38575251002174,NaN,6.38575251002174,NaN,20.3372721190676,0,0.0124264930100999,2776.19350329783,-0,21.9531862290941,-21.940759736084,15.0002759778394,6.94048375824458,NaN,4.39104465464208e-05,9443.84105934888,10.00009199219
1047.5 sec,0.977799639403414,6.38629359035982,NaN,6.38629359035982,NaN,20.3933907333877,0,0.0116131480995136,2776.19350329783,-0,21.9552995094974,-21.9436863613979,15.0032026031533,6.94048375824458,NaN,4.10363984790317e-05,10411.532878392,10.001067477409
1146.4 sec,0.975931904265273,6.38613301188738,NaN,6.38613301188738,NaN,20.4507431517007,0,0.00437448640756699,2776.19350329783,-0,21.9546723596049,-21.9502978731974,15.0098141149528,6.94048375824458,NaN,1.54577523530889e-05,11400.4770021442,10.0032708367323
1240.2 sec,0.974161018304348,6.38200216813638,NaN,6.38200216813638,NaN,20.505118411365,0,-0.017743019226419,2776.19350329783,-0,21.9385342453611,-21.9562772645875,15.015793506343,6.94048375824458,NaN,-6.26970052355522e-05,12338.127332884,10.0052631170942
1332 sec,0.972427826294303,6.37605148732998,NaN,6.37605148732998,NaN,20.5583412844739,0,-0.0436100139802988,2776.19350329783,-0,21.9152700694108,-21.9588800833911,15.0183963251465,6.94048375824458,NaN,-0.00015410101516286,13255.9519862578,10.0061302293966
1422.5 sec,0.970717938996882,6.37048235856936,NaN,6.37048235856936,NaN,20.6108593053444,0,-0.0634704962151069,2776.19350329783,-0,21.8934799041858,-21.9569504004009,15.0164666421563,6.94048375824458,NaN,-0.000224280320204827,14161.6559476461,10.0054873751545
1515.3 sec,0.968966038076033,6.36332651567353,NaN,6.36332651567353,NaN,20.664671629963,0,-0.0886879102331584,2776.19350329783,-0,21.8654562238462,-21.9541441340793,15.0136603758348,6.94048375824458,NaN,-0.000313388961667758,15089.7023345792,10.0045524223841
1594.1 sec,0.967480837650471,6.37497005430966,NaN,6.37497005430966,NaN,20.7103287394059,0,-0.027890634863553,2776.19350329783,-0,21.9110401179693,-21.9389307528328,14.9984469945882,6.94048375824458,NaN,-9.85547756978893e-05,15877.0337984799,9.99948231812968
1666.2 sec,0.966119253112605,6.38258971853553,NaN,6.38258971853553,NaN,20.7521572588081,0,0.00337544988717653,2776.19350329783,-0,21.9408302185371,-21.9374547686499,14.9969710104053,6.94048375824458,NaN,1.19275415614462e-05,16598.2700081821,9.99899028582564
1754.3 sec,0.964455562929649,6.38352024101143,NaN,6.38352024101143,NaN,20.8032555281835,0,0.00665692106418447,2776.19350329783,-0,21.9444660386917,-21.9378091176275,14.9973253593829,6.94048375824458,NaN,2.35229985093167e-05,17479.407444282,9.9991084133813
1881.2 sec,0.962061423900044,6.39801915812018,NaN,6.39801915812018,NaN,20.8768394639896,0,0.0835981405924322,2776.19350329783,-0,22.0010565941687,-21.9174584535762,14.9769746953317,6.94048375824458,NaN,0.000295403673496667,18748.3295441071,9.99232195082192
1957.2 sec,0.960625841825705,6.38859516583433,NaN,6.38859516583433,NaN,20.9208845643758,0,0.0251842491080545,2776.19350329783,-0,21.964286914805,-21.939102665697,14.9986189074524,6.94048375824458,NaN,8.89914494276195e-05,19507.7666533221,9.99953962522022
2033.1 sec,0.959191462635506,6.38341811520254,NaN,6.38341811520254,NaN,20.964929664762,0,0.00180268879889312,2776.19350329783,-0,21.9440670268071,-21.9422643380082,15.0017805797637,6.94048375824458,NaN,6.37000882544183e-06,20267.3153878867,10.0005935089752
2124.6 sec,0.957463320124243,6.38256549235155,NaN,6.38256549235155,NaN,21.0180050433636,0,-0.00240573431361568,2776.19350329783,-0,21.9407355531374,-21.943141287451,15.0026575292064,6.94048375824458,NaN,-8.50093971783133e-06,21182.5600036858,10.0008858038364
2249 sec,0.955114276931407,6.37624205039923,NaN,6.37624205039923,NaN,21.0901059119881,0,-0.0490350703748703,2776.19350329783,-0,21.9160153771064,-21.9650504474813,15.0245666892367,6.94048375824458,NaN,-0.000173271077756669,22425.7638382463,10.0081855462539
2331 sec,0.95356636109318,6.37416235404951,NaN,6.37416235404951,NaN,21.1376733029957,0,-0.0435370530709704,2776.19350329783,-0,21.9078804327416,-21.9514174858126,15.010933727568,6.94048375824458,NaN,-0.000153843199373124,23246.160634415,10.0036439119513
2413 sec,0.952018249374444,6.37698396344001,NaN,6.37698396344001,NaN,21.1852406940033,0,-0.024131380152447,2776.19350329783,-0,21.9189168692445,-21.9430482493969,15.0025644911524,6.94048375824458,NaN,-8.52710155161359e-05,24066.4646046213,10.0008547938505
2498.7 sec,0.950401551601628,6.37914134139757,NaN,6.37914134139757,NaN,21.2349040077854,0,-0.0123538320415122,2776.19350329783,-0,21.9273522755628,-21.9397061076043,14.9992223493597,6.94048375824458,NaN,-4.3653690631893e-05,24922.8758886933,9.99974077976015
2590.2 sec,0.948673155648578,6.38007717064153,NaN,6.38007717064153,NaN,21.2879948688251,0,-0.00633655012572731,2776.19350329783,-0,21.9310105983957,-21.9373471485214,14.9968633902768,6.94048375824458,NaN,-2.23909308409315e-05,25838.3965691558,9.99895440876256
2688.9 sec,0.946809922573274,6.38093901987497,NaN,6.38093901987497,NaN,21.3452328663392,0,0.00262143532616932,2776.19350329783,-0,21.9343792948092,-21.931757859483,14.9912741012385,6.94048375824458,NaN,9.26314412852445e-06,26825.4590420394,9.99709094394913
2790 sec,0.944902655070895,6.38595303885866,NaN,6.38595303885866,NaN,21.4038414224134,0,0.0359555600734822,2776.19350329783,-0,21.9539694466834,-21.9180138866099,14.9775301283653,6.94048375824458,NaN,0.000127053119280721,27836.182209849,9.99250723571261
2885 sec,0.943109328187519,6.39623869240412,NaN,6.39623869240412,NaN,21.4589473548476,0,0.0850129539981701,2776.19350329783,-0,21.9941134167414,-21.9091004627432,14.9686167044986,6.94048375824458,NaN,0.00030040307987587,28786.4124084175,9.98953342403893
2971.2 sec,0.941481152285179,6.39677200529799,NaN,6.39677200529799,NaN,21.5089313788126,0,0.0721217072063922,2776.19350329783,-0,21.9961933252022,-21.9240716179958,14.9835878597512,6.94048375824458,NaN,0.000254850372228829,29648.217619952,9.99452778932926
3050.5 sec,0.939982010557603,6.38862920240654,NaN,6.38862920240654,NaN,21.5549420185883,0,0.0251718366504825,2776.19350329783,-0,21.9644198018827,-21.9392479652323,14.9987642069877,6.94048375824458,NaN,8.89475885769127e-05,30441.5900419957,9.99958806051119
3128.1 sec,0.938518054736758,6.38364485375997,NaN,6.38364485375997,NaN,21.5998958774554,0,0.00263230200999587,2776.19350329783,-0,21.9449529005303,-21.9423205985203,15.0018368402757,6.94048375824458,NaN,9.30154280938435e-06,31216.8084209311,10.0006122613487
3219.2 sec,0.936797551474997,6.38270925429042,NaN,6.38270925429042,NaN,21.6527364250164,0,-0.00197022902819555,2776.19350329783,-0,21.9412973058371,-21.9432675348653,15.0027837766207,6.94048375824458,NaN,-6.96203155278575e-06,32128.0038056922,10.0009278824919
3339 sec,0.934534070166648,6.37815233599619,NaN,6.37815233599619,NaN,21.7222185427358,0,-0.0376319893343151,2776.19350329783,-0,21.9234855550956,-21.96111754443,15.0206337861854,6.94048375824458,NaN,-0.00013297697546338,33326.0654651209,10.0068755650587
3423.3 sec,0.932943477276573,6.37499396058856,NaN,6.37499396058856,NaN,21.7710865920552,0,-0.0410506944057936,2776.19350329783,-0,21.9111336331394,-21.9521843275452,15.0117005693006,6.94048375824458,NaN,-0.000145057364208388,34168.8627460336,10.0038994294894
3507.5 sec,0.931352907162599,6.37606574321562,NaN,6.37606574321562,NaN,21.8199546413747,0,-0.0295788532850025,2776.19350329783,-0,21.9153258261,-21.944904679385,15.0044209211405,6.94048375824458,NaN,-0.000104520290239562,35011.6039694185,10.0014735318154
3595.2 sec,0.929698912022879,6.37731651358594,NaN,6.37731651358594,NaN,21.870764257887,0,-0.0207185399353058,2776.19350329783,-0,21.9202173162228,-21.9409358561581,15.0004520979135,6.94048375824458,NaN,-7.32113509104864e-05,35887.7966341836,10.000150698169
3683.9 sec,0.928023067636199,6.37902937869515,NaN,6.37902937869515,NaN,21.922243062951,0,-0.011047144439047,2776.19350329783,-0,21.9269145613728,-21.9379617058119,14.9974779475673,6.94048375824458,NaN,-3.90363592517292e-05,36775.5160258432,9.9991592805153
3775.5 sec,0.926294806054685,6.38068571037569,NaN,6.38068571037569,NaN,21.9753310906469,0,-0.0017887128162748,2776.19350329783,-0,21.9333892305298,-21.9351779433461,14.9946941851015,6.94048375824458,NaN,-6.32062307861877e-06,37690.9841842563,9.99823123860799
3872.6 sec,0.924461812476221,6.3830902101716,NaN,6.3830902101716,NaN,22.0316419465227,0,0.0134544574219468,2776.19350329783,-0,21.9427858429494,-21.9293313855274,14.9888476272829,6.94048375824458,NaN,4.75428773795883e-05,38662.0455462073,9.99628185119609
3975.5 sec,0.922519636537848,6.39200053601347,NaN,6.39200053601347,NaN,22.0913337444806,0,0.065908708699304,2776.19350329783,-0,21.9775792337655,-21.9116705250662,14.9711867668216,6.94048375824458,NaN,0.000232896025285024,39691.4420893632,9.99039097226985
4070.2 sec,0.920733350526427,6.40355709883327,NaN,6.40355709883327,NaN,22.1462224027311,0,0.116443313914345,2776.19350329783,-0,22.0226416608505,-21.9061983469361,14.9657145886916,6.94048375824458,NaN,0.000411465882382761,40637.8841596824,9.98856499159299
4157.2 sec,0.919088650650354,6.40102064062977,NaN,6.40102064062977,NaN,22.196709545069,0,0.0882050700596757,2776.19350329783,-0,22.0127574302585,-21.9245523601988,14.9840686019542,6.94048375824458,NaN,0.000311682790215286,41508.3677326531,9.99468812318298
4229.3 sec,0.917725878174831,6.38591263056456,NaN,6.38591263056456,NaN,22.2385183319011,0,0.0102810178900263,2776.19350329783,-0,21.9538116237125,-21.9435306058225,15.0030468475779,6.94048375824458,NaN,3.63291627119475e-05,42229.3204595229,10.0010155642908
4303.4 sec,0.916326470478319,6.38208221830923,NaN,6.38208221830923,NaN,22.2814981894954,0,-0.00367299512866026,2776.19350329783,-0,21.9388470685666,-21.9425200636952,15.0020363054506,6.94048375824458,NaN,-1.29789519964494e-05,42970.5212163845,10.0006787454488
4406.2 sec,0.914386830867328,6.38022133103411,NaN,6.38022133103411,NaN,22.3410651677119,0,-0.0136650497283668,2776.19350329783,-0,21.9315741042604,-21.9452391539888,15.0047553957442,6.94048375824458,NaN,-4.8287029587828e-05,43997.7031243501,10.0015850063025
4544.8 sec,0.911764246437671,6.32425294053809,NaN,6.32425294053809,NaN,22.4214529847665,0,-0.297489777972817,2776.19350329783,-0,21.7119278344014,-22.0094176123742,15.0689338541296,6.94048375824458,NaN,-0.00105121444828922,45383.9536817575,10.0229516125506
4599.4 sec,0.910738598773617,6.37019383916676,NaN,6.37019383916676,NaN,22.4531506695111,0,-0.0339112827647661,2776.19350329783,-0,21.8923505559264,-21.9262618386912,14.9857780804466,6.94048375824458,NaN,-0.000119829429586655,45930.7883917653,9.99525823593256
4654.1 sec,0.909706599794029,6.38731212316272,NaN,6.38731212316272,NaN,22.4848483542557,0,0.0261956331935558,2776.19350329783,-0,21.9592771266841,-21.9330814934905,14.992597735246,6.94048375824458,NaN,9.25652917649716e-05,46477.162142554,9.99753227393172
4739.3 sec,0.908097382297281,6.38653133821721,NaN,6.38653133821721,NaN,22.534264741758,0,0.0186453210285151,2776.19350329783,-0,21.9562280226501,-21.9375827016216,14.997098943377,6.94048375824458,NaN,6.58853927409795e-05,47329.2793908026,9.99903293436488
4835.5 sec,0.906281861971105,6.38846819639237,NaN,6.38846819639237,NaN,22.5900255009196,0,0.0247215794287001,2776.19350329783,-0,21.9637911874828,-21.9390696080541,14.9985858498095,6.94048375824458,NaN,8.73565527429775e-05,48290.79831507,9.99952860549254
4932.3 sec,0.904453428098784,6.39031070422353,NaN,6.39031070422353,NaN,22.6461783573687,0,0.0279176307422091,2776.19350329783,-0,21.9709840324224,-21.9430664016802,15.0025826434357,6.94048375824458,NaN,9.86501687493108e-05,49259.0586797385,10.0008608440926
4958.7 sec,0.903955182806023,6.38351516443153,NaN,6.38351516443153,NaN,22.6614699410856,3.67146690641574e-276,-0.00170418959029561,2776.19350329783,-1.01927025731644e-272,21.944446204401,-21.9461503939913,15.0056666357467,6.94048375824458,NaN,-6.02195050919203e-06,49522.7923413086,10.0018887002228
4985 sec,0.903457362654975,6.38091854350339,NaN,6.38091854350339,NaN,22.6767615248025,4.49614895944906e-125,-0.0098524130826867,2776.19350329783,-1.24821795310818e-121,21.934299264099,-21.9441516771817,15.0036679189371,6.94048375824458,NaN,-3.48146381822246e-05,49786.526363476,10.0012225649125
4997.8 sec,0.903215529446958,6.38073516196499,NaN,6.38073516196499,NaN,22.6841914758338,7.14630541514264e-52,-0.009250811005451,2776.19350329783,-1.98395266661011e-48,21.9335825154037,-21.9428333264091,15.0023495681646,6.94048375824458,NaN,-3.2688807842707e-05,49914.6628774667,10.0007831587213
5010.7 sec,0.902934507326699,10.6154851624869,NaN,10.6154851624869,NaN,22.6916214268652,0.03,-62.6763283050794,2774.94430991507,-83.2733127903372,38.3128817999378,-17.71589731468,10.7785365398924,6.93736077478766,NaN,-0.221474036281133,50038.5375130135,8.47684553745963
5021.2 sec,0.902449033758532,17.5151824693673,NaN,17.5151824693673,NaN,22.6977538090231,0.03,-30.3813639753455,2774.94430991507,-83.2733127903372,66.6954765751482,-13.8035277601565,6.86616698536885,6.93736077478766,NaN,-0.107356054339907,50118.0677746734,6.76568153027658
5044.4 sec,0.900667141579355,27.3273275631708,NaN,27.3273275631708,NaN,22.7111973232755,0.03,13.1921914178406,2774.94430991507,-83.2733127903372,109.391951969386,-12.926447761208,5.98908698642036,6.93736077478766,NaN,0.0466161301996004,50262.9412259299,6.31880103944852
5066.9 sec,0.898469051127987,29.8988080014783,NaN,29.8988080014783,NaN,22.7242493142209,0.03,22.5791570206648,2774.94430991507,-83.2733127903372,122.226926968304,-16.3744571573024,9.43709638251475,6.93736077478766,NaN,0.079786056018646,50421.9719974109,7.93183307208565
5094.9 sec,0.895706094842016,28.6317074066627,NaN,28.6317074066627,NaN,22.7404523076954,0.03,11.4868082752492,2774.94430991507,-83.2733127903372,115.724640890535,-20.9645198249483,14.0271590501606,6.93736077478766,NaN,0.0405899621356855,50670.5896799214,9.67028405310503
5120.5 sec,0.893310185638272,27.0973259814409,NaN,27.0973259814409,NaN,22.7553453518855,0.03,2.32960228115168,2774.94430991507,-83.2733127903372,108.308044839737,-22.705129768248,15.7677689934603,6.93736077478766,NaN,0.00823191839868169,50928.191260846,10.252729390577
5152.1 sec,0.890503305514813,26.255856904466,NaN,26.255856904466,NaN,22.7736294996153,0.03,-1.5174575059784,2774.94430991507,-83.2733127903372,104.41482642317,-22.658971138811,15.7216103640233,6.93736077478766,NaN,-0.00536211114821959,51252.2772287718,10.2377114513037
5188.8 sec,0.887283409964264,26.2290126478655,NaN,26.2290126478655,NaN,22.7949222212705,0.03,-1.06339470947768,2774.94430991507,-83.2733127903372,104.292359793222,-22.0824417123626,15.1450809375749,6.93736077478766,NaN,-0.00375762787701361,51624.4586923487,10.0482439386442
5234.3 sec,0.883276004137238,26.411342349906,NaN,26.411342349906,NaN,22.8212847861288,0.03,-0.0154201345221168,2774.94430991507,-83.2733127903372,105.126174524141,-21.8682818683258,14.9309210935382,6.93736077478766,NaN,-5.44888241695943e-05,52079.0196300574,9.9769471260963
5283.5 sec,0.878916611996053,26.448178383038,NaN,26.448178383038,NaN,22.8498426412029,0.03,0.106072474650048,2774.94430991507,-83.2733127903372,105.295209240233,-21.9158239752453,14.9784632004576,6.93736077478766,NaN,0.000374819325483214,52570.7123630574,9.99281848811356
5347.6 sec,0.873246546944159,26.4336443295891,NaN,26.4336443295891,NaN,22.8869899035818,0.03,0.0144035699132985,2774.94430991507,-83.2733127903372,105.228491163432,-21.9407748031816,15.003414028394,6.93736077478766,NaN,5.08966758554869e-05,53211.2252062738,10.0011379447187
5422.9 sec,0.866583337972148,26.4292940378531,NaN,26.4292940378531,NaN,22.9306554114719,0.03,-0.0065503252312169,2774.94430991507,-83.2733127903372,105.208527289067,-21.9417648239607,15.0044040491731,6.93736077478766,NaN,-2.3146329836845e-05,53964.2379955067,10.0014679086532
5516.8 sec,0.858267234403944,26.4245932776773,NaN,26.4245932776773,NaN,22.9851513102249,0.03,-0.0337526938266279,2774.94430991507,-83.2733127903372,105.186958181905,-21.9473980853945,15.0100373106068,6.93736077478766,NaN,-0.000119269037279243,54903.9772266084,10.0033452106806
5625.9 sec,0.848616192937897,26.3856258139596,NaN,26.3856258139596,NaN,23.0483822201231,0.03,-0.241056927662044,2774.94430991507,-83.2733127903372,105.008282179465,-21.9760263167895,15.0386655420019,6.93736077478766,NaN,-0.000851802461736024,55994.4961181621,10.0128802189986
5686.6 sec,0.843246994647643,26.4253642433011,NaN,26.4253642433011,NaN,23.0835918346456,0.03,-0.00795740875966544,2774.94430991507,-83.2733127903372,105.190495483063,-21.925140101485,14.9877793266973,6.93736077478766,NaN,-2.81184218029428e-05,56601.6848661694,9.99592561220064
5747.3 sec,0.837873990376584,26.4327854010039,NaN,26.4327854010039,NaN,23.118801449168,0.03,0.0179724855769479,2774.94430991507,-83.2733127903372,105.22454924549,-21.9332639695762,14.9959031947886,6.93736077478766,NaN,6.35078510559226e-05,57208.7052044029,9.99863430500672
5832.8 sec,0.830312303358809,26.4339971897798,NaN,26.4339971897798,NaN,23.1683553998511,0.03,0.0212992109713497,2774.94430991507,-83.2733127903372,105.230110590865,-21.935498589556,14.9981378147684,6.93736077478766,NaN,7.52632190013899e-05,58063.1935892145,9.99937925232307
5937.5 sec,0.821039803149577,26.4447410477256,NaN,26.4447410477256,NaN,23.2291196378464,0.03,0.0606185778890165,2774.94430991507,-83.2733127903372,105.279427484682,-21.9454961164558,15.0081353416682,6.93736077478766,NaN,0.000214202737808027,59110.8346108143,10.002711412968
6008.6 sec,0.814750249017385,26.4284188028485,NaN,26.4284188028485,NaN,23.2703339707504,0.03,-0.0173345242339735,2774.94430991507,-83.2733127903372,105.204511091241,-21.9485328251375,15.0111720503499,6.93736077478766,NaN,-6.12535410565858e-05,59821.6814751901,10.0037233236263
6079.7 sec,0.808461582614117,26.4266955312477,NaN,26.4266955312477,NaN,23.3115483036544,0.03,-0.0176469354816362,2774.94430991507,-83.2733127903372,105.196603826882,-21.940937972026,15.0035771972383,6.93736077478766,NaN,-6.23574822393348e-05,60532.4709224903,10.0011923279971
6177.9 sec,0.799772002297066,26.4197828736584,NaN,26.4197828736584,NaN,23.3684932869413,0.03,-0.0493741341063156,2774.94430991507,-83.2733127903372,105.16488930957,-21.9409506533387,15.003589878551,6.93736077478766,NaN,-0.000174469198565441,61514.5116469577,10.0011965545965
6257.4 sec,0.792735718223625,26.4252704671578,NaN,26.4252704671578,NaN,23.4146084474667,0.03,-0.0154829366255598,2774.94430991507,-83.2733127903372,105.19006522001,-21.9322353662985,14.9948745915108,6.93736077478766,NaN,-5.47107426468345e-05,62309.7492796575,9.99829138453527
6336.9 sec,0.785699113637028,26.4304178144126,NaN,26.4304178144126,NaN,23.4607236079921,0.03,0.0107159585452621,2774.94430991507,-83.2733127903372,105.213684135226,-21.9296553863438,14.9922946115561,6.93736077478766,NaN,3.78660756911019e-05,63104.9391900003,9.99743120725056
6425.8 sec,0.777836336742678,26.4359593333506,NaN,26.4359593333506,NaN,23.5122537214508,0.03,0.0406912003629714,2774.94430991507,-83.2733127903372,105.239116045188,-21.9251120544875,14.9877512796999,6.93736077478766,NaN,0.000143787050537567,63993.518156519,9.99591625938642
6523.9 sec,0.769150720262986,26.4572759301683,NaN,26.4572759301683,NaN,23.5691809757434,0.03,0.150768673020337,2774.94430991507,-83.2733127903372,105.336986932019,-21.912905468661,14.9755446938733,6.93736077478766,NaN,0.000532758498488151,64975.0727553001,9.99184490601321
6590.5 sec,0.763263120381306,26.4350248895595,NaN,26.4350248895595,NaN,23.6077506245878,0.03,0.0179153654463846,2774.94430991507,-83.2733127903372,105.234827251899,-21.9435990961154,15.0062383213277,6.93736077478766,NaN,6.3306010485314e-05,65640.142839083,10.0020792242839
6657 sec,0.757377613224622,26.4281767171859,NaN,26.4281767171859,NaN,23.6463202734323,0.03,-0.0113525008482327,2774.94430991507,-83.2733127903372,105.203400250527,-21.9414399610376,15.0040791862499,6.93736077478766,NaN,-4.0115371348888e-05,66305.3327418393,10.0013596363194
6745.2 sec,0.749573375920893,26.4256744767474,NaN,26.4256744767474,NaN,23.6974638580552,0.03,-0.0231629852251274,2774.94430991507,-83.2733127903372,105.191918903053,-21.9417690979407,15.004408323153,6.93736077478766,NaN,-8.18490803283616e-05,67187.2861423432,10.001469333104
6839.3 sec,0.741244271618556,26.4201320018325,NaN,26.4201320018325,NaN,23.7520473378248,0.03,-0.0467586929312773,2774.94430991507,-83.2733127903372,105.166490904935,-21.9399368075292,15.0025760327416,6.93736077478766,NaN,-0.000165227235461411,68128.6062565924,10.0008586407173
6933.4 sec,0.7329159099618,26.4152373265425,NaN,26.4152373265425,NaN,23.8066308175945,0.03,-0.0532937425680302,2774.94430991507,-83.2733127903372,105.144038621391,-21.9240195736215,14.9866587988338,6.93736077478766,NaN,-0.000188319587223056,69070.0372929615,9.99555194368436
7014.7 sec,0.725719636428841,26.4298930637689,NaN,26.4298930637689,NaN,23.8537970473976,0.03,0.0256869605823908,2774.94430991507,-83.2733127903372,105.211276108404,-21.9122763574845,14.9749155826968,6.93736077478766,NaN,9.07678384139712e-05,69883.3334055584,9.99163502892855
7086 sec,0.719409754417419,26.4364537131452,NaN,26.4364537131452,NaN,23.8951437979758,0.03,0.0404482953361622,2774.94430991507,-83.2733127903372,105.241385139252,-21.9276240535782,14.9902632787905,6.93736077478766,NaN,0.000142928717604301,70596.1322062313,9.99675389940506
7165.6 sec,0.712368936173527,26.4358732714211,NaN,26.4358732714211,NaN,23.9412822963464,0.03,0.0305613001828249,2774.94430991507,-83.2733127903372,105.23872104355,-21.9348469530301,14.9974861782424,6.93736077478766,NaN,0.000107991879686115,71391.7001298002,9.99916202430397
7255.6 sec,0.704402051471651,26.4373073596865,NaN,26.4373073596865,NaN,23.9934898349247,0.03,0.029599188806543,2774.94430991507,-83.2733127903372,105.24530327211,-21.942391292966,15.0050305181783,6.93736077478766,NaN,0.00010459214815079,72291.9010964799,10.0016766988268
7345.4 sec,0.696457653572736,26.4322707730918,NaN,26.4322707730918,NaN,24.0455461562178,0.03,-0.00980924116203141,2774.94430991507,-83.2733127903372,105.222187493075,-21.9586839438997,15.0213231691121,6.93736077478766,NaN,-3.46620852203632e-05,73189.4863004457,10.0071051988448
7426.8 sec,0.689257212800474,26.4208118527408,NaN,26.4208118527408,NaN,24.0927313682334,0.03,-0.0635618491555761,2774.94430991507,-83.2733127903372,105.169609712944,-21.9598587717627,15.022497996975,6.93736077478766,NaN,-0.000224603126358267,74003.2631870685,10.0074965224326
7503.5 sec,0.682463603492258,26.4201381943911,NaN,26.4201381943911,NaN,24.1372572555402,0.03,-0.0521696069133526,2774.94430991507,-83.2733127903372,105.166519312935,-21.9453761295116,15.008015354724,6.93736077478766,NaN,-0.000184347324209225,74771.2046566137,10.0026714280816
7588.4 sec,0.67495416803057,26.4199677988283,NaN,26.4199677988283,NaN,24.1864722956348,0.03,-0.0441132499844059,2774.94430991507,-83.2733127903372,105.165737635646,-21.936538095293,14.9991773205054,6.93736077478766,NaN,-0.000155879257635665,75619.9548803548,9.99972576974168
7671.5 sec,0.667599665990372,26.4255836539984,NaN,26.4255836539984,NaN,24.2346732755249,0.03,-0.00854431859335136,2774.94430991507,-83.2733127903372,105.191502186601,-21.9267337148574,14.9893729400697,6.93736077478766,NaN,-3.01923354050097e-05,76451.168643705,9.9964570190542
7754.5 sec,0.66026032258121,26.4330376012846,NaN,26.4330376012846,NaN,24.2827735648574,0.03,0.0304817086383338,2774.94430991507,-83.2733127903372,105.225706668002,-21.9219121690261,14.9845513942384,6.93736077478766,NaN,0.000107710633782135,77280.5861744662,9.99484913817727
7837 sec,0.652961259586623,26.4387165332087,NaN,26.4387165332087,NaN,24.3306070088363,0.03,0.0539545934918095,2774.94430991507,-83.2733127903372,105.251771438487,-21.9245040546582,14.9871432798706,6.93736077478766,NaN,0.000190654780196663,78105.3581096783,9.9957135079228
7928.9 sec,0.644822017162302,26.4512673789506,NaN,26.4512673789506,NaN,24.3839478077271,0.03,0.110608089713153,2774.94430991507,-83.2733127903372,105.309393147357,-21.9254722673065,14.9881114925188,6.93736077478766,NaN,0.000390846444528124,79025.0448917124,9.99603637865823
8012.6 sec,0.637414273603491,26.447295814269,NaN,26.447295814269,NaN,24.4324853776005,0.03,0.0715128925210138,2774.94430991507,-83.2733127903372,105.291156958413,-21.9463312755543,15.0089705007667,6.93736077478766,NaN,0.000252699055306407,79861.9032079957,10.0029897200009
8083.3 sec,0.63116134401709,26.4282208113407,NaN,26.4282208113407,NaN,24.4734590804765,0.03,-0.0196805625314909,2774.94430991507,-83.2733127903372,105.203602581497,-21.949970353691,15.0126095789034,6.93736077478766,NaN,-6.95435380151213e-05,80568.6231063178,10.0042023099973
8155.5 sec,0.624773982919178,26.4261074471161,NaN,26.4261074471161,NaN,24.5153203219187,0.03,-0.0212551764655728,2774.94430991507,-83.2733127903372,105.19390549068,-21.9418478768087,15.004487102021,6.93736077478766,NaN,-7.51076179954954e-05,81290.576279516,10.0014955888344
8251 sec,0.616319098514494,26.4196098405956,NaN,26.4196098405956,NaN,24.5707274445894,0.03,-0.0506893039955969,2774.94430991507,-83.2733127903372,105.164095541882,-21.9414720555406,15.004111280753,6.93736077478766,NaN,-0.000179116503084569,82246.0968868738,10.001370333027
8350.6 sec,0.607509650448539,26.4052645764626,NaN,26.4052645764626,NaN,24.6284631559648,0.03,-0.0975364334950513,2774.94430991507,-83.2733127903372,105.098303543958,-21.9225271871154,14.9851664123277,6.93736077478766,NaN,-0.000344656239361498,83242.0054327091,9.99505424775265
8430.4 sec,0.600451759980158,26.4276409572816,NaN,26.4276409572816,NaN,24.6747253081098,0.03,0.0216107450709302,2774.94430991507,-83.2733127903372,105.20094187871,-21.9060183433019,14.9686575685142,6.93736077478766,NaN,7.63640606802046e-05,84039.6739835134,9.98954705963997
8496.6 sec,0.594593833146752,26.436999715055,NaN,26.436999715055,NaN,24.7131082145084,0.03,0.0421459263084785,2774.94430991507,-83.2733127903372,105.243891208662,-21.9284324920164,14.9910717172287,6.93736077478766,NaN,0.000148927492480274,84701.2766897534,9.9970234627542
8572 sec,0.587916899796161,26.4339285008421,NaN,26.4339285008421,NaN,24.7568612369679,0.03,0.0195402241831601,2774.94430991507,-83.2733127903372,105.229795346412,-21.9369423318917,14.9995815571041,6.93736077478766,NaN,6.90476362721452e-05,85455.7231312352,9.99986051806193
8661.2 sec,0.580026113289997,26.4335583453605,NaN,26.4335583453605,NaN,24.808570385579,0.03,0.0118790485799281,2774.94430991507,-83.2733127903372,105.228096547472,-21.9429047085548,15.0055439337671,6.93736077478766,NaN,4.19759885003205e-05,86347.3609797639,10.0018478072028
8758.1 sec,0.571451244923368,26.4283372488741,NaN,26.4283372488741,NaN,24.8647567266862,0.03,-0.0333350458099488,2774.94430991507,-83.2733127903372,105.204136869603,-21.9641591250757,15.0267983502881,6.93736077478766,NaN,-0.000117793229833272,87316.1256784321,10.0089287972583
8844.7 sec,0.56378457402455,26.4114089673982,NaN,26.4114089673982,NaN,24.9149935193485,0.03,-0.12109980828896,2774.94430991507,-83.2733127903372,105.126480043005,-21.9742670609565,15.0369062861688,6.93736077478766,NaN,-0.000427920142419285,88182.5050200437,10.0122945376069
8921 sec,0.557036841997327,26.4140554193825,NaN,26.4140554193825,NaN,24.9592234553344,0.03,-0.081814776027727,2774.94430991507,-83.2733127903372,105.138617636198,-21.947119621889,15.0097588471013,6.93736077478766,NaN,-0.000289101949081933,88945.4152649815,10.0032524201219
8994.7 sec,0.550514208791209,26.4250662683156,NaN,26.4250662683156,NaN,25.0019751938607,0.03,-0.0169610826912674,2774.94430991507,-83.2733127903372,105.189128320766,-21.9327766131203,14.9954158383327,6.93736077478766,NaN,-5.99339422859686e-05,89682.6449685995,9.99847182934562
9071.7 sec,0.543700609996355,26.4303273251593,NaN,26.4303273251593,NaN,25.0466285998878,0.03,0.00881386861364319,2774.94430991507,-83.2733127903372,105.213268886521,-21.9311422275703,14.9937814527826,6.93736077478766,NaN,3.11448214964589e-05,90452.6190465729,9.99792693604783
9161.3 sec,0.535772749597676,26.4350578704973,NaN,26.4350578704973,NaN,25.0985849785461,0.03,0.0347066621335159,2774.94430991507,-83.2733127903372,105.234978621556,-21.9269591690856,14.989598394298,6.93736077478766,NaN,0.000122639994339496,91348.5537276231,9.99653219681638
9263.7 sec,0.526707325492368,26.4608082917047,NaN,26.4608082917047,NaN,25.1580036134269,0.03,0.170123356965931,2774.94430991507,-83.2733127903372,105.353211484523,-21.9097753372194,14.9724145624317,6.93736077478766,NaN,0.000601150506927305,92373.0674035629,9.99080062271679
9328.3 sec,0.520988968620986,26.4346741673283,NaN,26.4346741673283,NaN,25.1954620551223,0.03,0.0150272075788962,2774.94430991507,-83.2733127903372,105.233217583728,-21.9448775858124,15.0075168110247,6.93736077478766,NaN,5.31003714884628e-05,93018.977661186,10.002505289851
9392.9 sec,0.515273100098153,26.4278240302734,NaN,26.4278240302734,NaN,25.2329204968178,0.03,-0.0127999999209294,2774.94430991507,-83.2733127903372,105.201781917218,-21.9412691268021,15.0039083520144,6.93736077478766,NaN,-4.52302763028426e-05,93665.0177603817,10.0013026991536
9480.9 sec,0.507491231900602,26.4256084813068,NaN,26.4256084813068,NaN,25.2839177620743,0.03,-0.0226144384544114,2774.94430991507,-83.2733127903372,105.191616100045,-21.9409177481626,15.0035569733749,6.93736077478766,NaN,-7.99107270347847e-05,94544.4508011353,10.0011855875108
9595.6 sec,0.497340508875954,26.3971506520016,NaN,26.3971506520016,NaN,25.3504353763172,0.03,-0.151343179017175,2774.94430991507,-83.2733127903372,105.061103680001,-21.9391340686809,15.0017732938932,6.93736077478766,NaN,-0.000534788581701832,95691.7944803203,10.0005910804956
9659.4 sec,0.491694093339165,26.4313060948268,NaN,26.4313060948268,NaN,25.3874488860672,0.03,0.021077944389944,2774.94430991507,-83.2733127903372,105.217760454087,-21.9233697193596,14.9860089445719,6.93736077478766,NaN,7.44813480111254e-05,96329.8533518457,9.99533522685189
9723.2 sec,0.486045505883646,26.4327844669215,NaN,26.4327844669215,NaN,25.4244623958172,0.03,0.0161971727574581,2774.94430991507,-83.2733127903372,105.224544958729,-21.9350349956345,14.9976742208468,6.93736077478766,NaN,5.72345784117405e-05,96968.0103606528,9.99922471022856
9819.3 sec,0.477548321154631,26.4369004055361,NaN,26.4369004055361,NaN,25.4801472491301,0.03,0.0323260742367921,2774.94430991507,-83.2733127903372,105.243435389137,-21.9377965245629,15.0004357497753,6.93736077478766,NaN,0.000114227912386592,97928.1879354257,10.0001452488702
9921.9 sec,0.46846589218562,26.4449884229257,NaN,26.4449884229257,NaN,25.5396593401689,0.03,0.0413778906172695,2774.94430991507,-83.2733127903372,105.280563194769,-21.9658725138142,15.0285117390265,6.93736077478766,NaN,0.000146213549766335,98954.1126706056,10.0094994010778
9987.5 sec,0.462663896562761,26.4225600211558,NaN,26.4225600211558,NaN,25.5776837029136,0.03,-0.0470337699097314,2774.94430991507,-83.2733127903372,105.177629723705,-21.9513507032778,15.0139899284901,6.93736077478766,NaN,-0.000166199251697105,99610.1582830628,10.0046622226807
10053 sec,0.456862461351164,26.4268392886536,NaN,26.4268392886536,NaN,25.6157080656584,0.03,-0.0135274408273176,2774.94430991507,-83.2733127903372,105.19726344407,-21.9374780945599,15.0001173197723,6.93736077478766,NaN,-4.78007726616847e-05,100265.931467272,10.0000391065143
10143 sec,0.448928309589802,26.4271330104442,NaN,26.4271330104442,NaN,25.6677050726579,0.03,-0.00777222534836142,2774.94430991507,-83.2733127903372,105.198611167626,-21.9330706026368,14.9957098278491,6.93736077478766,NaN,-2.74640548567143e-05,101162.612983701,9.99856984034855
10247 sec,0.439732216603458,26.4316017077766,NaN,26.4316017077766,NaN,25.72798048673,0.03,0.0394876211582016,2774.94430991507,-83.2733127903372,105.219117047411,-21.9063166359153,14.9689558611277,6.93736077478766,NaN,0.000139534064575037,102202.193755804,9.9896465940585
10338 sec,0.431668599524367,26.4576171666436,NaN,26.4576171666436,NaN,25.7808386852763,0.03,0.187854373574766,2774.94430991507,-83.2733127903372,105.338554191519,-21.8773870276069,14.9400262528192,6.93736077478766,NaN,0.000663805099529025,103113.673344589,9.97998872839018
10411 sec,0.425201340260205,26.450635209674,NaN,26.450635209674,NaN,25.8232032094589,0.03,0.10791081084065,2774.94430991507,-83.2733127903372,105.306490268423,-21.925266667245,14.9879058924573,6.93736077478766,NaN,0.00038131529847947,103843.886775719,9.99596781789448
10479 sec,0.419195008160864,26.4327290699929,NaN,26.4327290699929,NaN,25.8625558416654,0.03,0.00719162669670936,2774.94430991507,-83.2733127903372,105.224290726978,-21.9437863099443,15.0064255351566,6.93736077478766,NaN,2.54124425444094e-05,104522.516859259,10.0021416157263
10552 sec,0.412687323422854,26.4281894648164,NaN,26.4281894648164,NaN,25.9052030063488,0.03,-0.0120455720122266,2774.94430991507,-83.2733127903372,105.20345874437,-21.942191526045,15.0048307512573,6.93736077478766,NaN,-4.25644182581554e-05,105257.992545882,10.0016101207947
10644 sec,0.404551035255518,26.4237371839348,NaN,26.4237371839348,NaN,25.9585215261203,0.03,-0.035210816050764,2774.94430991507,-83.2733127903372,105.183030402271,-21.9449284279841,15.0075676531965,6.93736077478766,NaN,-0.000124421480364274,106177.450442157,10.0025222329825
10732 sec,0.396791436349716,26.4202840238068,NaN,26.4202840238068,NaN,26.0093738479369,0.03,-0.0471090300929404,2774.94430991507,-83.2733127903372,105.167188298073,-21.9409845378284,15.0036237630407,6.93736077478766,NaN,-0.000166465192236338,107054.426354585,10.0012078480687
10820 sec,0.389032272788929,26.4204608984124,NaN,26.4204608984124,NaN,26.0602261697535,0.03,-0.0355647166319244,2774.94430991507,-83.2733127903372,105.167999705776,-21.9302516320704,14.9928908572827,6.93736077478766,NaN,-0.000125672028893063,107931.422553121,9.99763000491708
10902 sec,0.381709287971023,26.4289589226024,NaN,26.4289589226024,NaN,26.1082209466217,0.03,0.0127615434219592,2774.94430991507,-83.2733127903372,105.206989529981,-21.9209151962223,14.9835544214346,6.93736077478766,NaN,4.50943858274672e-05,108759.047800354,9.99451663711478
10981 sec,0.374749761621457,26.4357980804968,NaN,26.4357980804968,NaN,26.1538291603047,0.03,0.0405783245683438,2774.94430991507,-83.2733127903372,105.238375937754,-21.924484822848,14.9871240480603,6.93736077478766,NaN,0.000143388190896125,109545.427624877,9.99570709456825
11064 sec,0.367392841821394,26.4392200464049,NaN,26.4392200464049,NaN,26.202040603378,0.03,0.0514617352439899,2774.94430991507,-83.2733127903372,105.254082655723,-21.929308130142,14.9919473553543,6.93736077478766,NaN,0.00018184597800688,110376.72182951,9.9973154247709
11156 sec,0.359280775629466,26.4469370598939,NaN,26.4469370598939,NaN,26.2552003017035,0.03,0.0791751982637834,2774.94430991507,-83.2733127903372,105.289509783717,-21.9370217951164,14.9996610203287,6.93736077478766,NaN,0.000279774696556658,111293.27779448,9.99988700613786
11238 sec,0.351996600069587,26.4373823473983,NaN,26.4373823473983,NaN,26.3029289683861,0.03,0.0185867901266192,2774.94430991507,-83.2733127903372,105.245647461651,-21.953747881187,15.0163871063993,6.93736077478766,NaN,6.56785670471233e-05,112116.277526054,10.0054608777405
11312 sec,0.345439493536775,26.4256688788701,NaN,26.4256688788701,NaN,26.3458996376506,0.03,-0.0317226405434496,2774.94430991507,-83.2733127903372,105.191893218641,-21.9503030688469,15.0129422940592,6.93736077478766,NaN,-0.00011209560982027,112857.418940193,10.0043131678489
11388 sec,0.338709527079466,26.424675927264,NaN,26.424675927264,NaN,26.3900061990699,0.03,-0.0283152556962989,2774.94430991507,-83.2733127903372,105.187337386032,-21.9423398513907,15.004979076603,6.93736077478766,NaN,-0.000100055222393802,113618.078368645,10.0016595544949
11487 sec,0.329953683475776,26.4137856260684,NaN,26.4137856260684,NaN,26.4473854800871,0.03,-0.0762201789725339,2774.94430991507,-83.2733127903372,105.137380219145,-21.9402876077805,15.0029268329929,6.93736077478766,NaN,-0.000269332795005947,114607.665199712,10.0009755634114
11561 sec,0.323427278958259,26.4269996599667,NaN,26.4269996599667,NaN,26.4901611160481,0.03,-0.00466823029722718,2774.94430991507,-83.2733127903372,105.197999295811,-21.9293547357708,14.9919939609832,6.93736077478766,NaN,-1.64957302729073e-05,115345.256564266,9.9973309641401
11635 sec,0.316899988749782,26.4317938085368,NaN,26.4317938085368,NaN,26.5329367520092,0.03,0.0148454660279782,2774.94430991507,-83.2733127903372,105.219998621242,-21.9318403648773,14.9944795900897,6.93736077478766,NaN,5.24581667529544e-05,116082.820294444,9.99815969402692
11725 sec,0.30892508780595,26.4360547611564,NaN,26.4360547611564,NaN,26.585200450137,0.03,0.0360750360986657,2774.94430991507,-83.2733127903372,105.239554034967,-21.9301662085311,14.9928054337434,6.93736077478766,NaN,0.00012747530159822,116984.038241116,9.99760152361336
11812 sec,0.301231340857814,26.4388491310166,NaN,26.4388491310166,NaN,26.6356192008896,0.03,0.0442695788049718,2774.94430991507,-83.2733127903372,105.252380083054,-21.9347977139116,14.997436939124,6.93736077478766,NaN,0.000156431663556913,117853.403622536,9.99914560987553
11899 sec,0.29353719191965,26.4377229082661,NaN,26.4377229082661,NaN,26.6860379516423,0.03,0.0284992239516981,2774.94430991507,-83.2733127903372,105.247210627701,-21.9453986134124,15.0080378386247,6.93736077478766,NaN,0.000100705295446463,118722.758479268,10.0026789207108
11982 sec,0.286159207387125,26.4293232288682,NaN,26.4293232288682,NaN,26.7343842700336,0.03,-0.0193107918765207,2774.94430991507,-83.2733127903372,105.208661240123,-21.9546592416628,15.0172984668751,6.93736077478766,NaN,-6.82369107497855e-05,119556.459788653,10.0057644941554
12061 sec,0.279148429335894,26.4226537991854,NaN,26.4226537991854,NaN,26.7803289529236,0.03,-0.0458831305803784,2774.94430991507,-83.2733127903372,105.178059958432,-21.9506302986747,15.013269523887,6.93736077478766,NaN,-0.000162133334891399,120348.840166264,10.0044221968378
12146 sec,0.271692114235304,26.4188860344344,NaN,26.4188860344344,NaN,26.8291941303626,0.03,-0.0579472255535904,2774.94430991507,-83.2733127903372,105.16077521835,-21.9454096535665,15.0080488787788,6.93736077478766,NaN,-0.000204763206168968,121191.563104276,10.0026825997759
12234 sec,0.263851068354198,26.4155362383357,NaN,26.4155362383357,NaN,26.8805822722352,0.03,-0.0630815732458814,2774.94430991507,-83.2733127903372,105.145409654947,-21.9351784378556,14.9978176630679,6.93736077478766,NaN,-0.000222906016027698,122077.83017307,9.9992725278952
12315 sec,0.256722772673787,26.4256868043282,NaN,26.4256868043282,NaN,26.9273021735161,0.03,-0.00477706803589228,2774.94430991507,-83.2733127903372,105.191975464968,-21.923439742667,14.9860789678793,6.93736077478766,NaN,-1.6880320977783e-05,122883.474676918,9.99535857882024
12392 sec,0.249916046566638,26.4336661988173,NaN,26.4336661988173,NaN,26.9719096696549,0.03,0.0296390812942633,2774.94430991507,-83.2733127903372,105.228591530207,-21.9256396585758,14.9882788837881,6.93736077478766,NaN,0.000104733112858067,123652.59792859,9.99609219771677
12473 sec,0.242748978388876,26.4364338898213,NaN,26.4364338898213,NaN,27.0188770205648,0.03,0.0379257860354585,2774.94430991507,-83.2733127903372,105.24129415387,-21.9300555774969,14.9926948027092,6.93736077478766,NaN,0.000134015139998667,124462.448676799,9.99756463768693
12573 sec,0.233887205088765,26.454302643448,NaN,26.454302643448,NaN,27.0769539798164,0.03,0.120038729500692,2774.94430991507,-83.2733127903372,105.323331692842,-21.9299801730041,14.9926193982164,6.93736077478766,NaN,0.000424170698117024,125463.762361605,9.99753949670165
12641 sec,0.227855392897766,26.4317177766028,NaN,26.4317177766028,NaN,27.1164734071019,0.03,-0.000659900420927784,2774.94430991507,-83.2733127903372,105.219649700852,-21.9469968109358,15.0096360361481,6.93736077478766,NaN,-2.33183426213323e-06,126145.328028067,10.0032114963639
12709 sec,0.221825205578557,26.4274153829994,NaN,26.4274153829994,NaN,27.1559928343874,0.03,-0.0145968163053283,2774.94430991507,-83.2733127903372,105.199906827728,-21.9411908536966,15.0038300789089,6.93736077478766,NaN,-5.15795342742391e-05,126826.90104191,10.0012766114828
12800 sec,0.213752323198902,26.4241489433327,NaN,26.4241489433327,NaN,27.2088969541148,0.03,-0.0295421246782155,2774.94430991507,-83.2733127903372,105.184919551515,-21.9411488858565,15.0037881110688,6.93736077478766,NaN,-0.000104390505470542,127739.224227582,10.0012626239786
12910 sec,0.204036856034872,26.3995497709634,NaN,26.3995497709634,NaN,27.2725651806669,0.03,-0.133456513487474,2774.94430991507,-83.2733127903372,105.072101915217,-21.9322456383676,14.9948848635799,6.93736077478766,NaN,-0.000471583985682883,128837.453190501,9.99829480914285
12976 sec,0.198248110622351,26.4321070149427,NaN,26.4321070149427,NaN,27.3105091317209,0.03,0.0255766660798997,2774.94430991507,-83.2733127903372,105.221435975148,-21.9225465187307,14.9851857439431,6.93736077478766,NaN,9.0378100066067e-05,129491.522233177,9.9950606948109
13041 sec,0.192457498300262,26.4330486319775,NaN,26.4330486319775,NaN,27.3484530827749,0.03,0.0175914715282204,2774.94430991507,-83.2733127903372,105.225757291369,-21.9348530295041,14.9974922547164,6.93736077478766,NaN,6.21614939617299e-05,130145.723995385,9.99916404996485
13138 sec,0.183906262649157,26.4378415585972,NaN,26.4378415585972,NaN,27.40449214695,0.03,0.0365389854315623,2774.94430991507,-83.2733127903372,105.247755233833,-21.937903458064,15.0005426832763,6.93736077478766,NaN,0.000129114720086272,131112.000481987,10.0001808927893
13238 sec,0.174985069022582,26.4449476811891,NaN,26.4449476811891,NaN,27.4629473373797,0.03,0.0407457445566877,2774.94430991507,-83.2733127903372,105.280376147195,-21.9663176123013,15.0289568375137,6.93736077478766,NaN,0.000143979788738172,132119.70679714,10.0096476253375
13304 sec,0.169167506924268,26.4224673055215,NaN,26.4224673055215,NaN,27.5010737889005,0.03,-0.0476709065767977,2774.94430991507,-83.2733127903372,105.177204364283,-21.9515624805228,15.0142017057352,6.93736077478766,NaN,-0.000168450647608988,132777.515312066,10.0047327819505
13370 sec,0.163350502872414,26.4267673045099,NaN,26.4267673045099,NaN,27.5392002404212,0.03,-0.0139016304589461,2774.94430991507,-83.2733127903372,105.196933151353,-21.9375219914748,15.0001612166871,6.93736077478766,NaN,-4.91230148908071e-05,133435.05012824,10.0000537387513
13459 sec,0.155438281632739,26.4270930392769,NaN,26.4270930392769,NaN,27.5910535345265,0.03,-0.00799486992295328,2774.94430991507,-83.2733127903372,105.19842776164,-21.9331098412257,14.995749066438,6.93736077478766,NaN,-2.82507951448649e-05,134329.253146839,9.99858292174046
13563 sec,0.146280428464032,26.4313870760735,NaN,26.4313870760735,NaN,27.6510780307686,0.03,0.0376297922009599,2774.94430991507,-83.2733127903372,105.218132082795,-21.9071895002567,14.969828725469,6.93736077478766,NaN,0.000132969211639213,135364.501829529,9.98993784614267
13654 sec,0.138213638827788,26.4567354960477,NaN,26.4567354960477,NaN,27.7039567696515,0.03,0.182531915580967,2774.94430991507,-83.2733127903372,105.334504815758,-21.8786601098402,14.9412993350525,6.93736077478766,NaN,0.000644997580219891,136276.338941982,9.98041393097919
13727 sec,0.131721344501513,26.4505644835407,NaN,26.4505644835407,NaN,27.7464860657407,0.03,0.107985341691062,2774.94430991507,-83.2733127903372,105.306165502397,-21.924867370369,14.9875065955813,6.93736077478766,NaN,0.000381578661837131,137009.399585243,9.99583466435939
13796 sec,0.125677968965639,26.4330113911869,NaN,26.4330113911869,NaN,27.7860814264179,0.03,0.00865565122944645,2774.94430991507,-83.2733127903372,105.225586381504,-21.9436179399376,15.0062571651499,6.93736077478766,NaN,3.05857421177606e-05,137692.20987491,10.0020855042502
13869 sec,0.119173687810437,26.4282719546886,NaN,26.4282719546886,NaN,27.8287061734346,0.03,-0.0117400175961393,2774.94430991507,-83.2733127903372,105.203837258872,-21.9422644861312,15.0049037113435,6.93736077478766,NaN,-4.14847064807684e-05,138427.298974026,10.0016344368787
13961 sec,0.111082113592968,26.4239650421608,NaN,26.4239650421608,NaN,27.8817317100965,0.03,-0.0341774339694325,2774.94430991507,-83.2733127903372,105.184075811163,-21.9449404547956,15.0075796800079,6.93736077478766,NaN,-0.000120769905571011,139341.703659722,10.002526240908
14049 sec,0.103235881511762,26.4197147629735,NaN,26.4197147629735,NaN,27.9331514077335,0.03,-0.0504397439250965,2774.94430991507,-83.2733127903372,105.164576859745,-21.9417038133331,15.0043430385454,6.93736077478766,NaN,-0.000178234653786708,140228.465602683,10.0014475747415
14138 sec,0.0953901491552145,26.4187273913088,NaN,26.4187273913088,NaN,27.9845711053704,0.03,-0.0434881168956451,2774.94430991507,-83.2733127903372,105.160047483312,-21.9302228098709,14.9928620350832,6.93736077478766,NaN,-0.000153670277752433,141115.263629402,9.99762039523513
14220 sec,0.0881637995107225,26.4285230001566,NaN,26.4285230001566,NaN,28.031932890239,0.03,0.0110989873230238,2774.94430991507,-83.2733127903372,105.204989216434,-21.9205774387739,14.9832166639862,6.93736077478766,NaN,3.92195520627523e-05,141931.963024745,9.99440398889506
14297 sec,0.0813550799005213,26.4352982607233,NaN,26.4352982607233,NaN,28.0765522588918,0.03,0.0370562544345745,2774.94430991507,-83.2733127903372,105.236081923378,-21.9257128786067,14.988352103819,6.93736077478766,NaN,0.000130942549779527,142701.278574822,9.9961166139053
14379 sec,0.074047471165849,26.4379878663381,NaN,26.4379878663381,NaN,28.1244404473414,0.03,0.0445755602704025,2774.94430991507,-83.2733127903372,105.248426790403,-21.9305384397951,14.9931776650075,6.93736077478766,NaN,0.000157512884362419,143527.00581273,9.99772562969781
14472 sec,0.0657921785359724,26.4463780718885,NaN,26.4463780718885,NaN,28.1785392080044,0.03,0.0763074122509977,2774.94430991507,-83.2733127903372,105.286943299223,-21.9373230966348,14.9999623218471,6.93736077478766,NaN,0.000269641043858455,144459.756185667,9.99998744060781
14557 sec,0.0583228650945814,26.4387400867102,NaN,26.4387400867102,NaN,28.2274808106053,0.03,0.0226948556369848,2774.94430991507,-83.2733127903372,105.251879552596,-21.9558719066216,15.0185111318339,6.93736077478766,NaN,8.01948904261723e-05,145303.637702252,10.0061684747739
14631 sec,0.0517576172009268,26.4251620107071,NaN,26.4251620107071,NaN,28.2705046102814,0.03,-0.0360747234710459,2774.94430991507,-83.2733127903372,105.189567602507,-21.9523295356407,15.0149687608531,6.93736077478766,NaN,-0.000127474196892462,146045.714765415,10.0049883427728
14705 sec,0.045217334050065,26.4246894800378,NaN,26.4246894800378,NaN,28.3133690049996,0.03,-0.0278918447841789,2774.94430991507,-83.2733127903372,105.187399567456,-21.9419786219032,15.0046178471156,6.93736077478766,NaN,-9.8559051091995e-05,146784.968685459,10.0015391639206
14801 sec,0.0366752793365231,26.4166717295324,NaN,26.4166717295324,NaN,28.3693481110338,0.03,-0.0614239208534286,2774.94430991507,-83.2733127903372,105.150617987001,-21.9387291175171,15.0013683427294,6.93736077478766,NaN,-0.000217048510075521,147750.391845154,10.0004561038416
14894 sec,0.0284703444136715,26.4139655833166,NaN,26.4139655833166,NaN,28.4231253441095,0.03,-0.0512252917342124,2774.94430991507,-83.2733127903372,105.138205598588,-21.9161180999846,14.978757325197,6.93736077478766,NaN,-0.000181010477589434,148677.95372269,9.99291659967098
14971 sec,0.0216905702809319,26.4334786387136,NaN,26.4334786387136,NaN,28.4675596536509,0.03,0.0407360911971466,2774.94430991507,-83.2733127903372,105.227730742751,-21.9136818612171,14.9763210864294,6.93736077478766,NaN,0.000143945677478641,149444.013828001,9.99210391139905
15039 sec,0.0156144222759947,26.4356165739696,NaN,26.4356165739696,NaN,28.5073730200083,0.03,0.0324468022147073,2774.94430991507,-83.2733127903372,105.237542876185,-21.9317832836334,14.9944225088458,6.93736077478766,NaN,0.000114654518623492,150130.391897055,9.9981406634253
15126 sec,0.00794208269113055,26.4373260384451,NaN,26.4373260384451,NaN,28.5576512411108,0.03,0.0353942814057291,2774.94430991507,-83.2733127903372,105.245389006601,-21.9366819348583,14.9993211600707,6.93736077478766,NaN,0.000125069776360237,150997.342579417,9.99977371746337
15216 sec,4.7914347386832e-15,26.4389372344308,NaN,26.4389372344308,NaN,28.6096947187832,0.03,0.0307127568513295,2774.94430991507,-83.2733127903372,105.252784492784,-21.9487589455956,15.011398170808,6.93736077478766,NaN,0.000108527069296012,151894.67491608,10.0037986687751
15216 sec,-9.86762112349711e-15,26.4389372344307,NaN,26.4389372344307,NaN,28.6096947187833,0.03,0.0307127568509173,2774.94430991507,-83.2733127903372,105.252784492784,-21.9487589455957,15.011398170808,6.93736077478766,NaN,0.000108527069294556,151894.674916081,10.0037986687751
